Unique_ID,date,site,visit_number,surveyor,survery_start,survey_end,temp,start_sky,end_sky,bee_species,sex,flower_species,marked?,gps_point,notes
Nachusa2020_0001,6/16/2020,holland_prairie_east,1,CRD,9:18:00 AM,9:50:00 AM,71,1,1,bimaculatus,Female,PENDIG,No,na,
Nachusa2020_0002,6/16/2020,holland_prairie_east,1,CRD,9:18:00 AM,9:50:00 AM,71,1,1,griseocollis,Female,TRIPRA,No,na,
Nachusa2020_0003,6/16/2020,holland_prairie_east,1,CRD,9:18:00 AM,9:50:00 AM,71,1,1,griseocollis,Female,TRIREP,No,na,
Nachusa2020_0004,6/16/2020,holland_prairie_east,1,CRD,9:18:00 AM,9:50:00 AM,71,1,1,griseocollis,Female,TRIPRA,No,na,
Nachusa2020_0005,6/16/2020,holland_prairie_east,1,CRD,9:18:00 AM,9:50:00 AM,71,1,1,impatiens,Female,PENDIG,No,na,
Nachusa2020_0006,6/16/2020,holland_prairie_east,1,CRD,9:18:00 AM,9:50:00 AM,71,1,1,griseocollis,Female,PENDIG,No,na,
Nachusa2020_0007,6/16/2020,holland_prairie_east,1,CRD,9:18:00 AM,9:50:00 AM,71,1,1,fervidus,Female,PENDIG,No,na,
Nachusa2020_0008,6/16/2020,holland_prairie_east,1,CRD,9:18:00 AM,9:50:00 AM,71,1,1,griseocollis,Female,PENDIG,No,na,
Nachusa2020_0009,6/16/2020,oak_island,1,CRD,11:14:00 AM,11:43:00 AM,78,1,1,auricomus,Female,TRIPRA,No,na,
Nachusa2020_0010,6/16/2020,oak_island,1,CRD,11:14:00 AM,11:43:00 AM,78,1,1,griseocollis,Female,TRIPRA,No,na,
Nachusa2020_0011,6/16/2020,oak_island,1,CRD,11:14:00 AM,11:43:00 AM,78,1,1,impatiens,Female,TRIREP,No,na,
Nachusa2020_0012,6/16/2020,oak_island,1,CRD,11:14:00 AM,11:43:00 AM,78,1,1,griseocollis,Female,TRIREP,No,na,
Nachusa2020_0013,6/16/2020,oak_island,1,CRD,11:14:00 AM,11:43:00 AM,78,1,1,impatiens,Female,TRIREP,No,na,
Nachusa2020_0014,6/16/2020,oak_island,1,CRD,11:14:00 AM,11:43:00 AM,78,1,1,griseocollis,Female,TRIREP,No,na,
Nachusa2020_0015,6/16/2020,oak_island,1,CRD,11:14:00 AM,11:43:00 AM,78,1,1,griseocollis,Female,TRIPRA,No,na,
Nachusa2020_0016,6/16/2020,oak_island,1,CRD,11:14:00 AM,11:43:00 AM,78,1,1,impatiens,Female,TRIREP,No,na,
Nachusa2020_0017,6/16/2020,flag_lowden,1,CRD,1:59:00 PM,2:37:00 PM,82,1,1,bimaculatus,Female,BLECIL,No,na,
Nachusa2020_0018,6/16/2020,flag_lowden,1,CRD,1:59:00 PM,2:37:00 PM,82,1,1,griseocollis,Female,BLECIL,No,na,
Nachusa2020_0019,6/16/2020,flag_lowden,1,CRD,1:59:00 PM,2:37:00 PM,82,1,1,griseocollis,Female,BLECIL,No,na,
Nachusa2020_0020,6/16/2020,flag_lowden,1,CRD,1:59:00 PM,2:37:00 PM,82,1,1,impatiens,Female,PENDIG,No,na,
Nachusa2020_0021,6/16/2020,flag_lowden,1,CRD,1:59:00 PM,2:37:00 PM,82,1,1,impatiens,Female,PENDIG,No,na,
Nachusa2020_0022,6/16/2020,clear_creek_knolls,1,CRD,3:46:00 PM,4:13:00 PM,84,1,1,griseocollis,Female,TRIPRA,No,na,
Nachusa2020_0023,6/16/2020,clear_creek_knolls,1,CRD,3:46:00 PM,4:13:00 PM,84,1,1,auricomus,Female,PENDIG,No,na,
Nachusa2020_0024,6/16/2020,clear_creek_knolls,1,CRD,3:46:00 PM,4:13:00 PM,84,1,1,bimaculatus,Female,TRIPRA,No,na,
Nachusa2020_0025,6/17/2020,rolling_thunder,1,CRD,9:55:00 AM,10:21:00 AM,77,2,1,griseocollis,Female,TRIPRA,No,na,
Nachusa2020_0026,6/17/2020,rolling_thunder,1,CRD,9:55:00 AM,10:21:00 AM,77,2,1,griseocollis,Female,TRIPRA,No,na,
Nachusa2020_0027,6/17/2020,naylor_road,1,CRD,11:43:00 AM,12:04:00 PM,82,2,2,impatiens,Female,PENDIG,No,na,
Nachusa2020_0028,6/17/2020,naylor_road,1,CRD,11:43:00 AM,12:04:00 PM,82,2,2,bimaculatus,Female,PENDIG,No,na,
Nachusa2020_0029,6/17/2020,big_jump_east,1,CRD,2:32:00 PM,2:56:00 PM,85,2,2,griseocollis,Female,TRIPRA,No,na,
Nachusa2020_0030,6/17/2020,big_jump_east,1,CRD,2:32:00 PM,2:56:00 PM,85,2,2,bimaculatus,Female,TRIPRA,No,na,
Nachusa2020_0031,6/17/2020,big_jump_east,1,CRD,2:32:00 PM,2:56:00 PM,85,2,2,bimaculatus,Female,TRIPRA,No,na,
Nachusa2020_0032,6/17/2020,big_jump_east,1,CRD,2:32:00 PM,2:56:00 PM,85,2,2,bimaculatus,Female,TRIPRA,No,na,
Nachusa2020_0033,6/17/2020,big_jump_east,1,CRD,2:32:00 PM,2:56:00 PM,85,2,2,impatiens,Female,TRIPRA,No,na,
Nachusa2020_0034,6/18/2020,prairie_potholes,1,CRD,9:19:00 AM,9:44:00 AM,78,1,1,griseocollis,Female,PENDIG,No,na,
Nachusa2020_0035,6/18/2020,prairie_potholes,1,CRD,9:19:00 AM,9:44:00 AM,78,1,1,impatiens,Female,PENDIG,No,na,
Nachusa2020_0036,6/18/2020,prairie_potholes,1,CRD,9:19:00 AM,9:44:00 AM,78,1,1,impatiens,Female,TRIPRA,No,na,
Nachusa2020_0037,6/18/2020,prairie_potholes,1,CRD,9:19:00 AM,9:44:00 AM,78,1,1,impatiens,Female,TRIPRA,No,na,
Nachusa2020_0038,6/18/2020,east_heinkel,1,CRD,10:39:00 AM,11:11:00 AM,82,1,1,griseocollis,Female,TRIPRA,No,na,
Nachusa2020_0039,6/18/2020,east_heinkel,1,CRD,10:39:00 AM,11:11:00 AM,82,1,1,impatiens,Female,ECHPAL,No,na,
Nachusa2020_0040,6/18/2020,east_heinkel,1,CRD,10:39:00 AM,11:11:00 AM,82,1,1,griseocollis,Female,TRIPRA,No,na,
Nachusa2020_0041,6/18/2020,east_heinkel,1,CRD,10:39:00 AM,11:11:00 AM,82,1,1,griseocollis,Female,TRIPRA,No,na,
Nachusa2020_0042,6/18/2020,east_heinkel,1,CRD,10:39:00 AM,11:11:00 AM,82,1,1,griseocollis,Female,TRIPRA,No,na,
Nachusa2020_0043,6/18/2020,east_heinkel,1,CRD,10:39:00 AM,11:11:00 AM,82,1,1,griseocollis,Female,TRIPRA,No,na,
Nachusa2020_0044,6/18/2020,east_heinkel,1,CRD,10:39:00 AM,11:11:00 AM,82,1,1,griseocollis,Female,TRIPRA,No,na,
Nachusa2020_0045,6/18/2020,flag_lowden,1,CRD,1:25:00 PM,1:50:00 PM,85,1,1,impatiens,Female,BLECIL,No,na,
Nachusa2020_0046,6/18/2020,flag_lowden,1,CRD,1:25:00 PM,1:50:00 PM,85,1,1,impatiens,Female,BLECIL,No,na,
Nachusa2020_0047,6/18/2020,flag_lowden,1,CRD,1:25:00 PM,1:50:00 PM,85,1,1,bimaculatus,Female,BLECIL,No,na,
Nachusa2020_0048,6/18/2020,flag_lowden,1,CRD,1:25:00 PM,1:50:00 PM,85,1,1,impatiens,Female,BLECIL,No,na,
Nachusa2020_0049,6/18/2020,flag_lowden,1,CRD,1:25:00 PM,1:50:00 PM,85,1,1,impatiens,Female,BLECIL,No,na,
Nachusa2020_0050,6/18/2020,bishop_south,1,CRD,2:44:00 PM,3:16:00 PM,87,2,1,impatiens,Female,PENDIG,No,na,
Nachusa2020_0051,6/18/2020,bishop_south,1,CRD,2:44:00 PM,3:16:00 PM,87,2,1,bimaculatus,Female,PENDIG,No,na,
Nachusa2020_0052,6/18/2020,bishop_south,1,CRD,2:44:00 PM,3:16:00 PM,87,2,1,affinis,Female,PENDIG,No,na,photo 004; first of the season :)
Nachusa2020_0053,6/18/2020,bishop_south,1,CRD,2:44:00 PM,3:16:00 PM,87,2,1,auri/pens,Female,PENDIG,No,na,photo 005; Queen; JOHN ASCHER thinks its pensylvanicus 
Nachusa2020_0054,6/18/2020,bishop_south,1,CRD,2:44:00 PM,3:16:00 PM,87,2,1,auricomus,Female,PENDIG,No,na,Queen
Nachusa2020_0055,6/18/2020,bishop_south,1,CRD,2:44:00 PM,3:16:00 PM,87,2,1,auricomus,Female,PENDIG,No,na,Queen
Nachusa2020_0056,6/19/2020,sandfarm,1,CRD,3:07:00 PM,3:33:00 PM,88,2,2,impatiens,Female,TRIPRA,No,na,Queen
Nachusa2020_0057,6/19/2020,sandfarm,1,CRD,3:07:00 PM,3:33:00 PM,88,2,2,impatiens,Female,TRIPRA,No,na,Queen
Nachusa2020_0058,6/19/2020,sandfarm,1,CRD,3:07:00 PM,3:33:00 PM,88,2,2,griseocollis,Female,PENDIG,No,na,
Nachusa2020_0059,6/19/2020,sandfarm,1,CRD,3:07:00 PM,3:33:00 PM,88,2,2,fervidus,Female,PENDIG,No,na,photo 009
Nachusa2020_0060,6/19/2020,sandfarm,1,CRD,3:07:00 PM,3:33:00 PM,88,2,2,griseocollis,Female,TRIHYB,No,na,
Nachusa2020_0061,6/19/2020,holland_prairie_west,1,CRD,11:02:00 AM,11:29:00 AM,83,2,2,auricomus,Female,TRIPRA,No,na,Queen
Nachusa2020_0062,6/19/2020,holland_prairie_west,1,CRD,11:02:00 AM,11:29:00 AM,83,2,2,griseocollis,Female,ECHPAL,No,na,
Nachusa2020_0063,6/19/2020,holland_prairie_west,1,CRD,11:02:00 AM,11:29:00 AM,83,2,2,griseocollis,Female,TRIPRA,No,na,
Nachusa2020_0064,6/19/2020,holland_prairie_west,1,CRD,11:02:00 AM,11:29:00 AM,83,2,2,auricomus,Female,TRIPRA,No,na,Queen
Nachusa2020_0065,6/19/2020,holland_prairie_west,1,CRD,11:02:00 AM,11:29:00 AM,83,2,2,griseocollis,Female,TRIPRA,No,na,
Nachusa2020_0066,6/19/2020,holland_prairie_west,1,CRD,11:02:00 AM,11:29:00 AM,83,2,2,griseocollis,Female,TRIHYB,No,na,
Nachusa2020_0067,6/19/2020,sanders_unit,1,CRD,1:25:00 PM,1:59:00 PM,89,2,2,griseocollis,Female,PENDIG,No,na,
Nachusa2020_0068,6/19/2020,sanders_unit,1,CRD,1:25:00 PM,1:59:00 PM,89,2,2,griseocollis,Female,BAPALB,No,na,
Nachusa2020_0069,6/19/2020,sanders_unit,1,CRD,1:25:00 PM,1:59:00 PM,89,2,2,griseocollis,Female,PENDIG,No,na,
Nachusa2020_0070,6/19/2020,sanders_unit,1,CRD,1:25:00 PM,1:59:00 PM,89,2,2,griseocollis,Female,BAPALB,No,na,
Nachusa2020_0071,6/19/2020,sanders_unit,1,CRD,1:25:00 PM,1:59:00 PM,89,2,2,griseocollis,Female,BAPALB,No,na,VERY orange pollen; photo 007
Nachusa2020_0072,6/19/2020,sanders_unit,1,CRD,1:25:00 PM,1:59:00 PM,89,2,2,griseocollis,Female,BAPALB,No,na,
Nachusa2020_0073,6/19/2020,sanders_unit,1,CRD,1:25:00 PM,1:59:00 PM,89,2,2,griseocollis,Female,TRIPRA,No,na,
Nachusa2020_0074,6/19/2020,sanders_unit,1,CRD,1:25:00 PM,1:59:00 PM,89,2,2,vagans,Female,PENDIG,No,na,photo 008
Nachusa2020_0075,6/19/2020,sanders_unit,1,CRD,1:25:00 PM,1:59:00 PM,89,2,2,griseocollis,Female,TRIHYB,No,na,
Nachusa2020_0076,6/19/2020,sanders_unit,1,CRD,1:25:00 PM,1:59:00 PM,89,2,2,griseocollis,Female,BAPALB,No,na,
Nachusa2020_0077,6/19/2020,sanders_unit,1,CRD,1:25:00 PM,1:59:00 PM,89,2,2,griseocollis,Female,BAPALB,No,na,
Nachusa2020_0078,6/19/2020,sanders_unit,1,CRD,1:25:00 PM,1:59:00 PM,89,2,2,griseocollis,Female,TRIHYB,No,na,
Nachusa2020_0079,6/19/2020,bishop_south,2,CRD,9:45:00 AM,10:08:00 AM,82,2,2,fervidus,Female,PENDIG,No,na,"black face, long cheek, T1-T3 yellow but worn. Thorax yellow, black, yellow. photo #006 *BEE KING John Ascher ID as fervidus*"
Nachusa2020_0080,6/20/2020,sandfarm,2,CRD,9:09:00 AM,9:34:00 AM,80,2,2,griseocollis,Female,TRIPRA,No,na,
Nachusa2020_0081,6/20/2020,sandfarm,2,CRD,9:09:00 AM,9:34:00 AM,80,2,2,griseocollis,Female,TRIPRA,No,na,
Nachusa2020_0082,6/20/2020,sandfarm,2,CRD,9:09:00 AM,9:34:00 AM,80,2,2,vagans,Female,TRIPRA,No,na,
Nachusa2020_0083,6/20/2020,sandfarm,2,CRD,9:09:00 AM,9:34:00 AM,80,2,2,impatiens,Female,TRIPRA,No,na,
Nachusa2020_0084,6/20/2020,sandfarm,2,CRD,9:09:00 AM,9:34:00 AM,80,2,2,impatiens,Female,PENDIG,No,na,
Nachusa2020_0085,6/20/2020,sandfarm,2,CRD,9:09:00 AM,9:34:00 AM,80,2,2,impatiens,Female,PENDIG,No,na,
Nachusa2020_0086,6/20/2020,sandfarm,2,CRD,9:09:00 AM,9:34:00 AM,80,2,2,vagans,Female,TRAOHI,No,na,
Nachusa2020_0087,6/20/2020,sandfarm,2,CRD,9:09:00 AM,9:34:00 AM,80,2,2,impatiens,Female,PENDIG,No,na,
Nachusa2020_0088,6/20/2020,sandfarm,2,CRD,9:09:00 AM,9:34:00 AM,80,2,2,griseocollis,Female,TRIPRA,No,na,
Nachusa2020_0089,6/20/2020,sandfarm,2,CRD,9:09:00 AM,9:34:00 AM,80,2,2,griseocollis,Female,TRIPRA,No,na,
Nachusa2020_0090,6/20/2020,sandfarm,2,CRD,9:09:00 AM,9:34:00 AM,80,2,2,griseocollis,Female,TRIPRA,No,na,
Nachusa2020_0091,6/22/2020,sengers,1,CRD,3:36:00 PM,4:04:00 PM,77,2,2,impatiens,Female,PENDIG,No,na,
Nachusa2020_0092,6/22/2020,sengers,1,CRD,3:36:00 PM,4:04:00 PM,77,2,2,bimaculatus,Female,TRIPRA,No,na,
Nachusa2020_0093,6/22/2020,sengers,1,CRD,3:36:00 PM,4:04:00 PM,77,2,2,bimaculatus,Female,TRIHYB,No,na,Queen
Nachusa2020_0094,6/22/2020,sengers,1,CRD,3:36:00 PM,4:04:00 PM,77,2,2,impatiens,Female,TRIPRA,No,na,Queen
Nachusa2020_0095,6/22/2020,sengers,1,CRD,3:36:00 PM,4:04:00 PM,77,2,2,auri/pens,Female,TRIPRA,No,na,
Nachusa2020_0096,6/22/2020,sengers,1,CRD,3:36:00 PM,4:04:00 PM,77,2,2,griseocollis,Female,ECHPAL,No,na,
Nachusa2020_0097,6/22/2020,sengers,1,CRD,3:36:00 PM,4:04:00 PM,77,2,2,auri/pens,Female,BAPALB,No,na,
Nachusa2020_0098,6/22/2020,sengers,1,CRD,3:36:00 PM,4:04:00 PM,77,2,2,pensylvanicus,Female,BAPALB,No,na,photo #011
Nachusa2020_0099,6/22/2020,hook_larson,1,CRD,2:24:00 PM,2:55:00 PM,75,2,2,griseocollis,Female,ECHPAL,No,na,
Nachusa2020_0100,6/22/2020,hook_larson,1,CRD,2:24:00 PM,2:55:00 PM,75,2,2,impatiens,Female,TRIPRA,No,na,
Nachusa2020_0101,6/22/2020,hook_larson,1,CRD,2:24:00 PM,2:55:00 PM,75,2,2,griseocollis,Female,ECHPAL,No,na,
Nachusa2020_0102,6/22/2020,hook_larson,1,CRD,2:24:00 PM,2:55:00 PM,75,2,2,griseocollis,Female,TRIHYB,No,na,
Nachusa2020_0103,6/22/2020,hook_larson,1,CRD,2:24:00 PM,2:55:00 PM,75,2,2,griseocollis,Female,BAPALB,No,na,
Nachusa2020_0104,6/22/2020,hook_larson,1,CRD,2:24:00 PM,2:55:00 PM,75,2,2,impatiens,Female,TRIHYB,No,na,
Nachusa2020_0105,6/22/2020,hook_larson,1,CRD,2:24:00 PM,2:55:00 PM,75,2,2,bimaculatus,Female,TRIPRA,No,na,
Nachusa2020_0106,6/22/2020,hook_larson,1,CRD,2:24:00 PM,2:55:00 PM,75,2,2,impatiens,Female,ECHPAL,No,na,
Nachusa2020_0107,6/22/2020,hook_larson,1,CRD,2:24:00 PM,2:55:00 PM,75,2,2,griseocollis,Female,BAPALB,No,na,
Nachusa2020_0108,6/22/2020,hook_larson,1,CRD,2:24:00 PM,2:55:00 PM,75,2,2,impatiens,Female,TRIPRA,No,na,
Nachusa2020_0109,6/22/2020,hook_larson,1,CRD,2:24:00 PM,2:55:00 PM,75,2,2,griseocollis,Female,ECHPAL,No,na,
Nachusa2020_0110,6/22/2020,hook_larson,1,CRD,2:24:00 PM,2:55:00 PM,75,2,2,griseocollis,Female,ECHPAL,No,na,
Nachusa2020_0111,6/22/2020,hook_larson,1,CRD,2:24:00 PM,2:55:00 PM,75,2,2,impatiens,Female,TRIPRA,No,na,
Nachusa2020_0112,6/22/2020,hook_larson,1,CRD,2:24:00 PM,2:55:00 PM,75,2,2,bimaculatus,Female,ECHPAL,No,na,
Nachusa2020_0113,6/22/2020,hook_larson,1,CRD,2:24:00 PM,2:55:00 PM,75,2,2,griseocollis,Female,ECHPAL,No,na,
Nachusa2020_0114,6/22/2020,hook_larson,1,CRD,2:24:00 PM,2:55:00 PM,75,2,2,impatiens,Female,TRIPRA,No,na,
Nachusa2020_0115,6/23/2020,holland_prairie_west,1,CRD,12:27:00 PM,12:52:00 PM,73,2,2,griseocollis,Female,ECHPAL,No,na,
Nachusa2020_0116,6/23/2020,holland_prairie_west,1,CRD,12:27:00 PM,12:52:00 PM,73,2,2,griseocollis,Female,ECHPAL,No,na,
Nachusa2020_0117,6/23/2020,holland_prairie_west,1,CRD,12:27:00 PM,12:52:00 PM,73,2,2,griseocollis,Female,TRIPRA,No,na,
Nachusa2020_0118,6/23/2020,holland_prairie_west,1,CRD,12:27:00 PM,12:52:00 PM,73,2,2,griseocollis,Female,TRIPRA,No,na,
Nachusa2020_0119,6/23/2020,holland_prairie_west,1,CRD,12:27:00 PM,12:52:00 PM,73,2,2,auricomus,Female,TRIPRA,No,na,yellow face; T2-T3 yellow
Nachusa2020_0120,6/23/2020,holland_prairie_west,1,CRD,12:27:00 PM,12:52:00 PM,73,2,2,griseocollis,Female,ECHPAL,No,na,
Nachusa2020_0121,6/23/2020,holland_prairie_west,1,CRD,12:27:00 PM,12:52:00 PM,73,2,2,griseocollis,Female,BAPALB,No,na,
Nachusa2020_0122,6/23/2020,sengers,2,CRD,11:19:00 AM,11:43:00 AM,70,1,2,auricomus,Female,BAPALB,No,na,photo #012
Nachusa2020_0123,6/23/2020,sengers,2,CRD,11:19:00 AM,11:43:00 AM,70,1,2,griseocollis,Female,TRIHYB,No,na,photo #013
Nachusa2020_0124,6/23/2020,sengers,2,CRD,11:19:00 AM,11:43:00 AM,70,1,2,auri/pens,Female,TRIREP,No,na,
Nachusa2020_0125,6/24/2020,main_unit_knobs,1,CRD,10:45:00 AM,11:06:00 AM,73,1,1,impatiens,Female,ECHPAL,No,na,
Nachusa2020_0126,6/24/2020,main_unit_knobs,1,CRD,10:45:00 AM,11:06:00 AM,73,1,1,griseocollis,Female,ECHPAL,No,na,
Nachusa2020_0127,6/24/2020,main_unit_knobs,1,CRD,10:45:00 AM,11:06:00 AM,73,1,1,griseocollis,Female,ECHPAL,No,na,
Nachusa2020_0128,6/24/2020,main_unit_knobs,1,CRD,10:45:00 AM,11:06:00 AM,73,1,1,griseocollis,Female,ECHPAL,No,na,
Nachusa2020_0129,6/24/2020,schafer_knob,1,CRD,11:40:00 AM,12:08:00 PM,74,1,1,griseocollis,Female,CEAAME,No,na,
Nachusa2020_0130,6/24/2020,schafer_knob,1,CRD,11:40:00 AM,12:08:00 PM,74,1,1,impatiens,Female,TRIPRA,No,na,
Nachusa2020_0131,6/24/2020,schafer_knob,1,CRD,11:40:00 AM,12:08:00 PM,74,1,1,griseocollis,Female,TRIPRA,No,na,
Nachusa2020_0132,6/25/2020,clear_creek_south,1,CRD,9:51:00 AM,10:15:00 AM,73,2,2,impatiens,Female,PENDIG,No,na,
Nachusa2020_0133,6/25/2020,clear_creek_south,1,CRD,9:51:00 AM,10:15:00 AM,73,2,2,impatiens,Female,PENDIG,No,na,
Nachusa2020_0134,6/25/2020,clear_creek_south,1,CRD,9:51:00 AM,10:15:00 AM,73,2,2,bimaculatus,Female,PENDIG,No,na,photo #014
Nachusa2020_0135,6/25/2020,doug_dot_unit,1,CRD,11:00:00 AM,11:20:00 AM,77,1,1,griseocollis,Female,BAPALB,No,na,
Nachusa2020_0136,6/25/2020,seven_knobs,1,CRD,12:08:00 PM,12:34:00 PM,81,1,1,auricomus,Female,TRIPRA,No,na,photo #015
Nachusa2020_0137,6/25/2020,seven_knobs,1,CRD,12:08:00 PM,12:34:00 PM,81,1,1,griseocollis,Female,TRIPRA,No,na,
Nachusa2020_0138,6/25/2020,seven_knobs,1,CRD,12:08:00 PM,12:34:00 PM,81,1,1,impatiens,Female,TRIPRA,No,na,
Nachusa2020_0139,6/25/2020,seven_knobs,1,CRD,12:08:00 PM,12:34:00 PM,81,1,1,griseocollis,Female,ECHPAL,No,na,
Nachusa2020_0140,6/25/2020,seven_knobs,1,CRD,12:08:00 PM,12:34:00 PM,81,1,1,griseocollis,Female,ECHPAL,No,na,
Nachusa2020_0141,6/25/2020,coneflower_trash_knob,1,CRD,1:15:00 PM,1:41:00 PM,84,1,2,griseocollis,Female,ECHPAL,No,na,
Nachusa2020_0142,6/25/2020,coneflower_trash_knob,1,CRD,1:15:00 PM,1:41:00 PM,84,1,2,griseocollis,Female,TRIPRA,No,na,
Nachusa2020_0143,6/25/2020,coneflower_trash_knob,1,CRD,1:15:00 PM,1:41:00 PM,84,1,2,auricomus,Female,TRIPRA,No,na,photo #016
Nachusa2020_0144,6/25/2020,coneflower_trash_knob,1,CRD,1:15:00 PM,1:41:00 PM,84,1,2,auricomus,Female,TRIPRA,No,na,photo #017
Nachusa2020_0145,6/25/2020,stone_barn_prairie,1,CRD,3:07:00 PM,3:33:00 PM,82,2,1,griseocollis,Female,TRIPRA,No,na,
Nachusa2020_0146,6/25/2020,stone_barn_prairie,1,CRD,3:07:00 PM,3:33:00 PM,82,2,1,griseocollis,Female,TRIPRA,No,na,
Nachusa2020_0147,6/25/2020,stone_barn_prairie,1,CRD,3:07:00 PM,3:33:00 PM,82,2,1,auricomus,Female,TRIPRA,No,na,photo #018; Queen
Nachusa2020_0148,6/25/2020,stone_barn_prairie,1,CRD,3:07:00 PM,3:33:00 PM,82,2,1,griseocollis,Female,TRIPRA,No,na,
Nachusa2020_0149,6/25/2020,stone_barn_prairie,1,CRD,3:07:00 PM,3:33:00 PM,82,2,1,griseocollis,Female,TRIPRA,No,na,
Nachusa2020_0150,6/25/2020,stone_barn_prairie,1,CRD,3:07:00 PM,3:33:00 PM,82,2,1,griseocollis,Female,TRIPRA,No,na,
Nachusa2020_0151,6/25/2020,stone_barn_prairie,1,CRD,3:07:00 PM,3:33:00 PM,82,2,1,auricomus,Female,TRIPRA,No,na,photo #019; Queen
Nachusa2020_0152,6/25/2020,stone_barn_prairie,1,CRD,3:07:00 PM,3:33:00 PM,82,2,1,griseocollis,Female,TRIPRA,No,na,
Nachusa2020_0153,6/25/2020,stone_barn_prairie,1,CRD,3:07:00 PM,3:33:00 PM,82,2,1,impatiens,Female,TRIPRA,No,na,
Nachusa2020_0154,6/26/2020,big_woods,1,CRD,12:26:00 PM,12:51:00 PM,73,2,2,impatiens,Female,ECHPAL,No,na,
Nachusa2020_0155,6/26/2020,big_woods,1,CRD,12:26:00 PM,12:51:00 PM,73,2,2,griseocollis,Female,ECHPAL,No,na,photo #020
Nachusa2020_0156,6/26/2020,big_woods,1,CRD,12:26:00 PM,12:51:00 PM,73,2,2,griseocollis,Female,ECHPAL,No,na,photo #021; Inaturalist ID
Nachusa2020_0157,6/26/2020,big_woods,1,CRD,12:26:00 PM,12:51:00 PM,73,2,2,griseocollis,Female,ECHPAL,No,na,
Nachusa2020_0158,6/26/2020,big_woods,1,CRD,12:26:00 PM,12:51:00 PM,73,2,2,vagans,Female,ECHPAL,No,na,photo #022
Nachusa2020_0159,6/26/2020,thelma_carpenter,1,CRD,2:16:00 PM,2:39:00 PM,75,2,2,griseocollis,Female,ECHPAL,No,na,
Nachusa2020_0160,6/26/2020,thelma_carpenter,1,CRD,2:16:00 PM,2:39:00 PM,75,2,2,griseocollis,Female,ECHPAL,No,na,
Nachusa2020_0161,6/26/2020,thelma_carpenter,1,CRD,2:16:00 PM,2:39:00 PM,75,2,2,griseocollis,Female,ECHPAL,No,na,
Nachusa2020_0162,6/27/2020,oak_island,2,CRD,9:03:00 AM,9:30:00 AM,76,1,1,griseocollis,Female,ECHPAL,No,na,photo #023
Nachusa2020_0163,6/27/2020,oak_island,2,CRD,9:03:00 AM,9:30:00 AM,76,1,1,griseocollis,Female,ECHPAL,No,na,
Nachusa2020_0164,6/27/2020,oak_island,2,CRD,9:03:00 AM,9:30:00 AM,76,1,1,impatiens,Female,TRIPRA,No,na,photo #024
Nachusa2020_0165,6/27/2020,oak_island,2,CRD,9:03:00 AM,9:30:00 AM,76,1,1,griseocollis,Female,ECHPAL,No,na,
Nachusa2020_0166,6/27/2020,oak_island,2,CRD,9:03:00 AM,9:30:00 AM,76,1,1,griseocollis,Female,ECHPAL,No,na,
Nachusa2020_0167,6/27/2020,oak_island,2,CRD,9:03:00 AM,9:30:00 AM,76,1,1,bimaculatus,Female,TRIPRA,No,na,photo #025
Nachusa2020_0168,6/27/2020,oak_island,2,CRD,9:03:00 AM,9:30:00 AM,76,1,1,impatiens,Female,TRIPRA,No,na,
Nachusa2020_0169,6/27/2020,oak_island,2,CRD,9:03:00 AM,9:30:00 AM,76,1,1,griseocollis,Female,ECHPAL,No,na,
Nachusa2020_0170,6/27/2020,oak_island,2,CRD,9:03:00 AM,9:30:00 AM,76,1,1,griseocollis,Female,ECHPAL,No,na,
Nachusa2020_0171,6/27/2020,oak_island,2,CRD,9:03:00 AM,9:30:00 AM,76,1,1,griseocollis,Female,ECHPAL,No,na,
Nachusa2020_0172,6/27/2020,eight_oaks,1,CRD,10:26:00 AM,10:53:00 AM,79,1,1,auricomus,Female,BAPALB,No,na,photo #026
Nachusa2020_0173,6/27/2020,eight_oaks,1,CRD,10:26:00 AM,10:53:00 AM,79,1,1,auricomus,Female,BAPALB,No,na,photo #027
Nachusa2020_0174,6/27/2020,eight_oaks,1,CRD,10:26:00 AM,10:53:00 AM,79,1,1,auricomus,Female,ECHPAL,No,na,photo #028
Nachusa2020_0175,6/27/2020,eight_oaks,1,CRD,10:26:00 AM,10:53:00 AM,79,1,1,bimaculatus,Female,TRIPRA,No,na,
Nachusa2020_0176,6/27/2020,eight_oaks,1,CRD,10:26:00 AM,10:53:00 AM,79,1,1,griseocollis,Female,ECHPAL,No,na,
Nachusa2020_0177,6/27/2020,eight_oaks,1,CRD,10:26:00 AM,10:53:00 AM,79,1,1,impatiens,Female,TRIHYB,No,na,
Nachusa2020_0178,6/27/2020,eight_oaks,1,CRD,10:26:00 AM,10:53:00 AM,79,1,1,vagans,Female,TRIHYB,No,na,photo #029
Nachusa2020_0179,6/27/2020,eight_oaks,1,CRD,10:26:00 AM,10:53:00 AM,79,1,1,impatiens,Female,TRIHYB,No,na,
Nachusa2020_0180,6/27/2020,eight_oaks,1,CRD,10:26:00 AM,10:53:00 AM,79,1,1,bimaculatus,Female,RUDHIR,No,na,
Nachusa2020_0181,6/27/2020,holland_prairie_east,2,CRD,11:34:00 AM,12:07:00 PM,81,2,2,griseocollis,Female,BAPALB,No,na,
Nachusa2020_0182,6/27/2020,holland_prairie_east,2,CRD,11:34:00 AM,12:07:00 PM,81,2,2,griseocollis,Female,BAPALB,No,na,
Nachusa2020_0183,6/27/2020,holland_prairie_east,2,CRD,11:34:00 AM,12:07:00 PM,81,2,2,griseocollis,Female,BAPALB,No,na,
Nachusa2020_0184,6/27/2020,holland_prairie_east,2,CRD,11:34:00 AM,12:07:00 PM,81,2,2,rufocinctus,Female,TRIHYB,No,na,"Specimen collected. Nest nearby, many individual rufocinctus coming from the ground. "
Nachusa2020_0185,6/27/2020,holland_prairie_east,2,CRD,11:34:00 AM,12:07:00 PM,81,2,2,auri/pens,Female,BAPALB,No,na,
Nachusa2020_0186,6/27/2020,holland_prairie_east,2,CRD,11:34:00 AM,12:07:00 PM,81,2,2,griseocollis,Female,BAPALB,No,na,photo #072
Nachusa2020_0187,6/27/2020,holland_prairie_east,2,CRD,11:34:00 AM,12:07:00 PM,81,2,2,griseocollis,Female,TRIPRA,No,na,
Nachusa2020_0188,6/27/2020,holland_prairie_east,2,CRD,11:34:00 AM,12:07:00 PM,81,2,2,griseocollis,Female,TRIPRA,No,na,
Nachusa2020_0189,6/27/2020,holland_prairie_east,2,CRD,11:34:00 AM,12:07:00 PM,81,2,2,auri/pens,Female,BAPALB,No,na,
Nachusa2020_0190,6/27/2020,holland_prairie_east,2,CRD,11:34:00 AM,12:07:00 PM,81,2,2,griseocollis,Female,ECHPAL,No,na,
Nachusa2020_0191,6/27/2020,holland_prairie_east,2,CRD,11:34:00 AM,12:07:00 PM,81,2,2,griseocollis,Female,TRIPRA,No,na,
Nachusa2020_0192,6/27/2020,holland_prairie_east,2,CRD,11:34:00 AM,12:07:00 PM,81,2,2,griseocollis,Female,TRIPRA,No,na,
Nachusa2020_0193,6/27/2020,holland_prairie_east,2,CRD,11:34:00 AM,12:07:00 PM,81,2,2,griseocollis,Female,BAPALB,No,na,
Nachusa2020_0194,6/27/2020,holland_prairie_east,2,CRD,11:34:00 AM,12:07:00 PM,81,2,2,griseocollis,Female,TRIHYB,No,na,
Nachusa2020_0195,6/29/2020,eight_oaks,2,CRD,8:46:00 AM,9:11:00 AM,79,1,1,auricomus,Female,ECHPAL,No,na,photo #031
Nachusa2020_0196,6/29/2020,eight_oaks,2,CRD,8:46:00 AM,9:11:00 AM,79,1,1,griseocollis,Female,ECHPAL,No,na,
Nachusa2020_0197,6/29/2020,eight_oaks,2,CRD,8:46:00 AM,9:11:00 AM,79,1,1,pensylvanicus,Female,BAPALB,No,na,photo #032; ID pending on Inaturalist
Nachusa2020_0198,6/29/2020,eight_oaks,2,CRD,8:46:00 AM,9:11:00 AM,79,1,1,griseocollis,Female,BAPALB,No,na,
Nachusa2020_0199,6/29/2020,eight_oaks,2,CRD,8:46:00 AM,9:11:00 AM,79,1,1,griseocollis,Female,BAPALB,No,na,
Nachusa2020_0200,6/29/2020,kittentail_knob,1,CRD,9:59:00 AM,10:22:00 AM,81,1,1,griseocollis,Female,ECHPAL,No,na,
Nachusa2020_0201,6/29/2020,kittentail_knob,1,CRD,9:59:00 AM,10:22:00 AM,81,1,1,griseocollis,Female,ECHPAL,No,na,
Nachusa2020_0202,6/29/2020,kittentail_knob,1,CRD,9:59:00 AM,10:22:00 AM,81,1,1,griseocollis,Female,ECHPAL,No,na,photo #033
Nachusa2020_0203,6/29/2020,west_heinkel,1,CRD,11:03:00 AM,11:27:00 AM,85,1,1,auricomus,Female,BAPALB,No,na,photo #034
Nachusa2020_0204,6/29/2020,west_heinkel,1,CRD,11:03:00 AM,11:27:00 AM,85,1,1,impatiens,Female,ECHPAL,No,na,photo #035; smol
Nachusa2020_0205,6/29/2020,hook_larson,2,CRD,1:13:00 PM,1:49:00 PM,87,2,2,auricomus,Female,BAPALB,No,na,photo #036
Nachusa2020_0206,6/29/2020,hook_larson,2,CRD,1:13:00 PM,1:49:00 PM,87,2,2,auri/pens,Female,BAPALB,No,na,photo #037
Nachusa2020_0207,6/29/2020,hook_larson,2,CRD,1:13:00 PM,1:49:00 PM,87,2,2,griseocollis,Female,BAPALB,No,na,
Nachusa2020_0208,6/29/2020,hook_larson,2,CRD,1:13:00 PM,1:49:00 PM,87,2,2,auri/pens,Female,BAPALB,No,na,photo #038
Nachusa2020_0209,6/29/2020,hook_larson,2,CRD,1:13:00 PM,1:49:00 PM,87,2,2,griseocollis,Female,BAPALB,No,na,
Nachusa2020_0210,6/29/2020,hook_larson,2,CRD,1:13:00 PM,1:49:00 PM,87,2,2,griseocollis,Female,BAPALB,No,na,
Nachusa2020_0211,6/29/2020,hook_larson,2,CRD,1:13:00 PM,1:49:00 PM,87,2,2,auri/pens,Female,BAPALB,No,na,photo #039
Nachusa2020_0212,6/29/2020,hook_larson,2,CRD,1:13:00 PM,1:49:00 PM,87,2,2,impatiens,Female,TRIPRA,No,na,
Nachusa2020_0213,6/29/2020,hook_larson,2,CRD,1:13:00 PM,1:49:00 PM,87,2,2,auri/pens,Female,BAPALB,No,na,
Nachusa2020_0214,6/29/2020,hook_larson,2,CRD,1:13:00 PM,1:49:00 PM,87,2,2,griseocollis,Female,BAPALB,No,na,
Nachusa2020_0215,6/29/2020,hook_larson,2,CRD,1:13:00 PM,1:49:00 PM,87,2,2,auri/pens,Female,BAPALB,No,na,
Nachusa2020_0216,6/29/2020,hook_larson,2,CRD,1:13:00 PM,1:49:00 PM,87,2,2,auricomus,Female,BAPALB,No,na,photo #040
Nachusa2020_0217,6/29/2020,hook_larson,2,CRD,1:13:00 PM,1:49:00 PM,87,2,2,griseocollis,Female,BAPALB,No,na,
Nachusa2020_0218,6/29/2020,hook_larson,2,CRD,1:13:00 PM,1:49:00 PM,87,2,2,griseocollis,Female,BAPALB,No,na,
Nachusa2020_0219,6/29/2020,hook_larson,2,CRD,1:13:00 PM,1:49:00 PM,87,2,2,auricomus,Female,BAPALB,No,na,photo #041
Nachusa2020_0220,6/29/2020,hook_larson,2,CRD,1:13:00 PM,1:49:00 PM,87,2,2,auri/pens,Female,BAPALB,No,na,
Nachusa2020_0221,6/29/2020,hook_larson,2,CRD,1:13:00 PM,1:49:00 PM,87,2,2,griseocollis,Female,BAPALB,No,na,
Nachusa2020_0222,6/29/2020,hook_larson,2,CRD,1:13:00 PM,1:49:00 PM,87,2,2,auricomus,Female,BAPALB,No,na,photo #042
Nachusa2020_0223,6/29/2020,hook_larson,2,CRD,1:13:00 PM,1:49:00 PM,87,2,2,griseocollis,Female,BAPALB,No,na,
Nachusa2020_0224,6/29/2020,gobbler_ridge,1,CRD,2:44:00 PM,3:12:00 PM,89,2,2,auri/pens,Female,ECHPAL,No,na,photo #043
Nachusa2020_0225,6/29/2020,gobbler_ridge,1,CRD,2:44:00 PM,3:12:00 PM,89,2,2,rufocinctus,Female,ECHPAL,No,na,photo #044
Nachusa2020_0226,6/29/2020,clear_creek_knolls,2,CRD,3:51:00 PM,4:15:00 PM,90,2,2,auricomus,Female,TRIPRA,No,na,photo #045
Nachusa2020_0227,6/29/2020,clear_creek_knolls,2,CRD,3:51:00 PM,4:15:00 PM,90,2,2,griseocollis,Female,ECHPAL,No,na,
Nachusa2020_0228,6/29/2020,clear_creek_knolls,2,CRD,3:51:00 PM,4:15:00 PM,90,2,2,griseocollis,Female,ECHPAL,No,na,
Nachusa2020_0229,6/29/2020,clear_creek_knolls,2,CRD,3:51:00 PM,4:15:00 PM,90,2,2,griseocollis,Female,ECHPAL,No,na,
Nachusa2020_0230,6/29/2020,clear_creek_knolls,2,CRD,3:51:00 PM,4:15:00 PM,90,2,2,impatiens,Female,TRIPRA,No,na,
Nachusa2020_0231,6/29/2020,clear_creek_knolls,2,CRD,3:51:00 PM,4:15:00 PM,90,2,2,griseocollis,Female,ECHPAL,No,na,
Nachusa2020_0232,6/29/2020,clear_creek_knolls,2,CRD,3:51:00 PM,4:15:00 PM,90,2,2,griseocollis,Female,TRIPRA,No,na,
Nachusa2020_0233,6/29/2020,clear_creek_knolls,2,CRD,3:51:00 PM,4:15:00 PM,90,2,2,griseocollis,Female,ECHPAL,No,na,
Nachusa2020_0234,6/30/2020,tellabs_center,1,CRD,9:00:00 AM,9:27:00 AM,78,2,2,auricomus,Female,BAPALB,No,na,photo #046
Nachusa2020_0235,6/30/2020,tellabs_center,1,CRD,9:00:00 AM,9:27:00 AM,78,2,2,griseocollis,Female,BAPALB,No,na,
Nachusa2020_0236,6/30/2020,tellabs_center,1,CRD,9:00:00 AM,9:27:00 AM,78,2,2,griseocollis,Female,BAPALB,No,na,
Nachusa2020_0237,6/30/2020,tellabs_center,1,CRD,9:00:00 AM,9:27:00 AM,78,2,2,griseocollis,Female,BAPALB,No,na,
Nachusa2020_0238,6/30/2020,tellabs_center,1,CRD,9:00:00 AM,9:27:00 AM,78,2,2,griseocollis,Female,BAPALB,No,na,
Nachusa2020_0239,6/30/2020,tellabs_center,1,CRD,9:00:00 AM,9:27:00 AM,78,2,2,griseocollis,Female,BAPALB,No,na,
Nachusa2020_0240,6/30/2020,tellabs_center,1,CRD,9:00:00 AM,9:27:00 AM,78,2,2,griseocollis,Female,BAPALB,No,na,
Nachusa2020_0241,6/30/2020,tellabs_center,1,CRD,9:00:00 AM,9:27:00 AM,78,2,2,auri/pens,Female,BAPALB,No,na,
Nachusa2020_0242,6/30/2020,tellabs_center,1,CRD,9:00:00 AM,9:27:00 AM,78,2,2,auricomus,Female,BAPALB,No,na,photo #047
Nachusa2020_0243,6/30/2020,tellabs_center,1,CRD,9:00:00 AM,9:27:00 AM,78,2,2,auri/pens,Female,BAPALB,No,na,
Nachusa2020_0244,6/30/2020,tellabs_center,1,CRD,9:00:00 AM,9:27:00 AM,78,2,2,auricomus,Female,BAPALB,No,na,photo #048
Nachusa2020_0245,6/30/2020,tellabs_center,1,CRD,9:00:00 AM,9:27:00 AM,78,2,2,auricomus,Female,BAPALB,No,na,photo #049
Nachusa2020_0246,6/30/2020,tellabs_center,1,CRD,9:00:00 AM,9:27:00 AM,78,2,2,auri/pens,Female,BAPALB,No,na,photo #050
Nachusa2020_0247,6/30/2020,tellabs_center,1,CRD,9:00:00 AM,9:27:00 AM,78,2,2,griseocollis,Female,BAPALB,No,na,
Nachusa2020_0248,6/30/2020,tellabs_center,1,CRD,9:00:00 AM,9:27:00 AM,78,2,2,griseocollis,Female,BAPALB,No,na,
Nachusa2020_0249,6/30/2020,tellabs_center,1,CRD,9:00:00 AM,9:27:00 AM,78,2,2,griseocollis,Female,BAPALB,No,na,
Nachusa2020_0250,6/30/2020,tellabs_west,1,CRD,10:07:00 AM,10:32:00 AM,79,2,2,auri/pens,Female,BAPALB,No,na,
Nachusa2020_0251,6/30/2020,tellabs_west,1,CRD,10:07:00 AM,10:32:00 AM,79,2,2,griseocollis,Female,BAPALB,No,na,
Nachusa2020_0252,6/30/2020,tellabs_west,1,CRD,10:07:00 AM,10:32:00 AM,79,2,2,auricomus,Female,BAPALB,No,na,photo #051
Nachusa2020_0253,6/30/2020,tellabs_west,1,CRD,10:07:00 AM,10:32:00 AM,79,2,2,griseocollis,Female,BAPALB,No,na,
Nachusa2020_0254,6/30/2020,tellabs_west,1,CRD,10:07:00 AM,10:32:00 AM,79,2,2,auri/pens,Female,BAPALB,No,na,photo #052
Nachusa2020_0255,6/30/2020,tellabs_west,1,CRD,10:07:00 AM,10:32:00 AM,79,2,2,auricomus,Female,BAPALB,No,na,photo #053
Nachusa2020_0256,6/30/2020,tellabs_west,1,CRD,10:07:00 AM,10:32:00 AM,79,2,2,griseocollis,Female,BAPALB,No,na,
Nachusa2020_0257,6/30/2020,tellabs_west,1,CRD,10:07:00 AM,10:32:00 AM,79,2,2,auri/pens,Female,BAPALB,No,na,
Nachusa2020_0258,6/30/2020,tellabs_west,1,CRD,10:07:00 AM,10:32:00 AM,79,2,2,auricomus,Female,BAPALB,No,na,photo #054
Nachusa2020_0259,6/30/2020,tellabs_west,1,CRD,10:07:00 AM,10:32:00 AM,79,2,2,auricomus,Female,BAPALB,No,na,
Nachusa2020_0260,6/30/2020,eight_oaks,3,CRD,11:24:00 AM,11:51:00 AM,81,2,2,auricomus,Female,BAPALB,No,na,photo #055
Nachusa2020_0261,6/30/2020,eight_oaks,3,CRD,11:24:00 AM,11:51:00 AM,81,2,2,auricomus,Female,BAPALB,No,na,photo #056
Nachusa2020_0262,6/30/2020,eight_oaks,3,CRD,11:24:00 AM,11:51:00 AM,81,2,2,griseocollis,Female,RUDHIR,No,na,"visiting, but not collecting pollen or nectar"
Nachusa2020_0263,6/30/2020,eight_oaks,3,CRD,11:24:00 AM,11:51:00 AM,81,2,2,auricomus,Female,BAPALB,No,na,photo #057
Nachusa2020_0264,6/30/2020,eight_oaks,3,CRD,11:24:00 AM,11:51:00 AM,81,2,2,auricomus,Female,BAPALB,No,na,obvious yellow on head
Nachusa2020_0265,6/30/2020,eight_oaks,3,CRD,11:24:00 AM,11:51:00 AM,81,2,2,bimaculatus,Female,BAPALB,No,na,photo #058
Nachusa2020_0266,6/30/2020,eight_oaks,3,CRD,11:24:00 AM,11:51:00 AM,81,2,2,auri/pens,Female,BAPALB,No,na,
Nachusa2020_0267,6/30/2020,eight_oaks,3,CRD,11:24:00 AM,11:51:00 AM,81,2,2,impatiens,Female,TRIPRA,No,na,
Nachusa2020_0268,6/30/2020,eight_oaks,3,CRD,11:24:00 AM,11:51:00 AM,81,2,2,vagans,Female,TRIPRA,No,na,
Nachusa2020_0269,6/30/2020,eight_oaks,3,CRD,11:24:00 AM,11:51:00 AM,81,2,2,rufocinctus,Female,TRIHYB,No,na,photo #059 :)
Nachusa2020_0270,6/30/2020,eight_oaks,3,CRD,11:24:00 AM,11:51:00 AM,81,2,2,impatiens,Female,TRIHYB,No,na,
Nachusa2020_0271,6/30/2020,eight_oaks,3,CRD,11:24:00 AM,11:51:00 AM,81,2,2,auri/pens,Female,BAPALB,No,na,escaped vial >:(
Nachusa2020_0272,6/30/2020,visitor_area,1,CRD,1:27:00 PM,1:49:00 PM,85,2,2,rufocinctus,Female,MONFIS,No,na,specimen collected. Photo #060
Nachusa2020_0273,6/30/2020,visitor_area,1,CRD,1:27:00 PM,1:49:00 PM,85,2,2,griseocollis,Female,TRIPRA,No,na,
Nachusa2020_0274,6/30/2020,dots_knob,1,CRD,2:22:00 PM,2:50:00 PM,86,2,2,griseocollis,Female,AMOCAN,No,na,photo #061
Nachusa2020_0275,6/30/2020,dots_knob,1,CRD,2:22:00 PM,2:50:00 PM,86,2,2,griseocollis,Female,AMOCAN,No,na,
Nachusa2020_0276,6/30/2020,dots_knob,1,CRD,2:22:00 PM,2:50:00 PM,86,2,2,impatiens,Female,AMOCAN,No,na,
Nachusa2020_0277,6/30/2020,dots_knob,1,CRD,2:22:00 PM,2:50:00 PM,86,2,2,griseocollis,Female,AMOCAN,No,na,
Nachusa2020_0278,6/30/2020,dots_knob,1,CRD,2:22:00 PM,2:50:00 PM,86,2,2,griseocollis,Female,AMOCAN,No,na,Bright orange pollen. Photo #062
Nachusa2020_0279,6/30/2020,dots_knob,1,CRD,2:22:00 PM,2:50:00 PM,86,2,2,griseocollis,Female,AMOCAN,No,na,
Nachusa2020_0280,6/30/2020,dots_knob,1,CRD,2:22:00 PM,2:50:00 PM,86,2,2,griseocollis,Female,AMOCAN,No,na,
Nachusa2020_0281,6/30/2020,dots_knob,1,CRD,2:22:00 PM,2:50:00 PM,86,2,2,griseocollis,Female,AMOCAN,No,na,
Nachusa2020_0282,6/30/2020,dots_knob,1,CRD,2:22:00 PM,2:50:00 PM,86,2,2,griseocollis,Female,AMOCAN,No,na,
Nachusa2020_0283,6/30/2020,dots_knob,1,CRD,2:22:00 PM,2:50:00 PM,86,2,2,griseocollis,Female,AMOCAN,No,na,
Nachusa2020_0284,6/30/2020,dots_knob,1,CRD,2:22:00 PM,2:50:00 PM,86,2,2,impatiens,Female,AMOCAN,No,na,
Nachusa2020_0285,6/30/2020,dots_knob,1,CRD,2:22:00 PM,2:50:00 PM,86,2,2,griseocollis,Female,AMOCAN,No,na,photo #063
Nachusa2020_0286,6/30/2020,dots_knob,1,CRD,2:22:00 PM,2:50:00 PM,86,2,2,rufocinctus,Female,AMOCAN,No,na,
Nachusa2020_0287,6/30/2020,dots_knob,1,CRD,2:22:00 PM,2:50:00 PM,86,2,2,griseocollis,Female,ECHPAL,No,na,
Nachusa2020_0288,6/30/2020,dots_knob,1,CRD,2:22:00 PM,2:50:00 PM,86,2,2,griseocollis,Female,ECHPAL,No,na,
Nachusa2020_0289,7/1/2020,visitor_area,2,CRD,9:03:00 AM,9:23:00 AM,78,1,1,rufocinctus,Female,TRIPRA,No,na,
Nachusa2020_0290,7/1/2020,visitor_area,2,CRD,9:03:00 AM,9:23:00 AM,78,1,1,griseocollis,Female,TRIPRA,No,na,
Nachusa2020_0291,7/1/2020,rolling_thunder,2,CRD,9:54:00 AM,10:15:00 AM,80,1,1,impatiens,Female,TRIPRA,No,na,
Nachusa2020_0292,7/1/2020,rolling_thunder,2,CRD,9:54:00 AM,10:15:00 AM,80,1,1,griseocollis,Female,TRIPRA,No,na,
Nachusa2020_0293,7/1/2020,rolling_thunder,2,CRD,9:54:00 AM,10:15:00 AM,80,1,1,griseocollis,Female,TRIPRA,No,na,
Nachusa2020_0294,7/1/2020,rolling_thunder,2,CRD,9:54:00 AM,10:15:00 AM,80,1,1,impatiens,Female,TRIPRA,No,na,
Nachusa2020_0295,7/1/2020,rolling_thunder,2,CRD,9:54:00 AM,10:15:00 AM,80,1,1,griseocollis,Female,TRIPRA,No,na,
Nachusa2020_0296,7/1/2020,dougs_knob,1,CRD,10:55:00 AM,11:25:00 AM,82,1,1,griseocollis,Female,AMOCAN,No,na,
Nachusa2020_0297,7/1/2020,dougs_knob,1,CRD,10:55:00 AM,11:25:00 AM,82,1,1,griseocollis,Female,ECHPAL,No,na,"first seen on AMOCAN, then switched to ECHPAL. photo #064"
Nachusa2020_0298,7/1/2020,dougs_knob,1,CRD,10:55:00 AM,11:25:00 AM,82,1,1,griseocollis,Female,AMOCAN,No,na,
Nachusa2020_0299,7/1/2020,dougs_knob,1,CRD,10:55:00 AM,11:25:00 AM,82,1,1,griseocollis,Female,AMOCAN,No,na,
Nachusa2020_0300,7/1/2020,dougs_knob,1,CRD,10:55:00 AM,11:25:00 AM,82,1,1,griseocollis,Female,AMOCAN,No,na,
Nachusa2020_0301,7/1/2020,dougs_knob,1,CRD,10:55:00 AM,11:25:00 AM,82,1,1,rufocinctus,Female,AMOCAN,No,na,photo #065; Check ID
Nachusa2020_0302,7/1/2020,dougs_knob,1,CRD,10:55:00 AM,11:25:00 AM,82,1,1,griseocollis,Female,AMOCAN,No,na,
Nachusa2020_0303,7/1/2020,dougs_knob,1,CRD,10:55:00 AM,11:25:00 AM,82,1,1,impatiens,Female,AMOCAN,No,na,
Nachusa2020_0304,7/1/2020,dougs_knob,1,CRD,10:55:00 AM,11:25:00 AM,82,1,1,impatiens,Female,AMOCAN,No,na,
Nachusa2020_0305,7/1/2020,dougs_knob,1,CRD,10:55:00 AM,11:25:00 AM,82,1,1,impatiens,Female,AMOCAN,No,na,
Nachusa2020_0306,7/1/2020,dougs_knob,1,CRD,10:55:00 AM,11:25:00 AM,82,1,1,griseocollis,Female,AMOCAN,No,na,
Nachusa2020_0307,7/1/2020,dougs_knob,1,CRD,10:55:00 AM,11:25:00 AM,82,1,1,griseocollis,Female,AMOCAN,No,na,
Nachusa2020_0308,7/1/2020,dougs_knob,1,CRD,10:55:00 AM,11:25:00 AM,82,1,1,griseocollis,Female,AMOCAN,No,na,
Nachusa2020_0309,7/1/2020,dougs_knob,1,CRD,10:55:00 AM,11:25:00 AM,82,1,1,griseocollis,Female,AMOCAN,No,na,
Nachusa2020_0310,7/1/2020,dougs_knob,1,CRD,10:55:00 AM,11:25:00 AM,82,1,1,impatiens,Female,AMOCAN,No,na,
Nachusa2020_0311,7/1/2020,dougs_knob,1,CRD,10:55:00 AM,11:25:00 AM,82,1,1,griseocollis,Female,ECHPAL,No,na,
Nachusa2020_0312,7/1/2020,dougs_knob,1,CRD,10:55:00 AM,11:25:00 AM,82,1,1,griseocollis,Female,AMOCAN,No,na,
Nachusa2020_0313,7/1/2020,dougs_knob,1,CRD,10:55:00 AM,11:25:00 AM,82,1,1,griseocollis,Female,AMOCAN,No,na,
Nachusa2020_0314,7/1/2020,dougs_knob,1,CRD,10:55:00 AM,11:25:00 AM,82,1,1,impatiens,Female,AMOCAN,No,na,
Nachusa2020_0315,7/1/2020,dougs_knob,1,CRD,10:55:00 AM,11:25:00 AM,82,1,1,impatiens,Female,AMOCAN,No,na,
Nachusa2020_0316,7/1/2020,dougs_knob,1,CRD,10:55:00 AM,11:25:00 AM,82,1,1,griseocollis,Female,AMOCAN,No,na,
Nachusa2020_0317,7/1/2020,dougs_knob,1,CRD,10:55:00 AM,11:25:00 AM,82,1,1,griseocollis,Female,AMOCAN,No,na,
Nachusa2020_0318,7/1/2020,dougs_knob,1,CRD,10:55:00 AM,11:25:00 AM,82,1,1,griseocollis,Female,AMOCAN,No,na,
Nachusa2020_0319,7/1/2020,dougs_knob,1,CRD,10:55:00 AM,11:25:00 AM,82,1,1,griseocollis,Female,AMOCAN,No,na,
Nachusa2020_0320,7/1/2020,dougs_knob,1,CRD,10:55:00 AM,11:25:00 AM,82,1,1,griseocollis,Female,AMOCAN,No,na,
Nachusa2020_0321,7/1/2020,dougs_knob,1,CRD,10:55:00 AM,11:25:00 AM,82,1,1,vagans,Female,AMOCAN,No,na,
Nachusa2020_0322,7/1/2020,dougs_knob,1,CRD,10:55:00 AM,11:25:00 AM,82,1,1,Bombus sp.,Female,AMOCAN,No,na,"specimen collected, died in vial. Needs ID *UPDATE specimen got moldy. Tossed*"
Nachusa2020_0323,7/1/2020,leopold_knob,1,CRD,12:06:00 PM,12:35:00 PM,84,2,2,griseocollis,Female,AMOCAN,No,na,fly parasite collected. literally knocked this griseocollis to the GROUND
Nachusa2020_0324,7/1/2020,leopold_knob,1,CRD,12:06:00 PM,12:35:00 PM,84,2,2,griseocollis,Female,AMOCAN,No,na,
Nachusa2020_0325,7/1/2020,leopold_knob,1,CRD,12:06:00 PM,12:35:00 PM,84,2,2,impatiens,Female,AMOCAN,No,na,
Nachusa2020_0326,7/1/2020,leopold_knob,1,CRD,12:06:00 PM,12:35:00 PM,84,2,2,impatiens,Female,AMOCAN,No,na,
Nachusa2020_0327,7/1/2020,leopold_knob,1,CRD,12:06:00 PM,12:35:00 PM,84,2,2,griseocollis,Female,AMOCAN,No,na,
Nachusa2020_0328,7/1/2020,leopold_knob,1,CRD,12:06:00 PM,12:35:00 PM,84,2,2,rufocinctus,Female,AMOCAN,No,na,photo #066
Nachusa2020_0329,7/1/2020,leopold_knob,1,CRD,12:06:00 PM,12:35:00 PM,84,2,2,impatiens,Female,AMOCAN,No,na,
Nachusa2020_0330,7/1/2020,leopold_knob,1,CRD,12:06:00 PM,12:35:00 PM,84,2,2,griseocollis,Female,AMOCAN,No,na,photo #067
Nachusa2020_0331,7/1/2020,leopold_knob,1,CRD,12:06:00 PM,12:35:00 PM,84,2,2,griseocollis,Female,AMOCAN,No,na,
Nachusa2020_0332,7/1/2020,leopold_knob,1,CRD,12:06:00 PM,12:35:00 PM,84,2,2,griseocollis,Female,AMOCAN,No,na,
Nachusa2020_0333,7/1/2020,leopold_knob,1,CRD,12:06:00 PM,12:35:00 PM,84,2,2,griseocollis,Female,AMOCAN,No,na,
Nachusa2020_0334,7/1/2020,leopold_knob,1,CRD,12:06:00 PM,12:35:00 PM,84,2,2,griseocollis,Female,AMOCAN,No,na,
Nachusa2020_0335,7/1/2020,leopold_knob,1,CRD,12:06:00 PM,12:35:00 PM,84,2,2,griseocollis,Female,AMOCAN,No,na,
Nachusa2020_0336,7/1/2020,leopold_knob,1,CRD,12:06:00 PM,12:35:00 PM,84,2,2,griseocollis,Female,AMOCAN,No,na,
Nachusa2020_0337,7/1/2020,leopold_knob,1,CRD,12:06:00 PM,12:35:00 PM,84,2,2,impatiens,Female,AMOCAN,No,na,
Nachusa2020_0338,7/1/2020,leopold_knob,1,CRD,12:06:00 PM,12:35:00 PM,84,2,2,griseocollis,Female,AMOCAN,No,na,
Nachusa2020_0339,7/1/2020,leopold_knob,1,CRD,12:06:00 PM,12:35:00 PM,84,2,2,griseocollis,Female,AMOCAN,No,na,
Nachusa2020_0340,7/1/2020,leopold_knob,1,CRD,12:06:00 PM,12:35:00 PM,84,2,2,griseocollis,Female,AMOCAN,No,na,
Nachusa2020_0341,7/1/2020,leopold_knob,1,CRD,12:06:00 PM,12:35:00 PM,84,2,2,auri/pens,Female,AMOCAN,No,na,photo #068
Nachusa2020_0342,7/1/2020,naylor_road,2,CRD,2:22:00 PM,2:54:00 PM,85,2,2,griseocollis,Female,BAPALB,No,na,photo #069; pollen on bottom 
Nachusa2020_0343,7/1/2020,naylor_road,2,CRD,2:22:00 PM,2:54:00 PM,85,2,2,griseocollis,Female,DALCAN,No,na,
Nachusa2020_0344,7/1/2020,naylor_road,2,CRD,2:22:00 PM,2:54:00 PM,85,2,2,griseocollis,Female,AMOCAN,No,na,
Nachusa2020_0345,7/1/2020,naylor_road,2,CRD,2:22:00 PM,2:54:00 PM,85,2,2,griseocollis,Female,AMOCAN,No,na,
Nachusa2020_0346,7/1/2020,naylor_road,2,CRD,2:22:00 PM,2:54:00 PM,85,2,2,griseocollis,Female,DALCAN,No,na,
Nachusa2020_0347,7/1/2020,naylor_road,2,CRD,2:22:00 PM,2:54:00 PM,85,2,2,griseocollis,Female,AMOCAN,No,na,
Nachusa2020_0348,7/1/2020,naylor_road,2,CRD,2:22:00 PM,2:54:00 PM,85,2,2,griseocollis,Female,BAPALB,No,na,
Nachusa2020_0349,7/1/2020,naylor_road,2,CRD,2:22:00 PM,2:54:00 PM,85,2,2,griseocollis,Female,AMOCAN,No,na,
Nachusa2020_0350,7/1/2020,naylor_road,2,CRD,2:22:00 PM,2:54:00 PM,85,2,2,griseocollis,Female,AMOCAN,No,na,
Nachusa2020_0351,7/1/2020,naylor_road,2,CRD,2:22:00 PM,2:54:00 PM,85,2,2,griseocollis,Female,BAPALB,No,na,
Nachusa2020_0352,7/1/2020,naylor_road,2,CRD,2:22:00 PM,2:54:00 PM,85,2,2,impatiens,Female,AMOCAN,No,na,
Nachusa2020_0353,7/1/2020,naylor_road,2,CRD,2:22:00 PM,2:54:00 PM,85,2,2,auri/pens,Female,BAPALB,No,na,photo #070
Nachusa2020_0354,7/1/2020,naylor_road,2,CRD,2:22:00 PM,2:54:00 PM,85,2,2,griseocollis,Female,AMOCAN,No,na,
Nachusa2020_0355,7/1/2020,naylor_road,2,CRD,2:22:00 PM,2:54:00 PM,85,2,2,griseocollis,Female,AMOCAN,No,na,"photo #071; extremely worn, no hair on T2; confirm ID"
Nachusa2020_0356,7/1/2020,naylor_road,2,CRD,2:22:00 PM,2:54:00 PM,85,2,2,griseocollis,Female,AMOCAN,No,na,
Nachusa2020_0357,7/1/2020,naylor_road,2,CRD,2:22:00 PM,2:54:00 PM,85,2,2,griseocollis,Female,AMOCAN,No,na,switched between amocan and bapalb
Nachusa2020_0358,7/1/2020,naylor_road,2,CRD,2:22:00 PM,2:54:00 PM,85,2,2,griseocollis,Female,AMOCAN,No,na,
Nachusa2020_0359,7/1/2020,naylor_road,2,CRD,2:22:00 PM,2:54:00 PM,85,2,2,griseocollis,Female,AMOCAN,No,na,
Nachusa2020_0360,7/1/2020,naylor_road,2,CRD,2:22:00 PM,2:54:00 PM,85,2,2,auri/pens,Female,BAPALB,No,na,
Nachusa2020_0361,7/1/2020,naylor_road,2,CRD,2:22:00 PM,2:54:00 PM,85,2,2,auri/pens,Female,BAPALB,No,na,
Nachusa2020_0362,7/2/2020,no_name_knob,1,CRD,11:55:00 AM,12:21:00 PM,84,1,2,pensylvanicus,Female,TRIPRA,No,na,photo #076; ocelli above eyes
Nachusa2020_0363,7/2/2020,no_name_knob,1,CRD,11:55:00 AM,12:21:00 PM,84,1,2,auri/pens,Female,TRIPRA,No,na,photo #077
Nachusa2020_0364,7/2/2020,no_name_knob,1,CRD,11:55:00 AM,12:21:00 PM,84,1,2,auricomus,Female,TRIPRA,No,na,photo #078
Nachusa2020_0365,7/2/2020,no_name_knob,1,CRD,11:55:00 AM,12:21:00 PM,84,1,2,auri/pens,Female,BAPALB,No,na,photo #079
Nachusa2020_0366,7/2/2020,no_name_knob,1,CRD,11:55:00 AM,12:21:00 PM,84,1,2,griseocollis,Female,AMOCAN,No,na,
Nachusa2020_0367,7/2/2020,isabells_knob,1,CRD,1:08:00 PM,1:38:00 PM,86,1,2,griseocollis,Female,AMOCAN,No,na,
Nachusa2020_0368,7/2/2020,isabells_knob,1,CRD,1:08:00 PM,1:38:00 PM,86,1,2,auricomus,Female,BAPALB,No,na,"yellow head, photo #080"
Nachusa2020_0369,7/2/2020,isabells_knob,1,CRD,1:08:00 PM,1:38:00 PM,86,1,2,griseocollis,Female,BAPALB,No,na,photo #081
Nachusa2020_0370,7/2/2020,isabells_knob,1,CRD,1:08:00 PM,1:38:00 PM,86,1,2,auricomus,Female,BAPALB,No,na,photo #082
Nachusa2020_0371,7/2/2020,isabells_knob,1,CRD,1:08:00 PM,1:38:00 PM,86,1,2,griseocollis,Female,AMOCAN,No,na,
Nachusa2020_0372,7/2/2020,isabells_knob,1,CRD,1:08:00 PM,1:38:00 PM,86,1,2,griseocollis,Female,BAPALB,No,na,
Nachusa2020_0373,7/2/2020,isabells_knob,1,CRD,1:08:00 PM,1:38:00 PM,86,1,2,auri/pens,Female,BAPALB,No,na,photo #083
Nachusa2020_0374,7/2/2020,isabells_knob,1,CRD,1:08:00 PM,1:38:00 PM,86,1,2,auri/pens,Female,BAPALB,No,na,photo #084
Nachusa2020_0375,7/2/2020,isabells_knob,1,CRD,1:08:00 PM,1:38:00 PM,86,1,2,auri/pens,Female,BAPALB,No,na,
Nachusa2020_0376,7/2/2020,isabells_knob,1,CRD,1:08:00 PM,1:38:00 PM,86,1,2,griseocollis,Female,BAPALB,No,na,
Nachusa2020_0377,7/2/2020,isabells_knob,1,CRD,1:08:00 PM,1:38:00 PM,86,1,2,griseocollis,Female,BAPALB,No,na,
Nachusa2020_0378,7/2/2020,isabells_knob,1,CRD,1:08:00 PM,1:38:00 PM,86,1,2,griseocollis,Female,BAPALB,No,na,
Nachusa2020_0379,7/2/2020,isabells_knob,1,CRD,1:08:00 PM,1:38:00 PM,86,1,2,griseocollis,Female,BAPALB,No,na,
Nachusa2020_0380,7/2/2020,isabells_knob,1,CRD,1:08:00 PM,1:38:00 PM,86,1,2,griseocollis,Female,BAPALB,No,na,
Nachusa2020_0381,7/2/2020,isabells_knob,1,CRD,1:08:00 PM,1:38:00 PM,86,1,2,griseocollis,Female,BAPALB,No,na,
Nachusa2020_0382,7/2/2020,isabells_knob,1,CRD,1:08:00 PM,1:38:00 PM,86,1,2,griseocollis,Female,BAPALB,No,na,
Nachusa2020_0383,7/2/2020,isabells_knob,1,CRD,1:08:00 PM,1:38:00 PM,86,1,2,auri/pens,Female,BAPALB,No,na,
Nachusa2020_0384,7/2/2020,isabells_knob,1,CRD,1:08:00 PM,1:38:00 PM,86,1,2,auri/pens,Female,BAPALB,No,na,
Nachusa2020_0385,7/2/2020,isabells_knob,1,CRD,1:08:00 PM,1:38:00 PM,86,1,2,griseocollis,Female,BAPALB,No,na,
Nachusa2020_0386,7/2/2020,isabells_knob,1,CRD,1:08:00 PM,1:38:00 PM,86,1,2,auricomus,Female,BAPALB,No,na,yellow on head
Nachusa2020_0387,7/2/2020,isabells_knob,1,CRD,1:08:00 PM,1:38:00 PM,86,1,2,auricomus,Female,BAPALB,No,na,yellow on head
Nachusa2020_0388,7/2/2020,isabells_knob,1,CRD,1:08:00 PM,1:38:00 PM,86,1,2,auricomus,Female,BAPALB,No,na,yellow on head
Nachusa2020_0389,7/2/2020,isabells_knob,1,CRD,1:08:00 PM,1:38:00 PM,86,1,2,griseocollis,Female,BAPALB,No,na,
Nachusa2020_0390,7/2/2020,isabells_knob,1,CRD,1:08:00 PM,1:38:00 PM,86,1,2,griseocollis,Female,BAPALB,No,na,
Nachusa2020_0391,7/2/2020,isabells_knob,1,CRD,1:08:00 PM,1:38:00 PM,86,1,2,bimaculatus,Female,BAPALB,No,na,
Nachusa2020_0392,7/2/2020,isabells_knob,1,CRD,1:08:00 PM,1:38:00 PM,86,1,2,auri/pens,Female,BAPALB,No,na,
Nachusa2020_0393,7/2/2020,isabells_knob,1,CRD,1:08:00 PM,1:38:00 PM,86,1,2,auri/pens,Female,BAPALB,No,na,
Nachusa2020_0394,7/2/2020,main_unit_knobs,2,CRD,3:42:00 PM,4:08:00 PM,86,2,2,auricomus,Female,BAPALB,No,na,photo #085
Nachusa2020_0395,7/2/2020,main_unit_knobs,2,CRD,3:42:00 PM,4:08:00 PM,86,2,2,auri/pens,Female,BAPALB,No,na,photo #086
Nachusa2020_0396,7/2/2020,main_unit_knobs,2,CRD,3:42:00 PM,4:08:00 PM,86,2,2,auri/pens,Female,BAPALB,No,na,
Nachusa2020_0397,7/2/2020,main_unit_knobs,2,CRD,3:42:00 PM,4:08:00 PM,86,2,2,auri/pens,Female,BAPALB,No,na,
Nachusa2020_0398,7/2/2020,main_unit_knobs,2,CRD,3:42:00 PM,4:08:00 PM,86,2,2,griseocollis,Female,BAPALB,No,na,
Nachusa2020_0399,7/2/2020,main_unit_knobs,2,CRD,3:42:00 PM,4:08:00 PM,86,2,2,griseocollis,Female,BAPALB,No,na,
Nachusa2020_0400,7/2/2020,main_unit_knobs,2,CRD,3:42:00 PM,4:08:00 PM,86,2,2,auri/pens,Female,BAPALB,No,na,
Nachusa2020_0401,7/2/2020,main_unit_knobs,2,CRD,3:42:00 PM,4:08:00 PM,86,2,2,auri/pens,Female,BAPALB,No,na,
Nachusa2020_0402,7/2/2020,main_unit_knobs,2,CRD,3:42:00 PM,4:08:00 PM,86,2,2,rufocinctus,Female,TRIHYB,No,na,
Nachusa2020_0403,7/2/2020,main_unit_knobs,2,CRD,3:42:00 PM,4:08:00 PM,86,2,2,vagans,Female,TRIHYB,No,na,
Nachusa2020_0404,7/2/2020,main_unit_knobs,2,CRD,3:42:00 PM,4:08:00 PM,86,2,2,griseocollis,Female,BAPALB,No,na,
Nachusa2020_0405,7/2/2020,main_unit_knobs,2,CRD,3:42:00 PM,4:08:00 PM,86,2,2,rufocinctus,Female,TRIHYB,No,na,
Nachusa2020_0406,7/2/2020,main_unit_knobs,2,CRD,3:42:00 PM,4:08:00 PM,86,2,2,auri/pens,Female,BAPALB,No,na,
Nachusa2020_0407,7/2/2020,main_unit_knobs,2,CRD,3:42:00 PM,4:08:00 PM,86,2,2,griseocollis,Female,BAPALB,No,na,
Nachusa2020_0408,7/2/2020,main_unit_knobs,2,CRD,3:42:00 PM,4:08:00 PM,86,2,2,auri/pens,Female,BAPALB,No,na,
Nachusa2020_0409,7/2/2020,main_unit_knobs,2,CRD,3:42:00 PM,4:08:00 PM,86,2,2,griseocollis,Female,TRIPRA,No,na,
Nachusa2020_0410,7/2/2020,williams,1,CRD,10:31:00 AM,10:56:00 AM,82,1,1,fervidus,Female,TRIPRA,No,na,photo #073
Nachusa2020_0411,7/2/2020,williams,1,CRD,10:31:00 AM,10:56:00 AM,82,1,1,pensylvanicus,Female,TRIPRA,No,na,"intitally seen on DALCAN. Black face, photo #074"
Nachusa2020_0412,7/2/2020,williams,1,CRD,10:31:00 AM,10:56:00 AM,82,1,1,bimaculatus,Female,TRIPRA,No,na,photo #075
Nachusa2020_0413,7/3/2020,no_name_knob,2,CRD,12:18:00 PM,12:42:00 PM,85,1,1,fervidus,Female,BAPALB,No,na,photo #087
Nachusa2020_0414,7/3/2020,no_name_knob,2,CRD,12:18:00 PM,12:42:00 PM,85,1,1,rufocinctus,Female,DALPUR,No,na,photo #088
Nachusa2020_0415,7/3/2020,no_name_knob,2,CRD,12:18:00 PM,12:42:00 PM,85,1,1,griseocollis,Female,BAPALB,No,na,
Nachusa2020_0416,7/3/2020,no_name_knob,2,CRD,12:18:00 PM,12:42:00 PM,85,1,1,griseocollis,Female,BAPALB,No,na,
Nachusa2020_0417,7/3/2020,no_name_knob,2,CRD,12:18:00 PM,12:42:00 PM,85,1,1,griseocollis,Female,AMOCAN,No,na,
Nachusa2020_0418,7/3/2020,no_name_knob,2,CRD,12:18:00 PM,12:42:00 PM,85,1,1,auri/pens,Female,BAPALB,No,na,
Nachusa2020_0419,7/3/2020,no_name_knob,2,CRD,12:18:00 PM,12:42:00 PM,85,1,1,rufocinctus,Female,ECHPAL,No,na,
Nachusa2020_0420,7/3/2020,no_name_knob,2,CRD,12:18:00 PM,12:42:00 PM,85,1,1,fervidus,Female,BAPALB,No,na,
Nachusa2020_0421,7/3/2020,williams,2,CRD,1:47:00 PM,2:08:00 PM,84,1,1,griseocollis,Male,ECHPAL,No,na,photo #089; first male
Nachusa2020_0422,7/4/2020,no_name_knob,3,CRD,10:54:00 AM,11:21:00 AM,82,1,2,griseocollis,Female,BAPALB,No,na,
Nachusa2020_0423,7/4/2020,no_name_knob,3,CRD,10:54:00 AM,11:21:00 AM,82,1,2,griseocollis,Female,BAPALB,No,na,
Nachusa2020_0424,7/4/2020,no_name_knob,3,CRD,10:54:00 AM,11:21:00 AM,82,1,2,griseocollis,Female,DALPUR,No,na,
Nachusa2020_0425,7/4/2020,no_name_knob,3,CRD,10:54:00 AM,11:21:00 AM,82,1,2,griseocollis,Female,DALPUR,No,na,photo #90
Nachusa2020_0426,7/4/2020,no_name_knob,3,CRD,10:54:00 AM,11:21:00 AM,82,1,2,vagans,Female,DALPUR,No,na,"CHECK ID; photo #094 *UPDATE, Identified*"
Nachusa2020_0427,7/4/2020,no_name_knob,3,CRD,10:54:00 AM,11:21:00 AM,82,1,2,griseocollis,Female,BAPALB,No,na,Queen? Photo #091
Nachusa2020_0428,7/4/2020,no_name_knob,3,CRD,10:54:00 AM,11:21:00 AM,82,1,2,bimaculatus,Female,BAPALB,No,na,
Nachusa2020_0429,7/4/2020,no_name_knob,3,CRD,10:54:00 AM,11:21:00 AM,82,1,2,impatiens,Female,DALPUR,No,na,
Nachusa2020_0430,7/4/2020,no_name_knob,3,CRD,10:54:00 AM,11:21:00 AM,82,1,2,auri/pens,Female,DALPUR,No,na,photo #093
Nachusa2020_0431,7/4/2020,no_name_knob,3,CRD,10:54:00 AM,11:21:00 AM,82,1,2,rufocinctus,Female,DALPUR,No,na,yellow form; specimen taken
Nachusa2020_0432,7/4/2020,no_name_knob,3,CRD,10:54:00 AM,11:21:00 AM,82,1,2,griseocollis,Female,DALPUR,No,na,
Nachusa2020_0433,7/4/2020,no_name_knob,3,CRD,10:54:00 AM,11:21:00 AM,82,1,2,griseocollis,Female,DALPUR,No,na,
Nachusa2020_0434,7/6/2020,SE_knob,1,CRD,2:06:00 PM,2:24:00 PM,90,1,1,auricomus,Female,BAPALB,No,na,photo #095
Nachusa2020_0435,7/6/2020,SE_knob,1,CRD,2:06:00 PM,2:24:00 PM,90,1,1,auricomus,Female,BAPALB,No,na,
Nachusa2020_0436,7/6/2020,SE_knob,1,CRD,2:06:00 PM,2:24:00 PM,90,1,1,auri/pens,Female,BAPALB,No,na,
Nachusa2020_0437,7/6/2020,SE_knob,1,CRD,2:06:00 PM,2:24:00 PM,90,1,1,auri/pens,Female,BAPALB,No,na,
Nachusa2020_0438,7/6/2020,SE_knob,1,CRD,2:06:00 PM,2:24:00 PM,90,1,1,auri/pens,Female,BAPALB,No,na,
Nachusa2020_0439,7/6/2020,SE_knob,1,CRD,2:06:00 PM,2:24:00 PM,90,1,1,auricomus,Female,BAPALB,No,na,photo #096
Nachusa2020_0440,7/6/2020,SE_knob,1,CRD,2:06:00 PM,2:24:00 PM,90,1,1,griseocollis,Female,BAPALB,No,na,
Nachusa2020_0441,7/6/2020,SE_knob,1,CRD,2:06:00 PM,2:24:00 PM,90,1,1,griseocollis,Female,BAPALB,No,na,
Nachusa2020_0442,7/6/2020,SE_knob,1,CRD,2:06:00 PM,2:24:00 PM,90,1,1,auri/pens,Female,BAPALB,No,na,
Nachusa2020_0443,7/6/2020,SE_knob,1,CRD,2:06:00 PM,2:24:00 PM,90,1,1,auricomus,Female,BAPALB,No,na,
Nachusa2020_0444,7/6/2020,SE_knob,1,CRD,2:06:00 PM,2:24:00 PM,90,1,1,auri/pens,Female,BAPALB,No,na,
Nachusa2020_0445,7/6/2020,schafer_knob,2,CRD,3:03:00 PM,3:30:00 PM,90,1,1,impatiens,Female,BAPALB,No,na,specimen taken; needs pinned and ID; vial 61 *UPDATE Identified*
Nachusa2020_0446,7/6/2020,schafer_knob,2,CRD,3:03:00 PM,3:30:00 PM,90,1,1,griseocollis,Female,BAPALB,No,na,
Nachusa2020_0447,7/6/2020,schafer_knob,2,CRD,3:03:00 PM,3:30:00 PM,90,1,1,fervidus,Female,BAPALB,No,na,photo #097
Nachusa2020_0448,7/6/2020,schafer_knob,2,CRD,3:03:00 PM,3:30:00 PM,90,1,1,griseocollis,Female,BAPALB,No,na,
Nachusa2020_0449,7/6/2020,schafer_knob,2,CRD,3:03:00 PM,3:30:00 PM,90,1,1,griseocollis,Female,BAPALB,No,na,
Nachusa2020_0450,7/6/2020,schafer_knob,2,CRD,3:03:00 PM,3:30:00 PM,90,1,1,griseocollis,Female,BAPALB,No,na,
Nachusa2020_0451,7/6/2020,schafer_knob,2,CRD,3:03:00 PM,3:30:00 PM,90,1,1,griseocollis,Female,BAPALB,No,na,
Nachusa2020_0452,7/6/2020,schafer_knob,2,CRD,3:03:00 PM,3:30:00 PM,90,1,1,griseocollis,Female,BAPALB,No,na,
Nachusa2020_0453,7/6/2020,schafer_knob,2,CRD,3:03:00 PM,3:30:00 PM,90,1,1,impatiens,Female,TRIPRA,No,na,
Nachusa2020_0454,7/6/2020,schafer_knob,2,CRD,3:03:00 PM,3:30:00 PM,90,1,1,griseocollis,Female,BAPALB,No,na,
Nachusa2020_0455,7/6/2020,schafer_knob,2,CRD,3:03:00 PM,3:30:00 PM,90,1,1,griseocollis,Female,BAPALB,No,na,
Nachusa2020_0456,7/6/2020,schafer_knob,2,CRD,3:03:00 PM,3:30:00 PM,90,1,1,auri/pens,Female,MONFIS,No,na,
Nachusa2020_0457,7/6/2020,schafer_knob,2,CRD,3:03:00 PM,3:30:00 PM,90,1,1,auricomus,Female,MONFIS,No,na,photo #098
Nachusa2020_0458,7/6/2020,schafer_knob,2,CRD,3:03:00 PM,3:30:00 PM,90,1,1,auricomus,Female,BAPALB,No,na,
Nachusa2020_0459,7/6/2020,schafer_knob,2,CRD,3:03:00 PM,3:30:00 PM,90,1,1,impatiens,Female,MONFIS,No,na,
Nachusa2020_0460,7/6/2020,schafer_knob,2,CRD,3:03:00 PM,3:30:00 PM,90,1,1,griseocollis,Female,BAPALB,No,na,
Nachusa2020_0461,7/6/2020,schafer_knob,2,CRD,3:03:00 PM,3:30:00 PM,90,1,1,griseocollis,Female,BAPALB,No,na,
Nachusa2020_0462,7/6/2020,schafer_knob,2,CRD,3:03:00 PM,3:30:00 PM,90,1,1,griseocollis,Female,BAPALB,No,na,
Nachusa2020_0463,7/6/2020,schafer_knob,2,CRD,3:03:00 PM,3:30:00 PM,90,1,1,auri/pens,Female,BAPALB,No,na,
Nachusa2020_0464,7/6/2020,schafer_knob,2,CRD,3:03:00 PM,3:30:00 PM,90,1,1,griseocollis,Female,BAPALB,No,na,
Nachusa2020_0465,7/6/2020,schafer_knob,2,CRD,3:03:00 PM,3:30:00 PM,90,1,1,impatiens,Female,MONFIS,No,na,
Nachusa2020_0466,7/6/2020,schafer_knob,2,CRD,3:03:00 PM,3:30:00 PM,90,1,1,impatiens,Female,MONFIS,No,na,
Nachusa2020_0467,7/6/2020,schafer_knob,2,CRD,3:03:00 PM,3:30:00 PM,90,1,1,auricomus,Female,MONFIS,No,na,photo #099
Nachusa2020_0468,7/6/2020,schafer_knob,2,CRD,3:03:00 PM,3:30:00 PM,90,1,1,auri/pens,Female,MONFIS,No,na,
Nachusa2020_0469,7/6/2020,schafer_knob,2,CRD,3:03:00 PM,3:30:00 PM,90,1,1,auri/pens,Female,BAPALB,No,na,
Nachusa2020_0470,7/7/2020,schafer_knob,3,CRD,9:10:00 AM,9:41:00 AM,83,1,1,impatiens,Female,TRIPRA,No,na,
Nachusa2020_0471,7/7/2020,schafer_knob,3,CRD,9:10:00 AM,9:41:00 AM,83,1,1,fervidus,Female,BAPALB,No,na,photo #100
Nachusa2020_0472,7/7/2020,schafer_knob,3,CRD,9:10:00 AM,9:41:00 AM,83,1,1,rufocinctus,Female,HYPPER,No,na,
Nachusa2020_0473,7/7/2020,schafer_knob,3,CRD,9:10:00 AM,9:41:00 AM,83,1,1,vagans,Female,HYPPER,No,na,photo #101
Nachusa2020_0474,7/7/2020,schafer_knob,3,CRD,9:10:00 AM,9:41:00 AM,83,1,1,bimaculatus,Female,DAUCAR,No,na,collecting pollen
Nachusa2020_0475,7/7/2020,schafer_knob,3,CRD,9:10:00 AM,9:41:00 AM,83,1,1,griseocollis,Female,MONFIS,No,na,
Nachusa2020_0476,7/7/2020,schafer_knob,3,CRD,9:10:00 AM,9:41:00 AM,83,1,1,impatiens,Female,MONFIS,No,na,photo #102
Nachusa2020_0477,7/7/2020,schafer_knob,3,CRD,9:10:00 AM,9:41:00 AM,83,1,1,auri/pens,Female,BAPALB,No,na,
Nachusa2020_0478,7/7/2020,schafer_knob,3,CRD,9:10:00 AM,9:41:00 AM,83,1,1,impatiens,Female,MONFIS,No,na,
Nachusa2020_0479,7/7/2020,schafer_knob,3,CRD,9:10:00 AM,9:41:00 AM,83,1,1,impatiens,Female,MONFIS,No,na,
Nachusa2020_0480,7/7/2020,schafer_knob,3,CRD,9:10:00 AM,9:41:00 AM,83,1,1,auri/pens,Female,BAPALB,No,na,
Nachusa2020_0481,7/7/2020,schafer_knob,3,CRD,9:10:00 AM,9:41:00 AM,83,1,1,auri/pens,Female,BAPALB,No,na,
Nachusa2020_0482,7/7/2020,schafer_knob,3,CRD,9:10:00 AM,9:41:00 AM,83,1,1,auri/pens,Female,BAPALB,No,na,
Nachusa2020_0483,7/7/2020,schafer_knob,3,CRD,9:10:00 AM,9:41:00 AM,83,1,1,auricomus,Female,BAPALB,No,na,photo #103
Nachusa2020_0484,7/7/2020,schafer_knob,3,CRD,9:10:00 AM,9:41:00 AM,83,1,1,griseocollis,Female,BAPALB,No,na,
Nachusa2020_0485,7/7/2020,schafer_knob,3,CRD,9:10:00 AM,9:41:00 AM,83,1,1,auri/pens,Female,BAPALB,No,na,
Nachusa2020_0486,7/7/2020,schafer_knob,3,CRD,9:10:00 AM,9:41:00 AM,83,1,1,auri/pens,Female,BAPALB,No,na,
Nachusa2020_0487,7/7/2020,schafer_knob,3,CRD,9:10:00 AM,9:41:00 AM,83,1,1,auri/pens,Female,BAPALB,No,na,
Nachusa2020_0488,7/7/2020,schafer_knob,3,CRD,9:10:00 AM,9:41:00 AM,83,1,1,vagans,Female,PLALAN,No,na,photo #104
Nachusa2020_0489,7/7/2020,schafer_knob,3,CRD,9:10:00 AM,9:41:00 AM,83,1,1,auricomus,Female,TRIPRA,No,na,photo #105
Nachusa2020_0490,7/7/2020,schafer_knob,3,CRD,9:10:00 AM,9:41:00 AM,83,1,1,auri/pens,Female,BAPALB,No,na,
Nachusa2020_0491,7/7/2020,schafer_knob,3,CRD,9:10:00 AM,9:41:00 AM,83,1,1,griseocollis,Female,MONFIS,No,na,
Nachusa2020_0492,7/7/2020,schafer_knob,3,CRD,9:10:00 AM,9:41:00 AM,83,1,1,impatiens,Female,MONFIS,No,na,
Nachusa2020_0493,7/7/2020,schafer_knob,3,CRD,9:10:00 AM,9:41:00 AM,83,1,1,auri/pens,Female,BAPALB,No,na,
Nachusa2020_0494,7/7/2020,doug_dot_unit,2,CRD,10:53:00 AM,11:15:00 AM,86,1,2,griseocollis,Female,DALCAN,No,na,
Nachusa2020_0495,7/7/2020,doug_dot_unit,2,CRD,10:53:00 AM,11:15:00 AM,86,1,2,griseocollis,Female,DALCAN,No,na,
Nachusa2020_0496,7/7/2020,doug_dot_unit,2,CRD,10:53:00 AM,11:15:00 AM,86,1,2,rufocinctus,Female,DALPUR,No,na,
Nachusa2020_0497,7/7/2020,doug_dot_unit,2,CRD,10:53:00 AM,11:15:00 AM,86,1,2,rufocinctus,Female,DALCAN,No,na,
Nachusa2020_0498,7/7/2020,doug_dot_unit,2,CRD,10:53:00 AM,11:15:00 AM,86,1,2,griseocollis,Female,DALCAN,No,na,
Nachusa2020_0499,7/7/2020,doug_dot_unit,2,CRD,10:53:00 AM,11:15:00 AM,86,1,2,griseocollis,Female,DALCAN,No,na,
Nachusa2020_0500,7/7/2020,doug_dot_unit,2,CRD,10:53:00 AM,11:15:00 AM,86,1,2,griseocollis,Female,DALCAN,No,na,photo #106
Nachusa2020_0501,7/7/2020,doug_dot_unit,2,CRD,10:53:00 AM,11:15:00 AM,86,1,2,fervidus,Female,BAPALB,No,na,photo #107
Nachusa2020_0502,7/7/2020,holland_prairie_east,3,CRD,1:33:00 PM,2:10:00 PM,89,1,2,griseocollis,Female,BAPALB,No,na,specimen taken; paint explosion. Vial 1
Nachusa2020_0503,7/7/2020,holland_prairie_east,3,CRD,1:33:00 PM,2:10:00 PM,89,1,2,griseocollis,Female,BAPALB,Yes,043,photo #108
Nachusa2020_0504,7/7/2020,holland_prairie_east,3,CRD,1:33:00 PM,2:10:00 PM,89,1,2,griseocollis,Female,DALCAN,Yes,044,photo #109
Nachusa2020_0505,7/7/2020,holland_prairie_east,3,CRD,1:33:00 PM,2:10:00 PM,89,1,2,griseocollis,Female,TRIPRA,Yes,045,
Nachusa2020_0506,7/7/2020,holland_prairie_east,3,CRD,1:33:00 PM,2:10:00 PM,89,1,2,auricomus,Female,TRIPRA,Yes,046,photo #110
Nachusa2020_0507,7/7/2020,holland_prairie_east,3,CRD,1:33:00 PM,2:10:00 PM,89,1,2,griseocollis,Female,DALCAN,Yes,047,
Nachusa2020_0508,7/7/2020,holland_prairie_east,3,CRD,1:33:00 PM,2:10:00 PM,89,1,2,impatiens,Female,TRIPRA,Yes,048,
Nachusa2020_0509,7/7/2020,holland_prairie_east,3,CRD,1:33:00 PM,2:10:00 PM,89,1,2,auricomus,Female,BAPALB,Yes,049,
Nachusa2020_0510,7/7/2020,holland_prairie_east,3,CRD,1:33:00 PM,2:10:00 PM,89,1,2,griseocollis,Female,BAPALB,Yes,050,
Nachusa2020_0511,7/7/2020,holland_prairie_east,3,CRD,1:33:00 PM,2:10:00 PM,89,1,2,impatiens,Female,TRIPRA,Yes,051,
Nachusa2020_0512,7/7/2020,holland_prairie_east,3,CRD,1:33:00 PM,2:10:00 PM,89,1,2,griseocollis,Female,BAPALB,No,na,
Nachusa2020_0513,7/7/2020,holland_prairie_east,3,CRD,1:33:00 PM,2:10:00 PM,89,1,2,rufocinctus,Female,PYCTEN,No,na,
Nachusa2020_0514,7/7/2020,holland_prairie_east,3,CRD,1:33:00 PM,2:10:00 PM,89,1,2,auri/pens,Female,BAPALB,No,na,
Nachusa2020_0515,7/7/2020,holland_prairie_west,3,CRD,3:28:00 PM,4:00:00 PM,88,2,2,auricomus,Female,TRIPRA,Yes,052,photo #111
Nachusa2020_0516,7/7/2020,holland_prairie_west,3,CRD,3:28:00 PM,4:00:00 PM,88,2,2,auricomus,Female,BAPALB,Yes,053,photo #112
Nachusa2020_0517,7/7/2020,holland_prairie_west,3,CRD,3:28:00 PM,4:00:00 PM,88,2,2,griseocollis,Female,DALCAN,Yes,054,
Nachusa2020_0518,7/7/2020,holland_prairie_west,3,CRD,3:28:00 PM,4:00:00 PM,88,2,2,auricomus,Female,TRIPRA,Yes,055,
Nachusa2020_0519,7/7/2020,holland_prairie_west,3,CRD,3:28:00 PM,4:00:00 PM,88,2,2,impatiens,Female,TRIPRA,Yes,056,
Nachusa2020_0520,7/7/2020,holland_prairie_west,3,CRD,3:28:00 PM,4:00:00 PM,88,2,2,auricomus,Female,TRIPRA,Yes,057,photo #113
Nachusa2020_0521,7/7/2020,holland_prairie_west,3,CRD,3:28:00 PM,4:00:00 PM,88,2,2,impatiens,Female,TRIPRA,No,na,
Nachusa2020_0522,7/7/2020,holland_prairie_west,3,CRD,3:28:00 PM,4:00:00 PM,88,2,2,auricomus,Female,TRIPRA,Yes,058,
Nachusa2020_0523,7/7/2020,holland_prairie_west,3,CRD,3:28:00 PM,4:00:00 PM,88,2,2,griseocollis,Female,VERVIR,No,na,
Nachusa2020_0524,7/7/2020,holland_prairie_west,3,CRD,3:28:00 PM,4:00:00 PM,88,2,2,auricomus,Female,TRIPRA,No,059,mark is mostly green
Nachusa2020_0525,7/7/2020,holland_prairie_west,3,CRD,3:28:00 PM,4:00:00 PM,88,2,2,griseocollis,Female,BAPALB,No,na,very worn
Nachusa2020_0526,7/8/2020,prairie_potholes,2,CRD,8:30:00 AM,9:04:00 AM,72,1,1,griseocollis,Female,DALPUR,Yes,060,photo #114
Nachusa2020_0527,7/8/2020,prairie_potholes,2,CRD,8:30:00 AM,9:04:00 AM,72,1,1,griseocollis,Female,DALPUR,No,na,
Nachusa2020_0528,7/8/2020,prairie_potholes,2,CRD,8:30:00 AM,9:04:00 AM,72,1,1,griseocollis,Female,DALPUR,No,na,
Nachusa2020_0529,7/8/2020,prairie_potholes,2,CRD,8:30:00 AM,9:04:00 AM,72,1,1,griseocollis,Female,DALPUR,Yes,061,
Nachusa2020_0530,7/8/2020,prairie_potholes,2,CRD,8:30:00 AM,9:04:00 AM,72,1,1,auri/pens,Female,DALPUR,No,na,
Nachusa2020_0531,7/8/2020,prairie_potholes,2,CRD,8:30:00 AM,9:04:00 AM,72,1,1,griseocollis,Female,DALPUR,Yes,062,
Nachusa2020_0532,7/8/2020,prairie_potholes,2,CRD,8:30:00 AM,9:04:00 AM,72,1,1,rufocinctus,Female,DALPUR,No,na,
Nachusa2020_0533,7/8/2020,prairie_potholes,2,CRD,8:30:00 AM,9:04:00 AM,72,1,1,griseocollis,Female,DALPUR,Yes,063,
Nachusa2020_0534,7/8/2020,prairie_potholes,2,CRD,8:30:00 AM,9:04:00 AM,72,1,1,griseocollis,Female,DALPUR,No,na,
Nachusa2020_0535,7/8/2020,prairie_potholes,2,CRD,8:30:00 AM,9:04:00 AM,72,1,1,rufocinctus,Female,DALPUR,No,na,
Nachusa2020_0536,7/8/2020,prairie_potholes,2,CRD,8:30:00 AM,9:04:00 AM,72,1,1,griseocollis,Female,DALPUR,Yes,064,
Nachusa2020_0537,7/8/2020,prairie_potholes,2,CRD,8:30:00 AM,9:04:00 AM,72,1,1,griseocollis,Female,DALPUR,No,na,
Nachusa2020_0538,7/8/2020,prairie_potholes,2,CRD,8:30:00 AM,9:04:00 AM,72,1,1,auri/pens,Female,DALPUR,No,na,
Nachusa2020_0539,7/8/2020,prairie_potholes,2,CRD,8:30:00 AM,9:04:00 AM,72,1,1,griseocollis,Female,DALPUR,Yes,065,
Nachusa2020_0540,7/8/2020,prairie_potholes,2,CRD,8:30:00 AM,9:04:00 AM,72,1,1,rufocinctus,Female,DALPUR,No,na,
Nachusa2020_0541,7/8/2020,prairie_potholes,2,CRD,8:30:00 AM,9:04:00 AM,72,1,1,griseocollis,Female,DALPUR,Yes,066,
Nachusa2020_0542,7/8/2020,prairie_potholes,2,CRD,8:30:00 AM,9:04:00 AM,72,1,1,griseocollis,Female,DALPUR,No,na,
Nachusa2020_0543,7/8/2020,prairie_potholes,2,CRD,8:30:00 AM,9:04:00 AM,72,1,1,griseocollis,Female,DALPUR,Yes,067,
Nachusa2020_0544,7/8/2020,prairie_potholes,2,CRD,8:30:00 AM,9:04:00 AM,72,1,1,griseocollis,Female,DALPUR,No,na,
Nachusa2020_0545,7/8/2020,prairie_potholes,2,CRD,8:30:00 AM,9:04:00 AM,72,1,1,griseocollis,Female,DALCAN,No,na,
Nachusa2020_0546,7/8/2020,prairie_potholes,2,CRD,8:30:00 AM,9:04:00 AM,72,1,1,griseocollis,Female,DALCAN,No,na,
Nachusa2020_0547,7/8/2020,prairie_potholes,2,CRD,8:30:00 AM,9:04:00 AM,72,1,1,impatiens,Female,TRIPRA,No,na,
Nachusa2020_0548,7/8/2020,prairie_potholes,2,CRD,8:30:00 AM,9:04:00 AM,72,1,1,griseocollis,Female,DALCAN,Yes,068,
Nachusa2020_0549,7/8/2020,big_woods,2,CRD,10:21:00 AM,10:52:00 AM,82,1,1,rufocinctus,Female,DALPUR,No,na,
Nachusa2020_0550,7/8/2020,big_woods,2,CRD,10:21:00 AM,10:52:00 AM,82,1,1,griseocollis,Female,DALPUR,No,na,
Nachusa2020_0551,7/8/2020,big_woods,2,CRD,10:21:00 AM,10:52:00 AM,82,1,1,auricomus,Female,BAPALB,Yes,069,
Nachusa2020_0552,7/8/2020,big_woods,2,CRD,10:21:00 AM,10:52:00 AM,82,1,1,griseocollis,Female,DALPUR,Yes,070,photo #115
Nachusa2020_0553,7/8/2020,big_woods,2,CRD,10:21:00 AM,10:52:00 AM,82,1,1,griseocollis,Female,DALPUR,Yes,071,
Nachusa2020_0554,7/8/2020,big_woods,2,CRD,10:21:00 AM,10:52:00 AM,82,1,1,auricomus,Female,DALPUR,Yes,072,
Nachusa2020_0555,7/8/2020,big_woods,2,CRD,10:21:00 AM,10:52:00 AM,82,1,1,griseocollis,Female,DALPUR,Yes,073,
Nachusa2020_0556,7/8/2020,big_woods,2,CRD,10:21:00 AM,10:52:00 AM,82,1,1,impatiens,Female,DALPUR,No,na,
Nachusa2020_0557,7/8/2020,big_woods,2,CRD,10:21:00 AM,10:52:00 AM,82,1,1,griseocollis,Female,DALPUR,No,na,
Nachusa2020_0558,7/8/2020,big_woods,2,CRD,10:21:00 AM,10:52:00 AM,82,1,1,rufocinctus,Female,DALPUR,No,na,photo #116 ; check id
Nachusa2020_0559,7/8/2020,big_woods,2,CRD,10:21:00 AM,10:52:00 AM,82,1,1,rufocinctus,Female,DALPUR,No,na,
Nachusa2020_0560,7/8/2020,big_woods,2,CRD,10:21:00 AM,10:52:00 AM,82,1,1,bimaculatus,Female,DALPUR,No,na,
Nachusa2020_0561,7/8/2020,big_woods,2,CRD,10:21:00 AM,10:52:00 AM,82,1,1,griseocollis,Female,DALPUR,Yes,074,
Nachusa2020_0562,7/8/2020,big_woods,2,CRD,10:21:00 AM,10:52:00 AM,82,1,1,vagans,Female,DALPUR,No,na,
Nachusa2020_0563,7/8/2020,big_woods,2,CRD,10:21:00 AM,10:52:00 AM,82,1,1,rufocinctus,Female,DALPUR,No,na,photo #117
Nachusa2020_0564,7/8/2020,big_woods,2,CRD,10:21:00 AM,10:52:00 AM,82,1,1,impatiens,Female,DALPUR,No,na,
Nachusa2020_0565,7/8/2020,east_heinkel,2,CRD,11:54:00 AM,12:16:00 PM,84,1,1,griseocollis,Female,DALPUR,No,na,
Nachusa2020_0566,7/8/2020,east_heinkel,2,CRD,11:54:00 AM,12:16:00 PM,84,1,1,rufocinctus,Female,DALPUR,No,na,
Nachusa2020_0567,7/8/2020,east_heinkel,2,CRD,11:54:00 AM,12:16:00 PM,84,1,1,rufocinctus,Female,DALPUR,No,na,
Nachusa2020_0568,7/8/2020,east_heinkel,2,CRD,11:54:00 AM,12:16:00 PM,84,1,1,griseocollis,Female,DALPUR,No,na,
Nachusa2020_0569,7/8/2020,east_heinkel,2,CRD,11:54:00 AM,12:16:00 PM,84,1,1,griseocollis,Female,DALPUR,No,na,
Nachusa2020_0570,7/8/2020,east_heinkel,2,CRD,11:54:00 AM,12:16:00 PM,84,1,1,griseocollis,Female,DALPUR,No,na,
Nachusa2020_0571,7/8/2020,east_heinkel,2,CRD,11:54:00 AM,12:16:00 PM,84,1,1,auricomus,Female,MONFIS,No,na,
Nachusa2020_0572,7/8/2020,east_heinkel,2,CRD,11:54:00 AM,12:16:00 PM,84,1,1,impatiens,Female,TRIPRA,No,na,
Nachusa2020_0573,7/8/2020,east_heinkel,2,CRD,11:54:00 AM,12:16:00 PM,84,1,1,griseocollis,Female,TRIPRA,No,na,
Nachusa2020_0574,7/8/2020,east_heinkel,2,CRD,11:54:00 AM,12:16:00 PM,84,1,1,fervidus,Female,TRIPRA,No,na,
Nachusa2020_0575,7/8/2020,east_heinkel,2,CRD,11:54:00 AM,12:16:00 PM,84,1,1,impatiens,Female,TRIPRA,No,na,
Nachusa2020_0576,7/8/2020,east_heinkel,2,CRD,11:54:00 AM,12:16:00 PM,84,1,1,auri/pens,Female,BAPALB,No,na,
Nachusa2020_0577,7/8/2020,east_heinkel,2,CRD,11:54:00 AM,12:16:00 PM,84,1,1,auri/pens,Female,BAPALB,No,na,photo #118
Nachusa2020_0578,7/9/2020,prairie_potholes,3,CRD,8:24:00 AM,9:00:00 AM,78,2,2,griseocollis,Female,DALPUR,Yes,075,photo #119
Nachusa2020_0579,7/9/2020,prairie_potholes,3,CRD,8:24:00 AM,9:00:00 AM,78,2,2,rufocinctus,Female,DALPUR,No,na,
Nachusa2020_0580,7/9/2020,prairie_potholes,3,CRD,8:24:00 AM,9:00:00 AM,78,2,2,griseocollis,Female,DALPUR,Yes,076,
Nachusa2020_0581,7/9/2020,prairie_potholes,3,CRD,8:24:00 AM,9:00:00 AM,78,2,2,griseocollis,Female,DALPUR,No,na,
Nachusa2020_0582,7/9/2020,prairie_potholes,3,CRD,8:24:00 AM,9:00:00 AM,78,2,2,rufocinctus,Female,DALPUR,No,na,
Nachusa2020_0583,7/9/2020,prairie_potholes,3,CRD,8:24:00 AM,9:00:00 AM,78,2,2,impatiens,Female,DALPUR,No,na,
Nachusa2020_0584,7/9/2020,prairie_potholes,3,CRD,8:24:00 AM,9:00:00 AM,78,2,2,griseocollis,Female,DALPUR,No,na,
Nachusa2020_0585,7/9/2020,prairie_potholes,3,CRD,8:24:00 AM,9:00:00 AM,78,2,2,griseocollis,Female,DALPUR,Yes,077,
Nachusa2020_0586,7/9/2020,prairie_potholes,3,CRD,8:24:00 AM,9:00:00 AM,78,2,2,griseocollis,Female,DALPUR,Yes,078,
Nachusa2020_0587,7/9/2020,prairie_potholes,3,CRD,8:24:00 AM,9:00:00 AM,78,2,2,griseocollis,Female,DALPUR,No,na,
Nachusa2020_0588,7/9/2020,prairie_potholes,3,CRD,8:24:00 AM,9:00:00 AM,78,2,2,griseocollis,Female,DALPUR,No,na,
Nachusa2020_0589,7/9/2020,prairie_potholes,3,CRD,8:24:00 AM,9:00:00 AM,78,2,2,griseocollis,Female,DALPUR,Yes,079,
Nachusa2020_0590,7/9/2020,prairie_potholes,3,CRD,8:24:00 AM,9:00:00 AM,78,2,2,griseocollis,Female,DALPUR,No,na,
Nachusa2020_0591,7/9/2020,prairie_potholes,3,CRD,8:24:00 AM,9:00:00 AM,78,2,2,griseocollis,Female,DALPUR,No,na,
Nachusa2020_0592,7/9/2020,prairie_potholes,3,CRD,8:24:00 AM,9:00:00 AM,78,2,2,griseocollis,Female,DALPUR,No,na,
Nachusa2020_0593,7/9/2020,prairie_potholes,3,CRD,8:24:00 AM,9:00:00 AM,78,2,2,griseocollis,Female,DALPUR,No,na,
Nachusa2020_0594,7/9/2020,prairie_potholes,3,CRD,8:24:00 AM,9:00:00 AM,78,2,2,griseocollis,Female,DALPUR,No,na,
Nachusa2020_0595,7/9/2020,prairie_potholes,3,CRD,8:24:00 AM,9:00:00 AM,78,2,2,auricomus,Female,DALPUR,No,na,
Nachusa2020_0596,7/9/2020,prairie_potholes,3,CRD,8:24:00 AM,9:00:00 AM,78,2,2,griseocollis,Female,DALPUR,No,na,
Nachusa2020_0597,7/9/2020,prairie_potholes,3,CRD,8:24:00 AM,9:00:00 AM,78,2,2,auricomus,Female,DALPUR,No,na,
Nachusa2020_0598,7/9/2020,prairie_potholes,3,CRD,8:24:00 AM,9:00:00 AM,78,2,2,griseocollis,Female,DALPUR,Yes,080,
Nachusa2020_0599,7/9/2020,prairie_potholes,3,CRD,8:24:00 AM,9:00:00 AM,78,2,2,griseocollis,Female,DALPUR,No,na,
Nachusa2020_0600,7/9/2020,prairie_potholes,3,CRD,8:24:00 AM,9:00:00 AM,78,2,2,griseocollis,Female,DALPUR,No,na,
Nachusa2020_0601,7/9/2020,prairie_potholes,3,CRD,8:24:00 AM,9:00:00 AM,78,2,2,griseocollis,Female,DALPUR,No,na,
Nachusa2020_0602,7/9/2020,prairie_potholes,3,CRD,8:24:00 AM,9:00:00 AM,78,2,2,griseocollis,Female,DALPUR,No,na,
Nachusa2020_0603,7/9/2020,prairie_potholes,3,CRD,8:24:00 AM,9:00:00 AM,78,2,2,impatiens,Female,DALPUR,No,na,
Nachusa2020_0604,7/9/2020,prairie_potholes,3,CRD,8:24:00 AM,9:00:00 AM,78,2,2,griseocollis,Female,DALPUR,No,na,
Nachusa2020_0605,7/9/2020,prairie_potholes,3,CRD,8:24:00 AM,9:00:00 AM,78,2,2,rufocinctus,Female,DALPUR,No,na,photo #120
Nachusa2020_0606,7/9/2020,prairie_potholes,3,CRD,8:24:00 AM,9:00:00 AM,78,2,2,griseocollis,Female,DALPUR,No,na,
Nachusa2020_0607,7/9/2020,prairie_potholes,3,CRD,8:24:00 AM,9:00:00 AM,78,2,2,impatiens,Female,TRIPRA,No,na,
Nachusa2020_0608,7/9/2020,prairie_potholes,3,CRD,8:24:00 AM,9:00:00 AM,78,2,2,rufocinctus,Female,DALCAN,No,na,
Nachusa2020_0609,7/9/2020,prairie_potholes,3,CRD,8:24:00 AM,9:00:00 AM,78,2,2,griseocollis,Female,DALCAN,No,na,
Nachusa2020_0610,7/9/2020,prairie_potholes,3,CRD,8:24:00 AM,9:00:00 AM,78,2,2,rufocinctus,Female,DALCAN,No,na,
Nachusa2020_0611,7/9/2020,prairie_potholes,3,CRD,8:24:00 AM,9:00:00 AM,78,2,2,griseocollis,Female,DALCAN,No,na,
Nachusa2020_0612,7/9/2020,prairie_potholes,3,CRD,8:24:00 AM,9:00:00 AM,78,2,2,griseocollis,Female,DALCAN,No,na,
Nachusa2020_0613,7/9/2020,prairie_potholes,3,CRD,8:24:00 AM,9:00:00 AM,78,2,2,griseocollis,Female,DALCAN,No,na,
Nachusa2020_0614,7/9/2020,prairie_potholes,3,CRD,8:24:00 AM,9:00:00 AM,78,2,2,griseocollis,Female,DALCAN,No,na,
Nachusa2020_0615,7/9/2020,prairie_potholes,3,CRD,8:24:00 AM,9:00:00 AM,78,2,2,griseocollis,Female,DALCAN,No,na,
Nachusa2020_0616,7/9/2020,prairie_potholes,3,CRD,8:24:00 AM,9:00:00 AM,78,2,2,griseocollis,Female,DALPUR,No,na,
Nachusa2020_0617,7/9/2020,prairie_potholes,3,CRD,8:24:00 AM,9:00:00 AM,78,2,2,griseocollis,Female,DALCAN,No,na,
Nachusa2020_0618,7/9/2020,prairie_potholes,3,CRD,8:24:00 AM,9:00:00 AM,78,2,2,rufocinctus,Female,DALPUR,No,na,
Nachusa2020_0619,7/9/2020,prairie_potholes,3,CRD,8:24:00 AM,9:00:00 AM,78,2,2,bimaculatus,Female,DALPUR,No,na,
Nachusa2020_0620,7/9/2020,prairie_potholes,3,CRD,8:24:00 AM,9:00:00 AM,78,2,2,griseocollis,Female,DALPUR,No,na,
Nachusa2020_0621,7/9/2020,schafer_knob,4,CRD,9:57:00 AM,10:34:00 AM,82,2,1,impatiens,Female,MONFIS,Yes,081,
Nachusa2020_0622,7/9/2020,schafer_knob,4,CRD,9:57:00 AM,10:34:00 AM,82,2,1,impatiens,Female,MONFIS,No,na,
Nachusa2020_0623,7/9/2020,schafer_knob,4,CRD,9:57:00 AM,10:34:00 AM,82,2,1,impatiens,Female,MONFIS,No,na,
Nachusa2020_0624,7/9/2020,schafer_knob,4,CRD,9:57:00 AM,10:34:00 AM,82,2,1,auri/pens,Female,MONFIS,No,na,
Nachusa2020_0625,7/9/2020,schafer_knob,4,CRD,9:57:00 AM,10:34:00 AM,82,2,1,bimaculatus,Female,MONFIS,Yes,082,photo #121
Nachusa2020_0626,7/9/2020,schafer_knob,4,CRD,9:57:00 AM,10:34:00 AM,82,2,1,impatiens,Female,MONFIS,No,na,
Nachusa2020_0627,7/9/2020,schafer_knob,4,CRD,9:57:00 AM,10:34:00 AM,82,2,1,impatiens,Female,HYPPER,Yes,083,
Nachusa2020_0628,7/9/2020,schafer_knob,4,CRD,9:57:00 AM,10:34:00 AM,82,2,1,auricomus,Female,MONFIS,Yes,084,
Nachusa2020_0629,7/9/2020,schafer_knob,4,CRD,9:57:00 AM,10:34:00 AM,82,2,1,bimaculatus,Female,MONFIS,No,na,
Nachusa2020_0630,7/9/2020,schafer_knob,4,CRD,9:57:00 AM,10:34:00 AM,82,2,1,auricomus,Female,MONFIS,Yes,085,photo #122
Nachusa2020_0631,7/9/2020,schafer_knob,4,CRD,9:57:00 AM,10:34:00 AM,82,2,1,impatiens,Female,MONFIS,No,na,
Nachusa2020_0632,7/9/2020,schafer_knob,4,CRD,9:57:00 AM,10:34:00 AM,82,2,1,bimaculatus,Female,MONFIS,No,na,
Nachusa2020_0633,7/9/2020,schafer_knob,4,CRD,9:57:00 AM,10:34:00 AM,82,2,1,bimaculatus,Female,HYPPER,No,na,
Nachusa2020_0634,7/9/2020,schafer_knob,4,CRD,9:57:00 AM,10:34:00 AM,82,2,1,impatiens,Female,MONFIS,Yes,086,
Nachusa2020_0635,7/9/2020,schafer_knob,4,CRD,9:57:00 AM,10:34:00 AM,82,2,1,auri/pens,Female,MONFIS,No,na,
Nachusa2020_0636,7/9/2020,schafer_knob,4,CRD,9:57:00 AM,10:34:00 AM,82,2,1,impatiens,Female,MONFIS,No,na,
Nachusa2020_0637,7/9/2020,schafer_knob,4,CRD,9:57:00 AM,10:34:00 AM,82,2,1,impatiens,Female,MONFIS,No,na,
Nachusa2020_0638,7/9/2020,schafer_knob,4,CRD,9:57:00 AM,10:34:00 AM,82,2,1,auricomus,Female,MONFIS,Yes,087,
Nachusa2020_0639,7/9/2020,schafer_knob,4,CRD,9:57:00 AM,10:34:00 AM,82,2,1,auri/pens,Female,MONFIS,No,na,
Nachusa2020_0640,7/9/2020,schafer_knob,4,CRD,9:57:00 AM,10:34:00 AM,82,2,1,impatiens,Female,MONFIS,No,na,
Nachusa2020_0641,7/9/2020,schafer_knob,4,CRD,9:57:00 AM,10:34:00 AM,82,2,1,bimaculatus,Female,MONFIS,No,na,
Nachusa2020_0642,7/9/2020,schafer_knob,4,CRD,9:57:00 AM,10:34:00 AM,82,2,1,bimaculatus,Female,MONFIS,No,na,
Nachusa2020_0643,7/9/2020,schafer_knob,4,CRD,9:57:00 AM,10:34:00 AM,82,2,1,impatiens,Female,MONFIS,No,na,
Nachusa2020_0644,7/9/2020,schafer_knob,4,CRD,9:57:00 AM,10:34:00 AM,82,2,1,auri/pens,Female,BAPALB,No,na,
Nachusa2020_0645,7/9/2020,schafer_knob,4,CRD,9:57:00 AM,10:34:00 AM,82,2,1,auricomus,Female,MONFIS,Yes,088,
Nachusa2020_0646,7/9/2020,schafer_knob,4,CRD,9:57:00 AM,10:34:00 AM,82,2,1,auri/pens,Female,MONFIS,No,na,
Nachusa2020_0647,7/9/2020,schafer_knob,4,CRD,9:57:00 AM,10:34:00 AM,82,2,1,auri/pens,Female,MONFIS,No,na,
Nachusa2020_0648,7/9/2020,schafer_knob,4,CRD,9:57:00 AM,10:34:00 AM,82,2,1,auricomus,Female,MONFIS,No,na,
Nachusa2020_0649,7/9/2020,schafer_knob,4,CRD,9:57:00 AM,10:34:00 AM,82,2,1,impatiens,Female,MONFIS,No,na,
Nachusa2020_0650,7/9/2020,schafer_knob,4,CRD,9:57:00 AM,10:34:00 AM,82,2,1,impatiens,Female,MONFIS,No,na,
Nachusa2020_0651,7/9/2020,schafer_knob,4,CRD,9:57:00 AM,10:34:00 AM,82,2,1,impatiens,Female,MONFIS,No,na,
Nachusa2020_0652,7/9/2020,schafer_knob,4,CRD,9:57:00 AM,10:34:00 AM,82,2,1,impatiens,Female,MONFIS,No,na,
Nachusa2020_0653,7/9/2020,schafer_knob,4,CRD,9:57:00 AM,10:34:00 AM,82,2,1,impatiens,Female,MONFIS,No,na,
Nachusa2020_0654,7/9/2020,schafer_knob,4,CRD,9:57:00 AM,10:34:00 AM,82,2,1,griseocollis,Female,BAPALB,Yes,089,
Nachusa2020_0655,7/9/2020,schafer_knob,4,CRD,9:57:00 AM,10:34:00 AM,82,2,1,impatiens,Female,MONFIS,No,na,
Nachusa2020_0656,7/9/2020,schafer_knob,4,CRD,9:57:00 AM,10:34:00 AM,82,2,1,impatiens,Female,MONFIS,No,na,
Nachusa2020_0657,7/9/2020,east_heinkel,3,CRD,11:36:00 AM,11:59:00 AM,87,1,2,auricomus,Female,TRIPRA,No,na,photo #123; mites
Nachusa2020_0658,7/9/2020,east_heinkel,3,CRD,11:36:00 AM,11:59:00 AM,87,1,2,griseocollis,Female,DALPUR,No,na,
Nachusa2020_0659,7/9/2020,east_heinkel,3,CRD,11:36:00 AM,11:59:00 AM,87,1,2,griseocollis,Female,TRIPRA,No,na,
Nachusa2020_0660,7/9/2020,east_heinkel,3,CRD,11:36:00 AM,11:59:00 AM,87,1,2,auri/pens,Female,TRIPRA,No,na,photo #124
Nachusa2020_0661,7/9/2020,east_heinkel,3,CRD,11:36:00 AM,11:59:00 AM,87,1,2,griseocollis,Female,DALCAN,No,na,foraging BAPALB prior
Nachusa2020_0662,7/9/2020,east_heinkel,3,CRD,11:36:00 AM,11:59:00 AM,87,1,2,auri/pens,Female,BAPALB,No,na,
Nachusa2020_0663,7/9/2020,east_heinkel,3,CRD,11:36:00 AM,11:59:00 AM,87,1,2,griseocollis,Female,TRIPRA,No,na,
Nachusa2020_0664,7/9/2020,doug_dot_unit,3,CRD,12:43:00 PM,1:09:00 PM,88,1,1,impatiens,Female,VERVIR,No,na,
Nachusa2020_0665,7/9/2020,doug_dot_unit,3,CRD,12:43:00 PM,1:09:00 PM,88,1,1,griseocollis,Female,VERVIR,No,na,
Nachusa2020_0666,7/9/2020,doug_dot_unit,3,CRD,12:43:00 PM,1:09:00 PM,88,1,1,rufocinctus,Female,VERVIR,No,na,
Nachusa2020_0667,7/9/2020,doug_dot_unit,3,CRD,12:43:00 PM,1:09:00 PM,88,1,1,griseocollis,Female,VERVIR,No,na,
Nachusa2020_0668,7/9/2020,doug_dot_unit,3,CRD,12:43:00 PM,1:09:00 PM,88,1,1,griseocollis,Female,VERVIR,No,na,
Nachusa2020_0669,7/9/2020,doug_dot_unit,3,CRD,12:43:00 PM,1:09:00 PM,88,1,1,impatiens,Female,VERVIR,No,na,photo #125
Nachusa2020_0670,7/9/2020,doug_dot_unit,3,CRD,12:43:00 PM,1:09:00 PM,88,1,1,rufocinctus,Female,VERVIR,No,na,photo #126; orange morph
Nachusa2020_0671,7/9/2020,doug_dot_unit,3,CRD,12:43:00 PM,1:09:00 PM,88,1,1,rufocinctus,Female,VERVIR,No,na,
Nachusa2020_0672,7/9/2020,doug_dot_unit,3,CRD,12:43:00 PM,1:09:00 PM,88,1,1,auri/pens,Female,MONFIS,No,na,
Nachusa2020_0673,7/9/2020,doug_dot_unit,3,CRD,12:43:00 PM,1:09:00 PM,88,1,1,auri/pens,Female,MONFIS,No,na,
Nachusa2020_0674,7/9/2020,doug_dot_unit,3,CRD,12:43:00 PM,1:09:00 PM,88,1,1,fervidus,Female,VERVIR,No,na,photo #127
Nachusa2020_0675,7/9/2020,doug_dot_unit,3,CRD,12:43:00 PM,1:09:00 PM,88,1,1,impatiens,Female,MONFIS,No,na,
Nachusa2020_0676,7/10/2020,doug_dot_unit,4,CRD,8:38:00 AM,9:07:00 AM,73,1,1,griseocollis,Female,MONFIS,Yes,090,photo #128
Nachusa2020_0677,7/10/2020,doug_dot_unit,4,CRD,8:38:00 AM,9:07:00 AM,73,1,1,impatiens,Female,VERVIR,No,na,
Nachusa2020_0678,7/10/2020,doug_dot_unit,4,CRD,8:38:00 AM,9:07:00 AM,73,1,1,impatiens,Female,MONFIS,No,na,
Nachusa2020_0679,7/10/2020,doug_dot_unit,4,CRD,8:38:00 AM,9:07:00 AM,73,1,1,impatiens,Female,VERVIR,No,na,
Nachusa2020_0680,7/10/2020,doug_dot_unit,4,CRD,8:38:00 AM,9:07:00 AM,73,1,1,bimaculatus,Female,VERVIR,No,na,photo #129
Nachusa2020_0681,7/10/2020,doug_dot_unit,4,CRD,8:38:00 AM,9:07:00 AM,73,1,1,impatiens,Female,VERVIR,Yes,092,
Nachusa2020_0682,7/10/2020,doug_dot_unit,4,CRD,8:38:00 AM,9:07:00 AM,73,1,1,impatiens,Female,PYCTEN,No,na,
Nachusa2020_0683,7/10/2020,doug_dot_unit,4,CRD,8:38:00 AM,9:07:00 AM,73,1,1,impatiens,Female,MONFIS,No,na,
Nachusa2020_0684,7/10/2020,doug_dot_unit,4,CRD,8:38:00 AM,9:07:00 AM,73,1,1,vagans,Female,VERVIR,No,na,photo #130; check ID
Nachusa2020_0685,7/10/2020,doug_dot_unit,4,CRD,8:38:00 AM,9:07:00 AM,73,1,1,griseocollis,Female,DALPUR,No,na,mites
Nachusa2020_0686,7/10/2020,doug_dot_unit,4,CRD,8:38:00 AM,9:07:00 AM,73,1,1,impatiens,Female,VERVIR,No,na,
Nachusa2020_0687,7/10/2020,stone_barn_prairie,2,CRD,10:17:00 AM,10:46:00 AM,76,1,1,auri/pens,Female,DALPUR,No,na,photo #131
Nachusa2020_0688,7/10/2020,stone_barn_prairie,2,CRD,10:17:00 AM,10:46:00 AM,76,1,1,griseocollis,Female,DALPUR,No,na,
Nachusa2020_0689,7/10/2020,stone_barn_prairie,2,CRD,10:17:00 AM,10:46:00 AM,76,1,1,griseocollis,Female,DALPUR,No,na,
Nachusa2020_0690,7/10/2020,stone_barn_prairie,2,CRD,10:17:00 AM,10:46:00 AM,76,1,1,griseocollis,Female,DALPUR,No,na,
Nachusa2020_0691,7/10/2020,stone_barn_prairie,2,CRD,10:17:00 AM,10:46:00 AM,76,1,1,griseocollis,Female,DALPUR,No,na,
Nachusa2020_0692,7/10/2020,stone_barn_prairie,2,CRD,10:17:00 AM,10:46:00 AM,76,1,1,fervidus,Female,DALPUR,No,na,photo #132
Nachusa2020_0693,7/10/2020,stone_barn_prairie,2,CRD,10:17:00 AM,10:46:00 AM,76,1,1,pensylvanicus,Female,DALPUR,No,na,photo #133
Nachusa2020_0694,7/10/2020,stone_barn_prairie,2,CRD,10:17:00 AM,10:46:00 AM,76,1,1,griseocollis,Female,DALPUR,No,na,
Nachusa2020_0695,7/10/2020,stone_barn_prairie,2,CRD,10:17:00 AM,10:46:00 AM,76,1,1,griseocollis,Female,DALPUR,No,na,
Nachusa2020_0696,7/10/2020,stone_barn_prairie,2,CRD,10:17:00 AM,10:46:00 AM,76,1,1,fervidus,Female,DALPUR,No,na,
Nachusa2020_0697,7/10/2020,stone_barn_prairie,2,CRD,10:17:00 AM,10:46:00 AM,76,1,1,griseocollis,Female,DALPUR,No,na,
Nachusa2020_0698,7/10/2020,stone_barn_prairie,2,CRD,10:17:00 AM,10:46:00 AM,76,1,1,griseocollis,Female,DALCAN,No,na,
Nachusa2020_0699,7/10/2020,stone_barn_prairie,2,CRD,10:17:00 AM,10:46:00 AM,76,1,1,impatiens,Female,DALPUR,No,na,
Nachusa2020_0700,7/10/2020,stone_barn_prairie,2,CRD,10:17:00 AM,10:46:00 AM,76,1,1,vagans,Female,DALCAN,No,na,
Nachusa2020_0701,7/10/2020,stone_barn_prairie,2,CRD,10:17:00 AM,10:46:00 AM,76,1,1,griseocollis,Female,DALPUR,No,na,
Nachusa2020_0702,7/10/2020,stone_barn_prairie,2,CRD,10:17:00 AM,10:46:00 AM,76,1,1,griseocollis,Female,DALPUR,No,na,
Nachusa2020_0703,7/10/2020,stone_barn_prairie,2,CRD,10:17:00 AM,10:46:00 AM,76,1,1,griseocollis,Female,DALCAN,No,na,
Nachusa2020_0704,7/10/2020,stone_barn_prairie,2,CRD,10:17:00 AM,10:46:00 AM,76,1,1,griseocollis,Female,DALPUR,No,na,
Nachusa2020_0705,7/10/2020,stone_barn_prairie,2,CRD,10:17:00 AM,10:46:00 AM,76,1,1,griseocollis,Female,DALPUR,No,na,
Nachusa2020_0706,7/10/2020,stone_barn_prairie,2,CRD,10:17:00 AM,10:46:00 AM,76,1,1,griseocollis,Female,ASTCAN,No,na,
Nachusa2020_0707,7/10/2020,stone_barn_prairie,2,CRD,10:17:00 AM,10:46:00 AM,76,1,1,fervidus,Female,ASTCAN,No,na,
Nachusa2020_0708,7/10/2020,stone_barn_prairie,2,CRD,10:17:00 AM,10:46:00 AM,76,1,1,auricomus,Female,ASTCAN,No,na,photo #134
Nachusa2020_0709,7/10/2020,stone_barn_prairie,2,CRD,10:17:00 AM,10:46:00 AM,76,1,1,auri/pens,Female,ASTCAN,No,na,
Nachusa2020_0710,7/10/2020,stone_barn_prairie,2,CRD,10:17:00 AM,10:46:00 AM,76,1,1,auricomus,Female,ASTCAN,No,na,
Nachusa2020_0711,7/10/2020,stone_barn_prairie,2,CRD,10:17:00 AM,10:46:00 AM,76,1,1,griseocollis,Female,DALCAN,No,na,
Nachusa2020_0712,7/10/2020,sandfarm,3,CRD,11:45:00 AM,12:07:00 PM,79,1,1,griseocollis,Female,DALCAN,No,na,
Nachusa2020_0713,7/10/2020,sandfarm,3,CRD,11:45:00 AM,12:07:00 PM,79,1,1,griseocollis,Female,DALCAN,No,na,
Nachusa2020_0714,7/10/2020,sandfarm,3,CRD,11:45:00 AM,12:07:00 PM,79,1,1,griseocollis,Female,DALCAN,No,na,
Nachusa2020_0715,7/10/2020,sandfarm,3,CRD,11:45:00 AM,12:07:00 PM,79,1,1,griseocollis,Female,DALCAN,No,na,
Nachusa2020_0716,7/10/2020,sandfarm,3,CRD,11:45:00 AM,12:07:00 PM,79,1,1,griseocollis,Female,DALCAN,No,na,
Nachusa2020_0717,7/10/2020,sandfarm,3,CRD,11:45:00 AM,12:07:00 PM,79,1,1,griseocollis,Female,DALCAN,No,na,
Nachusa2020_0718,7/10/2020,sandfarm,3,CRD,11:45:00 AM,12:07:00 PM,79,1,1,griseocollis,Female,DALCAN,No,na,
Nachusa2020_0719,7/10/2020,sandfarm,3,CRD,11:45:00 AM,12:07:00 PM,79,1,1,griseocollis,Female,DALCAN,No,na,
Nachusa2020_0720,7/10/2020,sandfarm,3,CRD,11:45:00 AM,12:07:00 PM,79,1,1,rufocinctus,Female,DALPUR,No,na,
Nachusa2020_0721,7/10/2020,sandfarm,3,CRD,11:45:00 AM,12:07:00 PM,79,1,1,vagans,Female,DALCAN,No,na,
Nachusa2020_0722,7/10/2020,sandfarm,3,CRD,11:45:00 AM,12:07:00 PM,79,1,1,griseocollis,Female,BAPALB,No,na,
Nachusa2020_0723,7/10/2020,sandfarm,3,CRD,11:45:00 AM,12:07:00 PM,79,1,1,griseocollis,Female,DALCAN,No,na,
Nachusa2020_0724,7/10/2020,sandfarm,3,CRD,11:45:00 AM,12:07:00 PM,79,1,1,auri/pens,Female,BAPALB,No,na,
Nachusa2020_0725,7/10/2020,sandfarm,3,CRD,11:45:00 AM,12:07:00 PM,79,1,1,griseocollis,Female,DALCAN,No,na,
Nachusa2020_0726,7/10/2020,sandfarm,3,CRD,11:45:00 AM,12:07:00 PM,79,1,1,griseocollis,Female,DALCAN,No,na,
Nachusa2020_0727,7/10/2020,sandfarm,3,CRD,11:45:00 AM,12:07:00 PM,79,1,1,auri/pens,Female,TRIPRA,No,na,
Nachusa2020_0728,7/10/2020,sandfarm,3,CRD,11:45:00 AM,12:07:00 PM,79,1,1,fervidus,Female,VERVIR,No,na,photo #135
Nachusa2020_0729,7/11/2020,stone_barn_prairie,3,CRD,8:05:00 AM,8:42:00 AM,70,1,1,griseocollis,Female,DALPUR,,,
Nachusa2020_0730,7/11/2020,stone_barn_prairie,3,CRD,8:05:00 AM,8:42:00 AM,70,1,1,griseocollis,Female,DALPUR,,,
Nachusa2020_0731,7/11/2020,stone_barn_prairie,3,CRD,8:05:00 AM,8:42:00 AM,70,1,1,griseocollis,Female,DALPUR,,,
Nachusa2020_0732,7/11/2020,stone_barn_prairie,3,CRD,8:05:00 AM,8:42:00 AM,70,1,1,griseocollis,Female,DALPUR,,,
Nachusa2020_0733,7/11/2020,stone_barn_prairie,3,CRD,8:05:00 AM,8:42:00 AM,70,1,1,griseocollis,Female,DALPUR,,,
Nachusa2020_0734,7/11/2020,stone_barn_prairie,3,CRD,8:05:00 AM,8:42:00 AM,70,1,1,griseocollis,Female,DALPUR,,,
Nachusa2020_0735,7/11/2020,stone_barn_prairie,3,CRD,8:05:00 AM,8:42:00 AM,70,1,1,griseocollis,Female,DALPUR,,,
Nachusa2020_0736,7/11/2020,stone_barn_prairie,3,CRD,8:05:00 AM,8:42:00 AM,70,1,1,griseocollis,Female,DALPUR,,,
Nachusa2020_0737,7/11/2020,stone_barn_prairie,3,CRD,8:05:00 AM,8:42:00 AM,70,1,1,griseocollis,Female,DALPUR,,,
Nachusa2020_0738,7/11/2020,stone_barn_prairie,3,CRD,8:05:00 AM,8:42:00 AM,70,1,1,griseocollis,Female,DALPUR,,,
Nachusa2020_0739,7/11/2020,stone_barn_prairie,3,CRD,8:05:00 AM,8:42:00 AM,70,1,1,griseocollis,Female,BAPALB,,,
Nachusa2020_0740,7/11/2020,stone_barn_prairie,3,CRD,8:05:00 AM,8:42:00 AM,70,1,1,griseocollis,Female,DALPUR,,,
Nachusa2020_0741,7/11/2020,stone_barn_prairie,3,CRD,8:05:00 AM,8:42:00 AM,70,1,1,griseocollis,Female,DALPUR,,,
Nachusa2020_0742,7/11/2020,stone_barn_prairie,3,CRD,8:05:00 AM,8:42:00 AM,70,1,1,griseocollis,Female,DALPUR,,,
Nachusa2020_0743,7/11/2020,stone_barn_prairie,3,CRD,8:05:00 AM,8:42:00 AM,70,1,1,griseocollis,Female,DALPUR,,,
Nachusa2020_0744,7/11/2020,stone_barn_prairie,3,CRD,8:05:00 AM,8:42:00 AM,70,1,1,griseocollis,Female,DALPUR,,,
Nachusa2020_0745,7/11/2020,stone_barn_prairie,3,CRD,8:05:00 AM,8:42:00 AM,70,1,1,griseocollis,Female,DALPUR,,,
Nachusa2020_0746,7/11/2020,stone_barn_prairie,3,CRD,8:05:00 AM,8:42:00 AM,70,1,1,griseocollis,Female,DALPUR,,,
Nachusa2020_0747,7/11/2020,stone_barn_prairie,3,CRD,8:05:00 AM,8:42:00 AM,70,1,1,auricomus,Female,ASTCAN,,,
Nachusa2020_0748,7/11/2020,stone_barn_prairie,3,CRD,8:05:00 AM,8:42:00 AM,70,1,1,griseocollis,Female,DALPUR,,,
Nachusa2020_0749,7/11/2020,stone_barn_prairie,3,CRD,8:05:00 AM,8:42:00 AM,70,1,1,griseocollis,Female,DALPUR,,,
Nachusa2020_0750,7/11/2020,stone_barn_prairie,3,CRD,8:05:00 AM,8:42:00 AM,70,1,1,griseocollis,Female,ASTCAN,,,
Nachusa2020_0751,7/11/2020,stone_barn_prairie,3,CRD,8:05:00 AM,8:42:00 AM,70,1,1,griseocollis,Female,ASTCAN,,,
Nachusa2020_0752,7/11/2020,stone_barn_prairie,3,CRD,8:05:00 AM,8:42:00 AM,70,1,1,fervidus,Female,ASTCAN,,,
Nachusa2020_0753,7/11/2020,stone_barn_prairie,3,CRD,8:05:00 AM,8:42:00 AM,70,1,1,impatiens,Female,DALPUR,,,
Nachusa2020_0754,7/11/2020,stone_barn_prairie,3,CRD,8:05:00 AM,8:42:00 AM,70,1,1,griseocollis,Female,DALPUR,,,
Nachusa2020_0755,7/11/2020,stone_barn_prairie,3,CRD,8:05:00 AM,8:42:00 AM,70,1,1,griseocollis,Female,DALPUR,,,
Nachusa2020_0756,7/11/2020,stone_barn_prairie,3,CRD,8:05:00 AM,8:42:00 AM,70,1,1,fervidus,Female,DALPUR,,,
Nachusa2020_0757,7/11/2020,stone_barn_prairie,3,CRD,8:05:00 AM,8:42:00 AM,70,1,1,griseocollis,Female,DALPUR,,,
Nachusa2020_0758,7/11/2020,stone_barn_prairie,3,CRD,8:05:00 AM,8:42:00 AM,70,1,1,griseocollis,Female,DALPUR,,,
Nachusa2020_0759,7/11/2020,stone_barn_prairie,3,CRD,8:05:00 AM,8:42:00 AM,70,1,1,impatiens,Female,DALPUR,,,
Nachusa2020_0760,7/11/2020,stone_barn_prairie,3,CRD,8:05:00 AM,8:42:00 AM,70,1,1,fervidus,Female,BAPALB,,,
Nachusa2020_0761,7/11/2020,stone_barn_prairie,3,CRD,8:05:00 AM,8:42:00 AM,70,1,1,griseocollis,Female,ASTCAN,,,
Nachusa2020_0762,7/11/2020,stone_barn_prairie,3,CRD,8:05:00 AM,8:42:00 AM,70,1,1,pensylvanicus,Female,ASTCAN,,,
Nachusa2020_0763,7/11/2020,stone_barn_prairie,3,CRD,8:05:00 AM,8:42:00 AM,70,1,1,griseocollis,Female,DALPUR,,,
Nachusa2020_0764,7/11/2020,stone_barn_prairie,3,CRD,8:05:00 AM,8:42:00 AM,70,1,1,griseocollis,Female,ASTCAN,,,
Nachusa2020_0765,7/11/2020,stone_barn_prairie,3,CRD,8:05:00 AM,8:42:00 AM,70,1,1,griseocollis,Female,ASTCAN,,,
Nachusa2020_0766,7/11/2020,stone_barn_prairie,3,CRD,8:05:00 AM,8:42:00 AM,70,1,1,griseocollis,Female,ASTCAN,,,
Nachusa2020_0767,7/11/2020,stone_barn_prairie,3,CRD,8:05:00 AM,8:42:00 AM,70,1,1,impatiens,Female,ASTCAN,,,
Nachusa2020_0768,7/11/2020,sandfarm,4,CRD,9:37:00 AM,10:08:00 AM,76,2,2,griseocollis,Female,DALPUR,,,
Nachusa2020_0769,7/11/2020,sandfarm,4,CRD,9:37:00 AM,10:08:00 AM,76,2,2,vagans,Female,DALPUR,,,
Nachusa2020_0770,7/11/2020,sandfarm,4,CRD,9:37:00 AM,10:08:00 AM,76,2,2,griseocollis,Female,DALPUR,,,
Nachusa2020_0771,7/11/2020,sandfarm,4,CRD,9:37:00 AM,10:08:00 AM,76,2,2,vagans,Female,DALPUR,,,
Nachusa2020_0772,7/11/2020,sandfarm,4,CRD,9:37:00 AM,10:08:00 AM,76,2,2,rufocinctus,Female,DALPUR,,,
Nachusa2020_0773,7/11/2020,sandfarm,4,CRD,9:37:00 AM,10:08:00 AM,76,2,2,rufocinctus,Female,DALPUR,,,
Nachusa2020_0774,7/11/2020,sandfarm,4,CRD,9:37:00 AM,10:08:00 AM,76,2,2,griseocollis,Female,DALPUR,,,
Nachusa2020_0775,7/11/2020,sandfarm,4,CRD,9:37:00 AM,10:08:00 AM,76,2,2,bimaculatus,Female,DALPUR,,,
Nachusa2020_0776,7/11/2020,sandfarm,4,CRD,9:37:00 AM,10:08:00 AM,76,2,2,rufocinctus,Female,DALPUR,,,
Nachusa2020_0777,7/11/2020,sandfarm,4,CRD,9:37:00 AM,10:08:00 AM,76,2,2,griseocollis,Female,DALCAN,,,
Nachusa2020_0778,7/11/2020,sandfarm,4,CRD,9:37:00 AM,10:08:00 AM,76,2,2,griseocollis,Female,DALPUR,,,
Nachusa2020_0779,7/11/2020,sandfarm,4,CRD,9:37:00 AM,10:08:00 AM,76,2,2,griseocollis,Female,DALPUR,,,
Nachusa2020_0780,7/11/2020,sandfarm,4,CRD,9:37:00 AM,10:08:00 AM,76,2,2,impatiens,Female,DALPUR,,,
Nachusa2020_0781,7/11/2020,sandfarm,4,CRD,9:37:00 AM,10:08:00 AM,76,2,2,griseocollis,Female,DALPUR,,,
Nachusa2020_0782,7/11/2020,sandfarm,4,CRD,9:37:00 AM,10:08:00 AM,76,2,2,griseocollis,Female,DALCAN,,,
Nachusa2020_0783,7/11/2020,sandfarm,4,CRD,9:37:00 AM,10:08:00 AM,76,2,2,griseocollis,Female,DALCAN,,,
Nachusa2020_0784,7/11/2020,sandfarm,4,CRD,9:37:00 AM,10:08:00 AM,76,2,2,griseocollis,Female,DALPUR,,,
Nachusa2020_0785,7/11/2020,sandfarm,4,CRD,9:37:00 AM,10:08:00 AM,76,2,2,griseocollis,Female,DALPUR,,,
Nachusa2020_0786,7/11/2020,sandfarm,4,CRD,9:37:00 AM,10:08:00 AM,76,2,2,griseocollis,Female,DALCAN,,,
Nachusa2020_0787,7/11/2020,sandfarm,4,CRD,9:37:00 AM,10:08:00 AM,76,2,2,griseocollis,Female,DALCAN,,,
Nachusa2020_0788,7/11/2020,sandfarm,4,CRD,9:37:00 AM,10:08:00 AM,76,2,2,griseocollis,Female,DALCAN,,,
Nachusa2020_0789,7/11/2020,sandfarm,4,CRD,9:37:00 AM,10:08:00 AM,76,2,2,auri/pens,Female,BAPALB,,,
Nachusa2020_0790,7/11/2020,sandfarm,4,CRD,9:37:00 AM,10:08:00 AM,76,2,2,griseocollis,Female,TRIPRA,,,
Nachusa2020_0791,7/11/2020,sandfarm,4,CRD,9:37:00 AM,10:08:00 AM,76,2,2,auri/pens,Female,BAPALB,,,
Nachusa2020_0792,7/11/2020,sandfarm,4,CRD,9:37:00 AM,10:08:00 AM,76,2,2,vagans,Female,TRIPRA,,,
Nachusa2020_0793,7/11/2020,sandfarm,4,CRD,9:37:00 AM,10:08:00 AM,76,2,2,auricomus,Female,TRIPRA,,,
Nachusa2020_0794,7/11/2020,sandfarm,4,CRD,9:37:00 AM,10:08:00 AM,76,2,2,fervidus,Female,TRIPRA,,,
Nachusa2020_0795,7/13/2020,stone_barn_prairie,4,CRD,8:47:00 AM,9:12:00 AM,70,1,1,griseocollis,Female,DALPUR,,,
Nachusa2020_0796,7/13/2020,stone_barn_prairie,4,CRD,8:47:00 AM,9:12:00 AM,70,1,1,griseocollis,Female,DALPUR,,,
Nachusa2020_0797,7/13/2020,stone_barn_prairie,4,CRD,8:47:00 AM,9:12:00 AM,70,1,1,griseocollis,Female,DALPUR,,,
Nachusa2020_0798,7/13/2020,stone_barn_prairie,4,CRD,8:47:00 AM,9:12:00 AM,70,1,1,griseocollis,Female,DALPUR,,,
Nachusa2020_0799,7/13/2020,stone_barn_prairie,4,CRD,8:47:00 AM,9:12:00 AM,70,1,1,fervidus,Female,DALPUR,,,
Nachusa2020_0800,7/13/2020,stone_barn_prairie,4,CRD,8:47:00 AM,9:12:00 AM,70,1,1,griseocollis,Female,DALPUR,,,
Nachusa2020_0801,7/13/2020,stone_barn_prairie,4,CRD,8:47:00 AM,9:12:00 AM,70,1,1,griseocollis,Female,DALPUR,,,
Nachusa2020_0802,7/13/2020,stone_barn_prairie,4,CRD,8:47:00 AM,9:12:00 AM,70,1,1,griseocollis,Female,DALPUR,,,
Nachusa2020_0803,7/13/2020,stone_barn_prairie,4,CRD,8:47:00 AM,9:12:00 AM,70,1,1,griseocollis,Female,DALPUR,,,
Nachusa2020_0804,7/13/2020,stone_barn_prairie,4,CRD,8:47:00 AM,9:12:00 AM,70,1,1,griseocollis,Female,DALPUR,,,
Nachusa2020_0805,7/13/2020,stone_barn_prairie,4,CRD,8:47:00 AM,9:12:00 AM,70,1,1,impatiens,Female,DALPUR,,,
Nachusa2020_0806,7/13/2020,stone_barn_prairie,4,CRD,8:47:00 AM,9:12:00 AM,70,1,1,pensylvanicus,Female,DALPUR,,,photo #136
Nachusa2020_0807,7/13/2020,stone_barn_prairie,4,CRD,8:47:00 AM,9:12:00 AM,70,1,1,impatiens,Female,ASTCAN,,,
Nachusa2020_0808,7/13/2020,stone_barn_prairie,4,CRD,8:47:00 AM,9:12:00 AM,70,1,1,griseocollis,Female,ASTCAN,,,
Nachusa2020_0809,7/13/2020,stone_barn_prairie,4,CRD,8:47:00 AM,9:12:00 AM,70,1,1,griseocollis,Female,ASTCAN,,,
Nachusa2020_0810,7/13/2020,stone_barn_prairie,4,CRD,8:47:00 AM,9:12:00 AM,70,1,1,auricomus,Female,ASTCAN,,,photo #137
Nachusa2020_0811,7/13/2020,stone_barn_prairie,4,CRD,8:47:00 AM,9:12:00 AM,70,1,1,auri/pens,Female,ASTCAN,,,
Nachusa2020_0812,7/13/2020,stone_barn_prairie,4,CRD,8:47:00 AM,9:12:00 AM,70,1,1,pensylvanicus,Female,ASTCAN,,,photo #138
Nachusa2020_0813,7/13/2020,stone_barn_prairie,4,CRD,8:47:00 AM,9:12:00 AM,70,1,1,griseocollis,Female,DALPUR,,,photo #139
Nachusa2020_0814,7/13/2020,stone_barn_prairie,4,CRD,8:47:00 AM,9:12:00 AM,70,1,1,impatiens,Female,DALPUR,,,
Nachusa2020_0815,7/13/2020,stone_barn_prairie,4,CRD,8:47:00 AM,9:12:00 AM,70,1,1,griseocollis,Female,DALPUR,,,
Nachusa2020_0816,7/13/2020,stone_barn_prairie,4,CRD,8:47:00 AM,9:12:00 AM,70,1,1,griseocollis,Female,DALPUR,,,
Nachusa2020_0817,7/13/2020,stone_barn_prairie,4,CRD,8:47:00 AM,9:12:00 AM,70,1,1,griseocollis,Female,DALPUR,,,
Nachusa2020_0818,7/13/2020,stone_barn_prairie,4,CRD,8:47:00 AM,9:12:00 AM,70,1,1,auri/pens,Female,ASTCAN,,,
Nachusa2020_0819,7/13/2020,stone_barn_prairie,4,CRD,8:47:00 AM,9:12:00 AM,70,1,1,griseocollis,Female,ASTCAN,,,
Nachusa2020_0820,7/13/2020,stone_barn_prairie,4,CRD,8:47:00 AM,9:12:00 AM,70,1,1,griseocollis,Female,ASTCAN,,,
Nachusa2020_0821,7/13/2020,stone_barn_prairie,4,CRD,8:47:00 AM,9:12:00 AM,70,1,1,griseocollis,Female,ASTCAN,,,
Nachusa2020_0822,7/13/2020,stone_barn_prairie,4,CRD,8:47:00 AM,9:12:00 AM,70,1,1,auri/pens,Female,ASTCAN,,,
Nachusa2020_0823,7/13/2020,sandfarm,5,CRD,9:58:00 AM,10:24:00 AM,72,1,1,rufocinctus,Female,DALPUR,,,
Nachusa2020_0824,7/13/2020,sandfarm,5,CRD,9:58:00 AM,10:24:00 AM,72,1,1,rufocinctus,Female,DALPUR,,,
Nachusa2020_0825,7/13/2020,sandfarm,5,CRD,9:58:00 AM,10:24:00 AM,72,1,1,auri/pens,Female,DALPUR,,,
Nachusa2020_0826,7/13/2020,sandfarm,5,CRD,9:58:00 AM,10:24:00 AM,72,1,1,rufocinctus,Female,DALPUR,,,
Nachusa2020_0827,7/13/2020,sandfarm,5,CRD,9:58:00 AM,10:24:00 AM,72,1,1,impatiens,Female,DALPUR,,,
Nachusa2020_0828,7/13/2020,sandfarm,5,CRD,9:58:00 AM,10:24:00 AM,72,1,1,griseocollis,Female,DALPUR,,,
Nachusa2020_0829,7/13/2020,sandfarm,5,CRD,9:58:00 AM,10:24:00 AM,72,1,1,rufocinctus,Female,DALPUR,,,
Nachusa2020_0830,7/13/2020,sandfarm,5,CRD,9:58:00 AM,10:24:00 AM,72,1,1,impatiens,Female,DALPUR,,,
Nachusa2020_0831,7/13/2020,sandfarm,5,CRD,9:58:00 AM,10:24:00 AM,72,1,1,griseocollis,Female,DALPUR,,,
Nachusa2020_0832,7/13/2020,sandfarm,5,CRD,9:58:00 AM,10:24:00 AM,72,1,1,rufocinctus,Female,DALPUR,,,
Nachusa2020_0833,7/13/2020,sandfarm,5,CRD,9:58:00 AM,10:24:00 AM,72,1,1,griseocollis,Female,DALPUR,,,
Nachusa2020_0834,7/13/2020,sandfarm,5,CRD,9:58:00 AM,10:24:00 AM,72,1,1,griseocollis,Female,DALPUR,,,
Nachusa2020_0835,7/13/2020,sandfarm,5,CRD,9:58:00 AM,10:24:00 AM,72,1,1,vagans,Female,DALPUR,,,photo #140
Nachusa2020_0836,7/13/2020,sandfarm,5,CRD,9:58:00 AM,10:24:00 AM,72,1,1,griseocollis,Female,DALPUR,,,
Nachusa2020_0837,7/13/2020,sandfarm,5,CRD,9:58:00 AM,10:24:00 AM,72,1,1,griseocollis,Female,DALPUR,,,
Nachusa2020_0838,7/13/2020,sandfarm,5,CRD,9:58:00 AM,10:24:00 AM,72,1,1,vagans,Female,DALPUR,,,
Nachusa2020_0839,7/13/2020,sandfarm,5,CRD,9:58:00 AM,10:24:00 AM,72,1,1,rufocinctus,Female,DALPUR,,,
Nachusa2020_0840,7/13/2020,sandfarm,5,CRD,9:58:00 AM,10:24:00 AM,72,1,1,griseocollis,Female,DALPUR,,,
Nachusa2020_0841,7/13/2020,sandfarm,5,CRD,9:58:00 AM,10:24:00 AM,72,1,1,griseocollis,Female,DALPUR,,,
Nachusa2020_0842,7/13/2020,sandfarm,5,CRD,9:58:00 AM,10:24:00 AM,72,1,1,griseocollis,Female,DALPUR,,,
Nachusa2020_0843,7/13/2020,sandfarm,5,CRD,9:58:00 AM,10:24:00 AM,72,1,1,griseocollis,Female,DALPUR,,,
Nachusa2020_0844,7/13/2020,sandfarm,5,CRD,9:58:00 AM,10:24:00 AM,72,1,1,rufocinctus,Female,DALPUR,,,
Nachusa2020_0845,7/13/2020,sandfarm,5,CRD,9:58:00 AM,10:24:00 AM,72,1,1,griseocollis,Female,DALPUR,,,
Nachusa2020_0846,7/13/2020,sandfarm,5,CRD,9:58:00 AM,10:24:00 AM,72,1,1,griseocollis,Female,DALPUR,,,
Nachusa2020_0847,7/13/2020,sandfarm,5,CRD,9:58:00 AM,10:24:00 AM,72,1,1,griseocollis,Female,DALPUR,,,
Nachusa2020_0848,7/13/2020,sandfarm,5,CRD,9:58:00 AM,10:24:00 AM,72,1,1,griseocollis,Female,DALPUR,,,
Nachusa2020_0849,7/13/2020,sandfarm,5,CRD,9:58:00 AM,10:24:00 AM,72,1,1,griseocollis,Female,DALPUR,,,
Nachusa2020_0850,7/13/2020,sandfarm,5,CRD,9:58:00 AM,10:24:00 AM,72,1,1,griseocollis,Female,DALPUR,,,
Nachusa2020_0851,7/13/2020,sandfarm,5,CRD,9:58:00 AM,10:24:00 AM,72,1,1,griseocollis,Female,DALCAN,,,
Nachusa2020_0852,7/13/2020,sandfarm,5,CRD,9:58:00 AM,10:24:00 AM,72,1,1,griseocollis,Female,DALCAN,,,
Nachusa2020_0853,7/13/2020,sandfarm,5,CRD,9:58:00 AM,10:24:00 AM,72,1,1,griseocollis,Female,BAPALB,,,
Nachusa2020_0854,7/13/2020,sandfarm,5,CRD,9:58:00 AM,10:24:00 AM,72,1,1,rufocinctus,Female,DALPUR,,,
Nachusa2020_0855,7/13/2020,sandfarm,5,CRD,9:58:00 AM,10:24:00 AM,72,1,1,griseocollis,Female,DALPUR,,,
Nachusa2020_0856,7/13/2020,sandfarm,5,CRD,9:58:00 AM,10:24:00 AM,72,1,1,auricomus,Female,TRIPRA,,,
Nachusa2020_0857,7/13/2020,sandfarm,5,CRD,9:58:00 AM,10:24:00 AM,72,1,1,griseocollis,Female,TRIPRA,,,
Nachusa2020_0858,7/13/2020,sandfarm,5,CRD,9:58:00 AM,10:24:00 AM,72,1,1,auricomus,Female,TRIPRA,,,
Nachusa2020_0859,7/13/2020,sandfarm,5,CRD,9:58:00 AM,10:24:00 AM,72,1,1,auricomus,Female,TRIPRA,,,
Nachusa2020_0860,7/13/2020,gobbler_ridge,2,CRD,12:55:00 PM,1:34:00 PM,78,2,2,vagans,Female,DALCAN,,,
Nachusa2020_0861,7/13/2020,gobbler_ridge,2,CRD,12:55:00 PM,1:34:00 PM,78,2,2,griseocollis,Female,DALCAN,,,
Nachusa2020_0862,7/13/2020,gobbler_ridge,2,CRD,12:55:00 PM,1:34:00 PM,78,2,2,griseocollis,Female,DALCAN,,,photo #141
Nachusa2020_0863,7/13/2020,gobbler_ridge,2,CRD,12:55:00 PM,1:34:00 PM,78,2,2,griseocollis,Female,DALCAN,,,
Nachusa2020_0864,7/13/2020,gobbler_ridge,2,CRD,12:55:00 PM,1:34:00 PM,78,2,2,impatiens,Female,DALPUR,,,
Nachusa2020_0865,7/13/2020,gobbler_ridge,2,CRD,12:55:00 PM,1:34:00 PM,78,2,2,griseocollis,Female,DALCAN,,,
Nachusa2020_0866,7/13/2020,gobbler_ridge,2,CRD,12:55:00 PM,1:34:00 PM,78,2,2,impatiens,Female,DALPUR,,,
Nachusa2020_0867,7/13/2020,gobbler_ridge,2,CRD,12:55:00 PM,1:34:00 PM,78,2,2,griseocollis,Female,DALPUR,,,
Nachusa2020_0868,7/13/2020,gobbler_ridge,2,CRD,12:55:00 PM,1:34:00 PM,78,2,2,griseocollis,Female,DALCAN,,,
Nachusa2020_0869,7/13/2020,gobbler_ridge,2,CRD,12:55:00 PM,1:34:00 PM,78,2,2,impatiens,Female,DALPUR,,,
Nachusa2020_0870,7/13/2020,gobbler_ridge,2,CRD,12:55:00 PM,1:34:00 PM,78,2,2,griseocollis,Female,DALPUR,,,
Nachusa2020_0871,7/13/2020,gobbler_ridge,2,CRD,12:55:00 PM,1:34:00 PM,78,2,2,griseocollis,Female,DALPUR,,,
Nachusa2020_0872,7/13/2020,gobbler_ridge,2,CRD,12:55:00 PM,1:34:00 PM,78,2,2,griseocollis,Female,DALPUR,,,
Nachusa2020_0873,7/13/2020,gobbler_ridge,2,CRD,12:55:00 PM,1:34:00 PM,78,2,2,griseocollis,Female,DALPUR,,,
Nachusa2020_0874,7/13/2020,gobbler_ridge,2,CRD,12:55:00 PM,1:34:00 PM,78,2,2,griseocollis,Female,DALPUR,,,
Nachusa2020_0875,7/13/2020,gobbler_ridge,2,CRD,12:55:00 PM,1:34:00 PM,78,2,2,impatiens,Female,DALPUR,,,
Nachusa2020_0876,7/13/2020,gobbler_ridge,2,CRD,12:55:00 PM,1:34:00 PM,78,2,2,griseocollis,Female,DALCAN,,,
Nachusa2020_0877,7/13/2020,gobbler_ridge,2,CRD,12:55:00 PM,1:34:00 PM,78,2,2,griseocollis,Female,DALCAN,,,
Nachusa2020_0878,7/13/2020,gobbler_ridge,2,CRD,12:55:00 PM,1:34:00 PM,78,2,2,rufocinctus,Female,DALPUR,,,
Nachusa2020_0879,7/13/2020,gobbler_ridge,2,CRD,12:55:00 PM,1:34:00 PM,78,2,2,griseocollis,Female,DALPUR,,,
Nachusa2020_0880,7/13/2020,gobbler_ridge,2,CRD,12:55:00 PM,1:34:00 PM,78,2,2,griseocollis,Female,DALCAN,,,
Nachusa2020_0881,7/13/2020,gobbler_ridge,2,CRD,12:55:00 PM,1:34:00 PM,78,2,2,griseocollis,Female,DALCAN,,,
Nachusa2020_0882,7/13/2020,gobbler_ridge,2,CRD,12:55:00 PM,1:34:00 PM,78,2,2,griseocollis,Female,DALCAN,,,
Nachusa2020_0883,7/13/2020,gobbler_ridge,2,CRD,12:55:00 PM,1:34:00 PM,78,2,2,griseocollis,Female,DALCAN,,,
Nachusa2020_0884,7/13/2020,gobbler_ridge,2,CRD,12:55:00 PM,1:34:00 PM,78,2,2,impatiens,Female,DALPUR,,,
Nachusa2020_0885,7/13/2020,gobbler_ridge,2,CRD,12:55:00 PM,1:34:00 PM,78,2,2,griseocollis,Female,DALPUR,,,
Nachusa2020_0886,7/13/2020,gobbler_ridge,2,CRD,12:55:00 PM,1:34:00 PM,78,2,2,griseocollis,Female,DALCAN,,,
Nachusa2020_0887,7/13/2020,gobbler_ridge,2,CRD,12:55:00 PM,1:34:00 PM,78,2,2,impatiens,Female,DALPUR,,,
Nachusa2020_0888,7/13/2020,gobbler_ridge,2,CRD,12:55:00 PM,1:34:00 PM,78,2,2,impatiens,Female,DALPUR,,,
Nachusa2020_0889,7/13/2020,gobbler_ridge,2,CRD,12:55:00 PM,1:34:00 PM,78,2,2,impatiens,Female,DALPUR,,,
Nachusa2020_0890,7/13/2020,gobbler_ridge,2,CRD,12:55:00 PM,1:34:00 PM,78,2,2,griseocollis,Female,DALPUR,,,
Nachusa2020_0891,7/13/2020,gobbler_ridge,2,CRD,12:55:00 PM,1:34:00 PM,78,2,2,rufocinctus,Female,DALPUR,,,
Nachusa2020_0892,7/13/2020,gobbler_ridge,2,CRD,12:55:00 PM,1:34:00 PM,78,2,2,griseocollis,Female,DALPUR,,,
Nachusa2020_0893,7/13/2020,gobbler_ridge,2,CRD,12:55:00 PM,1:34:00 PM,78,2,2,auri/pens,Female,BAPALB,,,
Nachusa2020_0894,7/13/2020,gobbler_ridge,2,CRD,12:55:00 PM,1:34:00 PM,78,2,2,griseocollis,Female,DALCAN,,,
Nachusa2020_0895,7/13/2020,gobbler_ridge,2,CRD,12:55:00 PM,1:34:00 PM,78,2,2,griseocollis,Female,DALCAN,,,
Nachusa2020_0896,7/13/2020,gobbler_ridge,2,CRD,12:55:00 PM,1:34:00 PM,78,2,2,griseocollis,Female,DALCAN,,,
Nachusa2020_0897,7/13/2020,gobbler_ridge,2,CRD,12:55:00 PM,1:34:00 PM,78,2,2,griseocollis,Female,DALCAN,,,
Nachusa2020_0898,7/13/2020,gobbler_ridge,2,CRD,12:55:00 PM,1:34:00 PM,78,2,2,griseocollis,Female,DALCAN,,,
Nachusa2020_0899,7/13/2020,gobbler_ridge,2,CRD,12:55:00 PM,1:34:00 PM,78,2,2,griseocollis,Female,DALCAN,,,
Nachusa2020_0900,7/13/2020,gobbler_ridge,2,CRD,12:55:00 PM,1:34:00 PM,78,2,2,griseocollis,Female,DALPUR,,,
Nachusa2020_0901,7/13/2020,gobbler_ridge,2,CRD,12:55:00 PM,1:34:00 PM,78,2,2,impatiens,Female,DALPUR,,,
Nachusa2020_0902,7/13/2020,gobbler_ridge,2,CRD,12:55:00 PM,1:34:00 PM,78,2,2,griseocollis,Female,DALPUR,,,
Nachusa2020_0903,7/13/2020,gobbler_ridge,2,CRD,12:55:00 PM,1:34:00 PM,78,2,2,griseocollis,Female,DALCAN,,,
Nachusa2020_0904,7/13/2020,gobbler_ridge,2,CRD,12:55:00 PM,1:34:00 PM,78,2,2,griseocollis,Female,DALCAN,,,
Nachusa2020_0905,7/13/2020,gobbler_ridge,2,CRD,12:55:00 PM,1:34:00 PM,78,2,2,griseocollis,Female,DALCAN,,,
Nachusa2020_0906,7/13/2020,gobbler_ridge,2,CRD,12:55:00 PM,1:34:00 PM,78,2,2,griseocollis,Female,DALCAN,,,
Nachusa2020_0907,7/13/2020,gobbler_ridge,2,CRD,12:55:00 PM,1:34:00 PM,78,2,2,griseocollis,Female,DALCAN,,,
Nachusa2020_0908,7/13/2020,gobbler_ridge,2,CRD,12:55:00 PM,1:34:00 PM,78,2,2,rufocinctus,Female,DALPUR,,,
Nachusa2020_0909,7/13/2020,gobbler_ridge,2,CRD,12:55:00 PM,1:34:00 PM,78,2,2,impatiens,Female,DALPUR,,,
Nachusa2020_0910,7/13/2020,gobbler_ridge,2,CRD,12:55:00 PM,1:34:00 PM,78,2,2,impatiens,Female,DALPUR,,,
Nachusa2020_0911,7/13/2020,gobbler_ridge,2,CRD,12:55:00 PM,1:34:00 PM,78,2,2,griseocollis,Female,DALPUR,,,
Nachusa2020_0912,7/13/2020,gobbler_ridge,2,CRD,12:55:00 PM,1:34:00 PM,78,2,2,griseocollis,Female,DALCAN,,,
Nachusa2020_0913,7/13/2020,gobbler_ridge,2,CRD,12:55:00 PM,1:34:00 PM,78,2,2,griseocollis,Female,DALPUR,,,
Nachusa2020_0914,7/13/2020,gobbler_ridge,2,CRD,12:55:00 PM,1:34:00 PM,78,2,2,griseocollis,Female,DALCAN,,,
Nachusa2020_0915,7/13/2020,gobbler_ridge,2,CRD,12:55:00 PM,1:34:00 PM,78,2,2,griseocollis,Female,DALPUR,,,
Nachusa2020_0916,7/13/2020,gobbler_ridge,2,CRD,12:55:00 PM,1:34:00 PM,78,2,2,griseocollis,Female,DALCAN,,,
Nachusa2020_0917,7/13/2020,gobbler_ridge,2,CRD,12:55:00 PM,1:34:00 PM,78,2,2,impatiens,Female,DALPUR,,,
Nachusa2020_0918,7/13/2020,gobbler_ridge,2,CRD,12:55:00 PM,1:34:00 PM,78,2,2,rufocinctus,Female,DALPUR,,,
Nachusa2020_0919,7/13/2020,gobbler_ridge,2,CRD,12:55:00 PM,1:34:00 PM,78,2,2,griseocollis,Female,DALPUR,,,
Nachusa2020_0920,7/13/2020,gobbler_ridge,2,CRD,12:55:00 PM,1:34:00 PM,78,2,2,rufocinctus,Female,DALCAN,,,
Nachusa2020_0921,7/13/2020,gobbler_ridge,2,CRD,12:55:00 PM,1:34:00 PM,78,2,2,griseocollis,Female,DALPUR,,,
Nachusa2020_0922,7/13/2020,gobbler_ridge,2,CRD,12:55:00 PM,1:34:00 PM,78,2,2,griseocollis,Female,DALPUR,,,
Nachusa2020_0923,7/13/2020,gobbler_ridge,2,CRD,12:55:00 PM,1:34:00 PM,78,2,2,griseocollis,Female,DALCAN,,,
Nachusa2020_0924,7/13/2020,gobbler_ridge,2,CRD,12:55:00 PM,1:34:00 PM,78,2,2,griseocollis,Female,DALPUR,,,
Nachusa2020_0925,7/13/2020,seven_knobs,2,CRD,3:00:00 PM,3:23:00 PM,78,2,2,griseocollis,Female,DALCAN,,,
Nachusa2020_0926,7/13/2020,seven_knobs,2,CRD,3:00:00 PM,3:23:00 PM,78,2,2,vagans,Female,DALCAN,,,photo #142; ID on Inat
Nachusa2020_0927,7/13/2020,seven_knobs,2,CRD,3:00:00 PM,3:23:00 PM,78,2,2,rufocinctus,Female,DALPUR,,,
Nachusa2020_0928,7/13/2020,seven_knobs,2,CRD,3:00:00 PM,3:23:00 PM,78,2,2,rufocinctus,Female,DALPUR,,,
Nachusa2020_0929,7/13/2020,seven_knobs,2,CRD,3:00:00 PM,3:23:00 PM,78,2,2,griseocollis,Female,DALCAN,,,
Nachusa2020_0930,7/13/2020,seven_knobs,2,CRD,3:00:00 PM,3:23:00 PM,78,2,2,rufocinctus,Female,DALCAN,,,
Nachusa2020_0931,7/13/2020,seven_knobs,2,CRD,3:00:00 PM,3:23:00 PM,78,2,2,rufocinctus,Female,DALPUR,,,
Nachusa2020_0932,7/13/2020,seven_knobs,2,CRD,3:00:00 PM,3:23:00 PM,78,2,2,rufocinctus,Female,DALPUR,,,
Nachusa2020_0933,7/13/2020,seven_knobs,2,CRD,3:00:00 PM,3:23:00 PM,78,2,2,griseocollis,Female,DALCAN,,,
Nachusa2020_0934,7/13/2020,seven_knobs,2,CRD,3:00:00 PM,3:23:00 PM,78,2,2,rufocinctus,Female,DALCAN,,,
Nachusa2020_0935,7/13/2020,seven_knobs,2,CRD,3:00:00 PM,3:23:00 PM,78,2,2,rufocinctus,Female,DALPUR,,,
Nachusa2020_0936,7/13/2020,seven_knobs,2,CRD,3:00:00 PM,3:23:00 PM,78,2,2,griseocollis,Female,DALCAN,,,
Nachusa2020_0937,7/13/2020,seven_knobs,2,CRD,3:00:00 PM,3:23:00 PM,78,2,2,rufocinctus,Female,DALCAN,,,
Nachusa2020_0938,7/13/2020,seven_knobs,2,CRD,3:00:00 PM,3:23:00 PM,78,2,2,griseocollis,Female,DALCAN,,,
Nachusa2020_0939,7/13/2020,seven_knobs,2,CRD,3:00:00 PM,3:23:00 PM,78,2,2,rufocinctus,Female,DALPUR,,,
Nachusa2020_0940,7/13/2020,seven_knobs,2,CRD,3:00:00 PM,3:23:00 PM,78,2,2,griseocollis,Female,DALCAN,,,
Nachusa2020_0941,7/13/2020,seven_knobs,2,CRD,3:00:00 PM,3:23:00 PM,78,2,2,rufocinctus,Female,DALCAN,,,
Nachusa2020_0942,7/13/2020,seven_knobs,2,CRD,3:00:00 PM,3:23:00 PM,78,2,2,griseocollis,Female,DALCAN,,,
Nachusa2020_0943,7/13/2020,seven_knobs,2,CRD,3:00:00 PM,3:23:00 PM,78,2,2,griseocollis,Female,DALCAN,,,
Nachusa2020_0944,7/13/2020,seven_knobs,2,CRD,3:00:00 PM,3:23:00 PM,78,2,2,griseocollis,Female,DALCAN,,,
Nachusa2020_0945,7/13/2020,seven_knobs,2,CRD,3:00:00 PM,3:23:00 PM,78,2,2,griseocollis,Female,DALCAN,,,
Nachusa2020_0946,7/13/2020,seven_knobs,2,CRD,3:00:00 PM,3:23:00 PM,78,2,2,griseocollis,Female,DALCAN,,,
Nachusa2020_0947,7/13/2020,seven_knobs,2,CRD,3:00:00 PM,3:23:00 PM,78,2,2,griseocollis,Female,DALCAN,,,
Nachusa2020_0948,7/13/2020,seven_knobs,2,CRD,3:00:00 PM,3:23:00 PM,78,2,2,impatiens,Female,DALCAN,,,
Nachusa2020_0949,7/13/2020,seven_knobs,2,CRD,3:00:00 PM,3:23:00 PM,78,2,2,griseocollis,Female,DALCAN,,,
Nachusa2020_0950,7/13/2020,seven_knobs,2,CRD,3:00:00 PM,3:23:00 PM,78,2,2,griseocollis,Female,DALCAN,,,
Nachusa2020_0951,7/14/2020,clear_creek_south,2,CRD,10:42:00 AM,11:04:00 AM,75,1,1,griseocollis,Female,MONFIS,,,
Nachusa2020_0952,7/14/2020,clear_creek_south,2,CRD,10:42:00 AM,11:04:00 AM,75,1,1,griseocollis,Female,MONFIS,,,
Nachusa2020_0953,7/14/2020,clear_creek_south,2,CRD,10:42:00 AM,11:04:00 AM,75,1,1,griseocollis,Female,MONFIS,,,
Nachusa2020_0954,7/14/2020,clear_creek_south,2,CRD,10:42:00 AM,11:04:00 AM,75,1,1,griseocollis,Female,MONFIS,,,
Nachusa2020_0955,7/14/2020,clear_creek_south,2,CRD,10:42:00 AM,11:04:00 AM,75,1,1,griseocollis,Female,MONFIS,,,
Nachusa2020_0956,7/14/2020,clear_creek_south,2,CRD,10:42:00 AM,11:04:00 AM,75,1,1,impatiens,Female,MONFIS,,,
Nachusa2020_0957,7/14/2020,clear_creek_south,2,CRD,10:42:00 AM,11:04:00 AM,75,1,1,griseocollis,Female,MONFIS,,,
Nachusa2020_0958,7/14/2020,clear_creek_south,2,CRD,10:42:00 AM,11:04:00 AM,75,1,1,griseocollis,Female,MONFIS,,,
Nachusa2020_0959,7/14/2020,clear_creek_south,2,CRD,10:42:00 AM,11:04:00 AM,75,1,1,griseocollis,Female,MONFIS,,,
Nachusa2020_0960,7/14/2020,clear_creek_south,2,CRD,10:42:00 AM,11:04:00 AM,75,1,1,impatiens,Female,MONFIS,,,
Nachusa2020_0961,7/14/2020,clear_creek_south,2,CRD,10:42:00 AM,11:04:00 AM,75,1,1,impatiens,Female,MONFIS,,,
Nachusa2020_0962,7/14/2020,clear_creek_south,2,CRD,10:42:00 AM,11:04:00 AM,75,1,1,griseocollis,Female,MONFIS,,,
Nachusa2020_0963,7/14/2020,clear_creek_south,2,CRD,10:42:00 AM,11:04:00 AM,75,1,1,griseocollis,Female,MONFIS,,,
Nachusa2020_0964,7/14/2020,clear_creek_south,2,CRD,10:42:00 AM,11:04:00 AM,75,1,1,impatiens,Female,MONFIS,,,
Nachusa2020_0965,7/14/2020,clear_creek_south,2,CRD,10:42:00 AM,11:04:00 AM,75,1,1,griseocollis,Female,MONFIS,,,
Nachusa2020_0966,7/14/2020,clear_creek_south,2,CRD,10:42:00 AM,11:04:00 AM,75,1,1,griseocollis,Female,MONFIS,,,
Nachusa2020_0967,7/14/2020,clear_creek_south,2,CRD,10:42:00 AM,11:04:00 AM,75,1,1,impatiens,Female,MONFIS,,,
Nachusa2020_0968,7/14/2020,clear_creek_south,2,CRD,10:42:00 AM,11:04:00 AM,75,1,1,fervidus,Female,MONFIS,,,
Nachusa2020_0969,7/14/2020,clear_creek_south,2,CRD,10:42:00 AM,11:04:00 AM,75,1,1,impatiens,Female,MONFIS,,,
Nachusa2020_0970,7/14/2020,clear_creek_south,2,CRD,10:42:00 AM,11:04:00 AM,75,1,1,griseocollis,Female,MONFIS,,,
Nachusa2020_0971,7/14/2020,clear_creek_south,2,CRD,10:42:00 AM,11:04:00 AM,75,1,1,griseocollis,Female,MONFIS,,,
Nachusa2020_0972,7/14/2020,clear_creek_south,2,CRD,10:42:00 AM,11:04:00 AM,75,1,1,impatiens,Female,MONFIS,,,
Nachusa2020_0973,7/14/2020,clear_creek_south,2,CRD,10:42:00 AM,11:04:00 AM,75,1,1,impatiens,Female,MONFIS,,,
Nachusa2020_0974,7/14/2020,clear_creek_south,2,CRD,10:42:00 AM,11:04:00 AM,75,1,1,impatiens,Female,MONFIS,,,
Nachusa2020_0975,7/14/2020,clear_creek_south,2,CRD,10:42:00 AM,11:04:00 AM,75,1,1,griseocollis,Female,MONFIS,,,
Nachusa2020_0976,7/14/2020,stone_barn_prairie,5,CRD,11:50:00 AM,12:16:00 PM,78,1,1,auricomus,Female,ASTCAN,,,
Nachusa2020_0977,7/14/2020,stone_barn_prairie,5,CRD,11:50:00 AM,12:16:00 PM,78,1,1,griseocollis,Female,DALPUR,,,
Nachusa2020_0978,7/14/2020,stone_barn_prairie,5,CRD,11:50:00 AM,12:16:00 PM,78,1,1,griseocollis,Female,DALPUR,,,
Nachusa2020_0979,7/14/2020,stone_barn_prairie,5,CRD,11:50:00 AM,12:16:00 PM,78,1,1,auri/pens,Female,ASTCAN,,,
Nachusa2020_0980,7/14/2020,stone_barn_prairie,5,CRD,11:50:00 AM,12:16:00 PM,78,1,1,griseocollis,Female,ASTCAN,,,
Nachusa2020_0981,7/14/2020,stone_barn_prairie,5,CRD,11:50:00 AM,12:16:00 PM,78,1,1,auricomus,Female,ASTCAN,,,
Nachusa2020_0982,7/14/2020,stone_barn_prairie,5,CRD,11:50:00 AM,12:16:00 PM,78,1,1,auricomus,Female,ASTCAN,,,photo #143
Nachusa2020_0983,7/14/2020,stone_barn_prairie,5,CRD,11:50:00 AM,12:16:00 PM,78,1,1,fervidus,Female,ASTCAN,,,photo #144
Nachusa2020_0984,7/14/2020,stone_barn_prairie,5,CRD,11:50:00 AM,12:16:00 PM,78,1,1,griseocollis,Female,ASTCAN,,,
Nachusa2020_0985,7/14/2020,stone_barn_prairie,5,CRD,11:50:00 AM,12:16:00 PM,78,1,1,griseocollis,Female,ASTCAN,,,
Nachusa2020_0986,7/14/2020,stone_barn_prairie,5,CRD,11:50:00 AM,12:16:00 PM,78,1,1,auricomus,Female,BAPALB,,,photo #145
Nachusa2020_0987,7/14/2020,stone_barn_prairie,5,CRD,11:50:00 AM,12:16:00 PM,78,1,1,griseocollis,Female,BAPALB,,,
Nachusa2020_0988,7/14/2020,stone_barn_prairie,5,CRD,11:50:00 AM,12:16:00 PM,78,1,1,griseocollis,Female,DALPUR,,,
Nachusa2020_0989,7/14/2020,stone_barn_prairie,5,CRD,11:50:00 AM,12:16:00 PM,78,1,1,griseocollis,Female,DALPUR,,,
Nachusa2020_0990,7/14/2020,stone_barn_prairie,5,CRD,11:50:00 AM,12:16:00 PM,78,1,1,griseocollis,Female,DALCAN,,,
Nachusa2020_0991,7/14/2020,stone_barn_prairie,5,CRD,11:50:00 AM,12:16:00 PM,78,1,1,griseocollis,Female,DALPUR,,,
Nachusa2020_0992,7/14/2020,stone_barn_prairie,5,CRD,11:50:00 AM,12:16:00 PM,78,1,1,griseocollis,Female,DALPUR,,,
Nachusa2020_0993,7/14/2020,stone_barn_prairie,5,CRD,11:50:00 AM,12:16:00 PM,78,1,1,griseocollis,Female,DALPUR,,,
Nachusa2020_0994,7/14/2020,stone_barn_prairie,5,CRD,11:50:00 AM,12:16:00 PM,78,1,1,auri/pens,Female,ASTCAN,,,
Nachusa2020_0995,7/14/2020,stone_barn_prairie,5,CRD,11:50:00 AM,12:16:00 PM,78,1,1,impatiens,Female,TRIPRA,,,
Nachusa2020_0996,7/14/2020,stone_barn_prairie,5,CRD,11:50:00 AM,12:16:00 PM,78,1,1,griseocollis,Female,ASTCAN,,,
Nachusa2020_0997,7/14/2020,stone_barn_prairie,5,CRD,11:50:00 AM,12:16:00 PM,78,1,1,griseocollis,Female,ASTCAN,,,
Nachusa2020_0998,7/14/2020,thelma_carpenter,2,CRD,1:15:00 PM,1:37:00 PM,80,2,2,impatiens,Female,MONFIS,,,
Nachusa2020_0999,7/14/2020,thelma_carpenter,2,CRD,1:15:00 PM,1:37:00 PM,80,2,2,impatiens,Female,MONFIS,,,
Nachusa2020_1000,7/14/2020,thelma_carpenter,2,CRD,1:15:00 PM,1:37:00 PM,80,2,2,auricomus,Female,MONFIS,,,
Nachusa2020_1001,7/14/2020,thelma_carpenter,2,CRD,1:15:00 PM,1:37:00 PM,80,2,2,impatiens,Female,MONFIS,,,
Nachusa2020_1002,7/14/2020,thelma_carpenter,2,CRD,1:15:00 PM,1:37:00 PM,80,2,2,impatiens,Female,MONFIS,,,
Nachusa2020_1003,7/14/2020,thelma_carpenter,2,CRD,1:15:00 PM,1:37:00 PM,80,2,2,griseocollis,Female,MONFIS,,,
Nachusa2020_1004,7/14/2020,thelma_carpenter,2,CRD,1:15:00 PM,1:37:00 PM,80,2,2,griseocollis,Female,MONFIS,,,
Nachusa2020_1005,7/14/2020,thelma_carpenter,2,CRD,1:15:00 PM,1:37:00 PM,80,2,2,impatiens,Female,MONFIS,,,
Nachusa2020_1006,7/14/2020,thelma_carpenter,2,CRD,1:15:00 PM,1:37:00 PM,80,2,2,impatiens,Female,MONFIS,,,
Nachusa2020_1007,7/14/2020,thelma_carpenter,2,CRD,1:15:00 PM,1:37:00 PM,80,2,2,impatiens,Female,MONFIS,,,
Nachusa2020_1008,7/14/2020,thelma_carpenter,2,CRD,1:15:00 PM,1:37:00 PM,80,2,2,griseocollis,Female,MONFIS,,,
Nachusa2020_1009,7/14/2020,thelma_carpenter,2,CRD,1:15:00 PM,1:37:00 PM,80,2,2,auricomus,Female,MONFIS,,,
Nachusa2020_1010,7/14/2020,thelma_carpenter,2,CRD,1:15:00 PM,1:37:00 PM,80,2,2,griseocollis,Female,MONFIS,,,
Nachusa2020_1011,7/14/2020,thelma_carpenter,2,CRD,1:15:00 PM,1:37:00 PM,80,2,2,impatiens,Female,MONFIS,,,
Nachusa2020_1012,7/14/2020,thelma_carpenter,2,CRD,1:15:00 PM,1:37:00 PM,80,2,2,impatiens,Female,MONFIS,,,
Nachusa2020_1013,7/14/2020,thelma_carpenter,2,CRD,1:15:00 PM,1:37:00 PM,80,2,2,impatiens,Female,MONFIS,,,
Nachusa2020_1014,7/14/2020,thelma_carpenter,2,CRD,1:15:00 PM,1:37:00 PM,80,2,2,auricomus,Female,MONFIS,,,
Nachusa2020_1015,7/14/2020,thelma_carpenter,2,CRD,1:15:00 PM,1:37:00 PM,80,2,2,griseocollis,Female,MONFIS,,,
Nachusa2020_1016,7/14/2020,thelma_carpenter,2,CRD,1:15:00 PM,1:37:00 PM,80,2,2,impatiens,Female,MONFIS,,,
Nachusa2020_1017,7/14/2020,thelma_carpenter,2,CRD,1:15:00 PM,1:37:00 PM,80,2,2,impatiens,Female,MONFIS,,,
Nachusa2020_1018,7/14/2020,thelma_carpenter,2,CRD,1:15:00 PM,1:37:00 PM,80,2,2,impatiens,Female,MONFIS,,,
Nachusa2020_1019,7/14/2020,thelma_carpenter,2,CRD,1:15:00 PM,1:37:00 PM,80,2,2,griseocollis,Female,MONFIS,,,
Nachusa2020_1020,7/14/2020,thelma_carpenter,2,CRD,1:15:00 PM,1:37:00 PM,80,2,2,impatiens,Female,MONFIS,,,
Nachusa2020_1021,7/14/2020,thelma_carpenter,2,CRD,1:15:00 PM,1:37:00 PM,80,2,2,impatiens,Female,MONFIS,,,
Nachusa2020_1022,7/14/2020,thelma_carpenter,2,CRD,1:15:00 PM,1:37:00 PM,80,2,2,griseocollis,Female,MONFIS,,,
Nachusa2020_1023,7/14/2020,thelma_carpenter,2,CRD,1:15:00 PM,1:37:00 PM,80,2,2,impatiens,Female,MONFIS,,,
Nachusa2020_1024,7/14/2020,thelma_carpenter,2,CRD,1:15:00 PM,1:37:00 PM,80,2,2,griseocollis,Female,MONFIS,,,
Nachusa2020_1025,7/14/2020,thelma_carpenter,2,CRD,1:15:00 PM,1:37:00 PM,80,2,2,impatiens,Female,MONFIS,,,
Nachusa2020_1026,7/14/2020,sandfarm,6,CRD,2:45:00 PM,3:05:00 PM,80,2,2,rufocinctus,Female,DALPUR,,,
Nachusa2020_1027,7/14/2020,sandfarm,6,CRD,2:45:00 PM,3:05:00 PM,80,2,2,rufocinctus,Female,DALPUR,,,
Nachusa2020_1028,7/14/2020,sandfarm,6,CRD,2:45:00 PM,3:05:00 PM,80,2,2,griseocollis,Female,DALCAN,,,
Nachusa2020_1029,7/14/2020,sandfarm,6,CRD,2:45:00 PM,3:05:00 PM,80,2,2,rufocinctus,Female,DALCAN,,,
Nachusa2020_1030,7/14/2020,sandfarm,6,CRD,2:45:00 PM,3:05:00 PM,80,2,2,auri/pens,Female,BAPALB,,,
Nachusa2020_1031,7/14/2020,sandfarm,6,CRD,2:45:00 PM,3:05:00 PM,80,2,2,griseocollis,Female,DALCAN,,,
Nachusa2020_1032,7/14/2020,sandfarm,6,CRD,2:45:00 PM,3:05:00 PM,80,2,2,griseocollis,Female,DALCAN,,,
Nachusa2020_1033,7/14/2020,sandfarm,6,CRD,2:45:00 PM,3:05:00 PM,80,2,2,griseocollis,Female,BAPALB,,,
Nachusa2020_1034,7/14/2020,sandfarm,6,CRD,2:45:00 PM,3:05:00 PM,80,2,2,griseocollis,Female,DALCAN,,,
Nachusa2020_1035,7/14/2020,sandfarm,6,CRD,2:45:00 PM,3:05:00 PM,80,2,2,griseocollis,Female,DALCAN,,,
Nachusa2020_1036,7/14/2020,sandfarm,6,CRD,2:45:00 PM,3:05:00 PM,80,2,2,auri/pens,Female,BAPALB,,,
Nachusa2020_1037,7/14/2020,sandfarm,6,CRD,2:45:00 PM,3:05:00 PM,80,2,2,griseocollis,Female,TRIPRA,,,
Nachusa2020_1038,7/14/2020,sandfarm,6,CRD,2:45:00 PM,3:05:00 PM,80,2,2,griseocollis,Female,BAPALB,,,
Nachusa2020_1039,7/14/2020,sandfarm,6,CRD,2:45:00 PM,3:05:00 PM,80,2,2,auri/pens,Female,TRIPRA,,,
Nachusa2020_1040,7/14/2020,sandfarm,6,CRD,2:45:00 PM,3:05:00 PM,80,2,2,griseocollis,Female,BAPALB,,,
Nachusa2020_1041,7/14/2020,sandfarm,6,CRD,2:45:00 PM,3:05:00 PM,80,2,2,rufocinctus,Female,DALCAN,,,
Nachusa2020_1042,7/14/2020,sandfarm,6,CRD,2:45:00 PM,3:05:00 PM,80,2,2,griseocollis,Female,DALCAN,,,
Nachusa2020_1043,7/14/2020,sandfarm,6,CRD,2:45:00 PM,3:05:00 PM,80,2,2,griseocollis,Female,TRIPRA,,,
Nachusa2020_1044,7/14/2020,sandfarm,6,CRD,2:45:00 PM,3:05:00 PM,80,2,2,griseocollis,Female,TRIPRA,,,
Nachusa2020_1045,7/15/2020,dougs_knob,2,CRD,8:47:00 AM,9:15:00 AM,71,2,2,auricomus,Female,MONFIS,,,
Nachusa2020_1046,7/15/2020,dougs_knob,2,CRD,8:47:00 AM,9:15:00 AM,71,2,2,impatiens,Female,MONFIS,,,
Nachusa2020_1047,7/15/2020,dougs_knob,2,CRD,8:47:00 AM,9:15:00 AM,71,2,2,impatiens,Female,MONFIS,,,
Nachusa2020_1048,7/15/2020,dougs_knob,2,CRD,8:47:00 AM,9:15:00 AM,71,2,2,impatiens,Female,MONFIS,,,
Nachusa2020_1049,7/15/2020,dougs_knob,2,CRD,8:47:00 AM,9:15:00 AM,71,2,2,impatiens,Female,MONFIS,,,
Nachusa2020_1050,7/15/2020,dougs_knob,2,CRD,8:47:00 AM,9:15:00 AM,71,2,2,impatiens,Female,MONFIS,,,
Nachusa2020_1051,7/15/2020,dougs_knob,2,CRD,8:47:00 AM,9:15:00 AM,71,2,2,auri/pens,Female,MONFIS,,,
Nachusa2020_1052,7/15/2020,dougs_knob,2,CRD,8:47:00 AM,9:15:00 AM,71,2,2,impatiens,Female,MONFIS,,,
Nachusa2020_1053,7/15/2020,dougs_knob,2,CRD,8:47:00 AM,9:15:00 AM,71,2,2,impatiens,Female,MONFIS,,,
Nachusa2020_1054,7/15/2020,dougs_knob,2,CRD,8:47:00 AM,9:15:00 AM,71,2,2,impatiens,Female,MONFIS,,,
Nachusa2020_1055,7/15/2020,dougs_knob,2,CRD,8:47:00 AM,9:15:00 AM,71,2,2,impatiens,Female,MONFIS,,,
Nachusa2020_1056,7/15/2020,dougs_knob,2,CRD,8:47:00 AM,9:15:00 AM,71,2,2,vagans,Female,MONFIS,,,
Nachusa2020_1057,7/15/2020,dougs_knob,2,CRD,8:47:00 AM,9:15:00 AM,71,2,2,impatiens,Female,MONFIS,,,
Nachusa2020_1058,7/15/2020,dougs_knob,2,CRD,8:47:00 AM,9:15:00 AM,71,2,2,impatiens,Female,MONFIS,,,
Nachusa2020_1059,7/15/2020,dougs_knob,2,CRD,8:47:00 AM,9:15:00 AM,71,2,2,impatiens,Female,MONFIS,,,
Nachusa2020_1060,7/15/2020,dougs_knob,2,CRD,8:47:00 AM,9:15:00 AM,71,2,2,auricomus,Female,MONFIS,,,
Nachusa2020_1061,7/15/2020,dougs_knob,2,CRD,8:47:00 AM,9:15:00 AM,71,2,2,impatiens,Female,MONFIS,,,
Nachusa2020_1062,7/15/2020,dougs_knob,2,CRD,8:47:00 AM,9:15:00 AM,71,2,2,auricomus,Female,MONFIS,,,
Nachusa2020_1063,7/15/2020,dougs_knob,2,CRD,8:47:00 AM,9:15:00 AM,71,2,2,griseocollis,Female,DALPUR,,,
Nachusa2020_1064,7/15/2020,dougs_knob,2,CRD,8:47:00 AM,9:15:00 AM,71,2,2,rufocinctus,Female,DALPUR,,,
Nachusa2020_1065,7/15/2020,dougs_knob,2,CRD,8:47:00 AM,9:15:00 AM,71,2,2,impatiens,Female,DALPUR,,,
Nachusa2020_1066,7/15/2020,dougs_knob,2,CRD,8:47:00 AM,9:15:00 AM,71,2,2,impatiens,Female,DALPUR,,,
Nachusa2020_1067,7/15/2020,dougs_knob,2,CRD,8:47:00 AM,9:15:00 AM,71,2,2,griseocollis,Female,DALPUR,,,
Nachusa2020_1068,7/15/2020,dougs_knob,2,CRD,8:47:00 AM,9:15:00 AM,71,2,2,griseocollis,Female,DALPUR,,,
Nachusa2020_1069,7/15/2020,dougs_knob,2,CRD,8:47:00 AM,9:15:00 AM,71,2,2,griseocollis,Female,DALPUR,,,
Nachusa2020_1070,7/15/2020,dougs_knob,2,CRD,8:47:00 AM,9:15:00 AM,71,2,2,rufocinctus,Female,DALPUR,,,
Nachusa2020_1071,7/15/2020,dougs_knob,2,CRD,8:47:00 AM,9:15:00 AM,71,2,2,rufocinctus,Female,DALPUR,,,
Nachusa2020_1072,7/15/2020,dougs_knob,2,CRD,8:47:00 AM,9:15:00 AM,71,2,2,griseocollis,Female,DALPUR,,,
Nachusa2020_1073,7/15/2020,dougs_knob,2,CRD,8:47:00 AM,9:15:00 AM,71,2,2,rufocinctus,Female,DALPUR,,,
Nachusa2020_1074,7/15/2020,dougs_knob,2,CRD,8:47:00 AM,9:15:00 AM,71,2,2,rufocinctus,Female,DALPUR,,,
Nachusa2020_1075,7/15/2020,dougs_knob,2,CRD,8:47:00 AM,9:15:00 AM,71,2,2,impatiens,Female,DALPUR,,,
Nachusa2020_1076,7/15/2020,dougs_knob,2,CRD,8:47:00 AM,9:15:00 AM,71,2,2,impatiens,Female,DALPUR,,,
Nachusa2020_1077,7/15/2020,dougs_knob,2,CRD,8:47:00 AM,9:15:00 AM,71,2,2,griseocollis,Female,DALPUR,,,
Nachusa2020_1078,7/15/2020,dougs_knob,2,CRD,8:47:00 AM,9:15:00 AM,71,2,2,impatiens,Female,DALPUR,,,
Nachusa2020_1079,7/15/2020,dougs_knob,2,CRD,8:47:00 AM,9:15:00 AM,71,2,2,impatiens,Female,MONFIS,,,
Nachusa2020_1080,7/15/2020,dougs_knob,2,CRD,8:47:00 AM,9:15:00 AM,71,2,2,impatiens,Female,MONFIS,,,
Nachusa2020_1081,7/15/2020,dougs_knob,2,CRD,8:47:00 AM,9:15:00 AM,71,2,2,impatiens,Female,MONFIS,,,
Nachusa2020_1082,7/15/2020,dougs_knob,2,CRD,8:47:00 AM,9:15:00 AM,71,2,2,impatiens,Female,MONFIS,,,
Nachusa2020_1083,7/15/2020,dougs_knob,2,CRD,8:47:00 AM,9:15:00 AM,71,2,2,impatiens,Female,MONFIS,,,
Nachusa2020_1084,7/15/2020,dougs_knob,2,CRD,8:47:00 AM,9:15:00 AM,71,2,2,impatiens,Female,MONFIS,,,
Nachusa2020_1085,7/15/2020,dougs_knob,2,CRD,8:47:00 AM,9:15:00 AM,71,2,2,impatiens,Female,MONFIS,,,
Nachusa2020_1086,7/15/2020,dougs_knob,2,CRD,8:47:00 AM,9:15:00 AM,71,2,2,impatiens,Female,MONFIS,,,
Nachusa2020_1087,7/15/2020,dougs_knob,2,CRD,8:47:00 AM,9:15:00 AM,71,2,2,impatiens,Female,MONFIS,,,
Nachusa2020_1088,7/15/2020,dougs_knob,2,CRD,8:47:00 AM,9:15:00 AM,71,2,2,impatiens,Female,MONFIS,,,
Nachusa2020_1089,7/15/2020,dougs_knob,2,CRD,8:47:00 AM,9:15:00 AM,71,2,2,griseocollis,Female,MONFIS,,,
Nachusa2020_1090,7/15/2020,dougs_knob,2,CRD,8:47:00 AM,9:15:00 AM,71,2,2,griseocollis,Female,MONFIS,,,
Nachusa2020_1091,7/15/2020,dougs_knob,2,CRD,8:47:00 AM,9:15:00 AM,71,2,2,griseocollis,Female,MONFIS,,,
Nachusa2020_1092,7/15/2020,dougs_knob,2,CRD,8:47:00 AM,9:15:00 AM,71,2,2,impatiens,Female,MONFIS,,,
Nachusa2020_1093,7/15/2020,dougs_knob,2,CRD,8:47:00 AM,9:15:00 AM,71,2,2,impatiens,Female,MONFIS,,,
Nachusa2020_1094,7/15/2020,dougs_knob,2,CRD,8:47:00 AM,9:15:00 AM,71,2,2,impatiens,Female,MONFIS,,,
Nachusa2020_1095,7/15/2020,dougs_knob,2,CRD,8:47:00 AM,9:15:00 AM,71,2,2,impatiens,Female,MONFIS,,,
Nachusa2020_1096,7/15/2020,dougs_knob,2,CRD,8:47:00 AM,9:15:00 AM,71,2,2,vagans,Female,MONFIS,,,
Nachusa2020_1097,7/15/2020,dougs_knob,2,CRD,8:47:00 AM,9:15:00 AM,71,2,2,impatiens,Female,MONFIS,,,
Nachusa2020_1098,7/15/2020,dougs_knob,2,CRD,8:47:00 AM,9:15:00 AM,71,2,2,impatiens,Female,MONFIS,,,
Nachusa2020_1099,7/15/2020,dougs_knob,2,CRD,8:47:00 AM,9:15:00 AM,71,2,2,impatiens,Female,MONFIS,,,
Nachusa2020_1100,7/15/2020,dougs_knob,2,CRD,8:47:00 AM,9:15:00 AM,71,2,2,impatiens,Female,MONFIS,,,
Nachusa2020_1101,7/15/2020,dougs_knob,2,CRD,8:47:00 AM,9:15:00 AM,71,2,2,impatiens,Female,MONFIS,,,
Nachusa2020_1102,7/15/2020,dougs_knob,2,CRD,8:47:00 AM,9:15:00 AM,71,2,2,impatiens,Female,MONFIS,,,
Nachusa2020_1103,7/15/2020,dougs_knob,2,CRD,8:47:00 AM,9:15:00 AM,71,2,2,impatiens,Female,MONFIS,,,
Nachusa2020_1104,7/15/2020,dougs_knob,2,CRD,8:47:00 AM,9:15:00 AM,71,2,2,impatiens,Female,MONFIS,,,
Nachusa2020_1105,7/15/2020,dougs_knob,2,CRD,8:47:00 AM,9:15:00 AM,71,2,2,impatiens,Female,MONFIS,,,
Nachusa2020_1106,7/15/2020,dougs_knob,2,CRD,8:47:00 AM,9:15:00 AM,71,2,2,impatiens,Female,MONFIS,,,
Nachusa2020_1107,7/15/2020,dougs_knob,2,CRD,8:47:00 AM,9:15:00 AM,71,2,2,impatiens,Female,MONFIS,,,
Nachusa2020_1108,7/15/2020,dougs_knob,2,CRD,8:47:00 AM,9:15:00 AM,71,2,2,griseocollis,Female,MONFIS,,,
Nachusa2020_1109,7/15/2020,dougs_knob,2,CRD,8:47:00 AM,9:15:00 AM,71,2,2,auricomus,Female,MONFIS,,,
Nachusa2020_1110,7/15/2020,dougs_knob,2,CRD,8:47:00 AM,9:15:00 AM,71,2,2,impatiens,Female,MONFIS,,,
Nachusa2020_1111,7/15/2020,dougs_knob,2,CRD,8:47:00 AM,9:15:00 AM,71,2,2,impatiens,Female,MONFIS,,,
Nachusa2020_1112,7/15/2020,dougs_knob,2,CRD,8:47:00 AM,9:15:00 AM,71,2,2,rufocinctus,Female,DALPUR,,,
Nachusa2020_1113,7/15/2020,dots_knob,2,CRD,10:04:00 AM,10:30:00 AM,76,2,2,rufocinctus,Female,DALPUR,,,
Nachusa2020_1114,7/15/2020,dots_knob,2,CRD,10:04:00 AM,10:30:00 AM,76,2,2,griseocollis,Female,DALPUR,,,
Nachusa2020_1115,7/15/2020,dots_knob,2,CRD,10:04:00 AM,10:30:00 AM,76,2,2,rufocinctus,Female,DALPUR,,,
Nachusa2020_1116,7/15/2020,dots_knob,2,CRD,10:04:00 AM,10:30:00 AM,76,2,2,impatiens,Female,DALPUR,,,
Nachusa2020_1117,7/15/2020,dots_knob,2,CRD,10:04:00 AM,10:30:00 AM,76,2,2,rufocinctus,Female,DALPUR,,,
Nachusa2020_1118,7/15/2020,dots_knob,2,CRD,10:04:00 AM,10:30:00 AM,76,2,2,rufocinctus,Female,DALPUR,,,
Nachusa2020_1119,7/15/2020,dots_knob,2,CRD,10:04:00 AM,10:30:00 AM,76,2,2,bimaculatus,Female,DALPUR,,,
Nachusa2020_1120,7/15/2020,dots_knob,2,CRD,10:04:00 AM,10:30:00 AM,76,2,2,rufocinctus,Female,DALPUR,,,
Nachusa2020_1121,7/15/2020,dots_knob,2,CRD,10:04:00 AM,10:30:00 AM,76,2,2,rufocinctus,Female,DALPUR,,,
Nachusa2020_1122,7/15/2020,dots_knob,2,CRD,10:04:00 AM,10:30:00 AM,76,2,2,rufocinctus,Female,DALPUR,,,
Nachusa2020_1123,7/15/2020,dots_knob,2,CRD,10:04:00 AM,10:30:00 AM,76,2,2,impatiens,Female,MONFIS,,,
Nachusa2020_1124,7/15/2020,dots_knob,2,CRD,10:04:00 AM,10:30:00 AM,76,2,2,impatiens,Female,MONFIS,,,
Nachusa2020_1125,7/15/2020,dots_knob,2,CRD,10:04:00 AM,10:30:00 AM,76,2,2,griseocollis,Female,MONFIS,,,
Nachusa2020_1126,7/15/2020,dots_knob,2,CRD,10:04:00 AM,10:30:00 AM,76,2,2,impatiens,Female,MONFIS,,,
Nachusa2020_1127,7/15/2020,dots_knob,2,CRD,10:04:00 AM,10:30:00 AM,76,2,2,griseocollis,Female,MONFIS,,,
Nachusa2020_1128,7/15/2020,dots_knob,2,CRD,10:04:00 AM,10:30:00 AM,76,2,2,impatiens,Female,MONFIS,,,
Nachusa2020_1129,7/15/2020,dots_knob,2,CRD,10:04:00 AM,10:30:00 AM,76,2,2,griseocollis,Female,MONFIS,,,
Nachusa2020_1130,7/15/2020,dots_knob,2,CRD,10:04:00 AM,10:30:00 AM,76,2,2,griseocollis,Female,MONFIS,,,
Nachusa2020_1131,7/15/2020,dots_knob,2,CRD,10:04:00 AM,10:30:00 AM,76,2,2,griseocollis,Female,MONFIS,,,
Nachusa2020_1132,7/15/2020,dots_knob,2,CRD,10:04:00 AM,10:30:00 AM,76,2,2,impatiens,Female,MONFIS,,,
Nachusa2020_1133,7/15/2020,dots_knob,2,CRD,10:04:00 AM,10:30:00 AM,76,2,2,impatiens,Female,MONFIS,,,
Nachusa2020_1134,7/15/2020,dots_knob,2,CRD,10:04:00 AM,10:30:00 AM,76,2,2,impatiens,Female,MONFIS,,,
Nachusa2020_1135,7/15/2020,dots_knob,2,CRD,10:04:00 AM,10:30:00 AM,76,2,2,impatiens,Female,MONFIS,,,
Nachusa2020_1136,7/15/2020,dots_knob,2,CRD,10:04:00 AM,10:30:00 AM,76,2,2,bimaculatus,Female,MONFIS,,,
Nachusa2020_1137,7/15/2020,dots_knob,2,CRD,10:04:00 AM,10:30:00 AM,76,2,2,griseocollis,Female,MONFIS,,,
Nachusa2020_1138,7/15/2020,dots_knob,2,CRD,10:04:00 AM,10:30:00 AM,76,2,2,impatiens,Female,MONFIS,,,
Nachusa2020_1139,7/15/2020,dots_knob,2,CRD,10:04:00 AM,10:30:00 AM,76,2,2,impatiens,Female,MONFIS,,,
Nachusa2020_1140,7/15/2020,dots_knob,2,CRD,10:04:00 AM,10:30:00 AM,76,2,2,impatiens,Female,MONFIS,,,
Nachusa2020_1141,7/15/2020,dots_knob,2,CRD,10:04:00 AM,10:30:00 AM,76,2,2,impatiens,Female,MONFIS,,,
Nachusa2020_1142,7/15/2020,dots_knob,2,CRD,10:04:00 AM,10:30:00 AM,76,2,2,impatiens,Female,MONFIS,,,
Nachusa2020_1143,7/15/2020,dots_knob,2,CRD,10:04:00 AM,10:30:00 AM,76,2,2,impatiens,Female,MONFIS,,,
Nachusa2020_1144,7/15/2020,dots_knob,2,CRD,10:04:00 AM,10:30:00 AM,76,2,2,griseocollis,Female,MONFIS,,,
Nachusa2020_1145,7/15/2020,dots_knob,2,CRD,10:04:00 AM,10:30:00 AM,76,2,2,auri/pens,Female,MONFIS,,,
Nachusa2020_1146,7/15/2020,dots_knob,2,CRD,10:04:00 AM,10:30:00 AM,76,2,2,impatiens,Female,MONFIS,,,
Nachusa2020_1147,7/15/2020,dots_knob,2,CRD,10:04:00 AM,10:30:00 AM,76,2,2,griseocollis,Female,MONFIS,,,
Nachusa2020_1148,7/15/2020,dots_knob,2,CRD,10:04:00 AM,10:30:00 AM,76,2,2,impatiens,Female,MONFIS,,,
Nachusa2020_1149,7/15/2020,dots_knob,2,CRD,10:04:00 AM,10:30:00 AM,76,2,2,impatiens,Female,MONFIS,,,
Nachusa2020_1150,7/15/2020,dots_knob,2,CRD,10:04:00 AM,10:30:00 AM,76,2,2,impatiens,Female,MONFIS,,,
Nachusa2020_1151,7/15/2020,dots_knob,2,CRD,10:04:00 AM,10:30:00 AM,76,2,2,griseocollis,Female,DALPUR,,,
Nachusa2020_1152,7/15/2020,dots_knob,2,CRD,10:04:00 AM,10:30:00 AM,76,2,2,vagans,Female,DALPUR,,,photo #146
Nachusa2020_1153,7/15/2020,dots_knob,2,CRD,10:04:00 AM,10:30:00 AM,76,2,2,rufocinctus,Female,DALPUR,,,
Nachusa2020_1154,7/15/2020,dots_knob,2,CRD,10:04:00 AM,10:30:00 AM,76,2,2,rufocinctus,Female,DALPUR,,,
Nachusa2020_1155,7/15/2020,dots_knob,2,CRD,10:04:00 AM,10:30:00 AM,76,2,2,rufocinctus,Female,DALPUR,,,
Nachusa2020_1156,7/15/2020,coneflower_trash_knob,2,CRD,11:26:00 AM,11:55:00 AM,76,2,2,auricomus,Female,TRIPRA,,,
Nachusa2020_1157,7/15/2020,coneflower_trash_knob,2,CRD,11:26:00 AM,11:55:00 AM,76,2,2,rufocinctus,Female,DALCAN,,,
Nachusa2020_1158,7/15/2020,coneflower_trash_knob,2,CRD,11:26:00 AM,11:55:00 AM,76,2,2,auricomus,Female,MONFIS,,,
Nachusa2020_1159,7/15/2020,coneflower_trash_knob,2,CRD,11:26:00 AM,11:55:00 AM,76,2,2,impatiens,Female,MONFIS,,,
Nachusa2020_1160,7/15/2020,coneflower_trash_knob,2,CRD,11:26:00 AM,11:55:00 AM,76,2,2,impatiens,Female,MONFIS,,,
Nachusa2020_1161,7/15/2020,coneflower_trash_knob,2,CRD,11:26:00 AM,11:55:00 AM,76,2,2,griseocollis,Female,MONFIS,,,
Nachusa2020_1162,7/15/2020,coneflower_trash_knob,2,CRD,11:26:00 AM,11:55:00 AM,76,2,2,impatiens,Female,MONFIS,,,
Nachusa2020_1163,7/15/2020,coneflower_trash_knob,2,CRD,11:26:00 AM,11:55:00 AM,76,2,2,griseocollis,Female,DALPUR,,,
Nachusa2020_1164,7/15/2020,coneflower_trash_knob,2,CRD,11:26:00 AM,11:55:00 AM,76,2,2,griseocollis,Female,DALPUR,,,
Nachusa2020_1165,7/15/2020,coneflower_trash_knob,2,CRD,11:26:00 AM,11:55:00 AM,76,2,2,griseocollis,Female,DALPUR,,,
Nachusa2020_1166,7/15/2020,coneflower_trash_knob,2,CRD,11:26:00 AM,11:55:00 AM,76,2,2,vagans,Female,DALPUR,,,
Nachusa2020_1167,7/15/2020,coneflower_trash_knob,2,CRD,11:26:00 AM,11:55:00 AM,76,2,2,impatiens,Female,DALPUR,,,
Nachusa2020_1168,7/15/2020,coneflower_trash_knob,2,CRD,11:26:00 AM,11:55:00 AM,76,2,2,griseocollis,Female,DALPUR,,,
Nachusa2020_1169,7/15/2020,coneflower_trash_knob,2,CRD,11:26:00 AM,11:55:00 AM,76,2,2,griseocollis,Female,DALPUR,,,
Nachusa2020_1170,7/15/2020,coneflower_trash_knob,2,CRD,11:26:00 AM,11:55:00 AM,76,2,2,impatiens,Female,DALPUR,,,
Nachusa2020_1171,7/15/2020,coneflower_trash_knob,2,CRD,11:26:00 AM,11:55:00 AM,76,2,2,griseocollis,Female,DALPUR,,,
Nachusa2020_1172,7/15/2020,coneflower_trash_knob,2,CRD,11:26:00 AM,11:55:00 AM,76,2,2,griseocollis,Female,DALPUR,,,
Nachusa2020_1173,7/15/2020,coneflower_trash_knob,2,CRD,11:26:00 AM,11:55:00 AM,76,2,2,rufocinctus,Female,DALPUR,,,
Nachusa2020_1174,7/15/2020,coneflower_trash_knob,2,CRD,11:26:00 AM,11:55:00 AM,76,2,2,griseocollis,Female,DALPUR,,,
Nachusa2020_1175,7/15/2020,coneflower_trash_knob,2,CRD,11:26:00 AM,11:55:00 AM,76,2,2,rufocinctus,Female,DALPUR,,,
Nachusa2020_1176,7/15/2020,coneflower_trash_knob,2,CRD,11:26:00 AM,11:55:00 AM,76,2,2,rufocinctus,Female,DALPUR,,,
Nachusa2020_1177,7/15/2020,coneflower_trash_knob,2,CRD,11:26:00 AM,11:55:00 AM,76,2,2,griseocollis,Female,DALPUR,,,
Nachusa2020_1178,7/15/2020,coneflower_trash_knob,2,CRD,11:26:00 AM,11:55:00 AM,76,2,2,impatiens,Female,DALPUR,,,
Nachusa2020_1179,7/15/2020,coneflower_trash_knob,2,CRD,11:26:00 AM,11:55:00 AM,76,2,2,impatiens,Female,DALPUR,,,
Nachusa2020_1180,7/15/2020,coneflower_trash_knob,2,CRD,11:26:00 AM,11:55:00 AM,76,2,2,griseocollis,Female,DALPUR,,,
Nachusa2020_1181,7/15/2020,coneflower_trash_knob,2,CRD,11:26:00 AM,11:55:00 AM,76,2,2,impatiens,Female,DALPUR,,,
Nachusa2020_1182,7/15/2020,coneflower_trash_knob,2,CRD,11:26:00 AM,11:55:00 AM,76,2,2,griseocollis,Female,DALPUR,,,
Nachusa2020_1183,7/15/2020,coneflower_trash_knob,2,CRD,11:26:00 AM,11:55:00 AM,76,2,2,bimaculatus,Female,DALPUR,,,
Nachusa2020_1184,7/15/2020,coneflower_trash_knob,2,CRD,11:26:00 AM,11:55:00 AM,76,2,2,impatiens,Female,DALPUR,,,
Nachusa2020_1185,7/15/2020,coneflower_trash_knob,2,CRD,11:26:00 AM,11:55:00 AM,76,2,2,griseocollis,Female,DALPUR,,,
Nachusa2020_1186,7/15/2020,coneflower_trash_knob,2,CRD,11:26:00 AM,11:55:00 AM,76,2,2,impatiens,Female,DALPUR,,,
Nachusa2020_1187,7/15/2020,coneflower_trash_knob,2,CRD,11:26:00 AM,11:55:00 AM,76,2,2,impatiens,Female,DALPUR,,,
Nachusa2020_1188,7/15/2020,coneflower_trash_knob,2,CRD,11:26:00 AM,11:55:00 AM,76,2,2,impatiens,Female,DALPUR,,,
Nachusa2020_1189,7/15/2020,coneflower_trash_knob,2,CRD,11:26:00 AM,11:55:00 AM,76,2,2,griseocollis,Female,DALPUR,,,
Nachusa2020_1190,7/15/2020,coneflower_trash_knob,2,CRD,11:26:00 AM,11:55:00 AM,76,2,2,impatiens,Female,DALPUR,,,
Nachusa2020_1191,7/15/2020,coneflower_trash_knob,2,CRD,11:26:00 AM,11:55:00 AM,76,2,2,impatiens,Female,DALPUR,,,
Nachusa2020_1192,7/15/2020,coneflower_trash_knob,2,CRD,11:26:00 AM,11:55:00 AM,76,2,2,impatiens,Female,DALPUR,,,
Nachusa2020_1193,7/15/2020,coneflower_trash_knob,2,CRD,11:26:00 AM,11:55:00 AM,76,2,2,griseocollis,Female,DALPUR,,,
Nachusa2020_1194,7/15/2020,coneflower_trash_knob,2,CRD,11:26:00 AM,11:55:00 AM,76,2,2,griseocollis,Female,DALPUR,,,
Nachusa2020_1195,7/15/2020,coneflower_trash_knob,2,CRD,11:26:00 AM,11:55:00 AM,76,2,2,griseocollis,Female,DALPUR,,,
Nachusa2020_1196,7/15/2020,coneflower_trash_knob,2,CRD,11:26:00 AM,11:55:00 AM,76,2,2,griseocollis,Female,DALPUR,,,
Nachusa2020_1197,7/15/2020,coneflower_trash_knob,2,CRD,11:26:00 AM,11:55:00 AM,76,2,2,rufocinctus,Female,DALPUR,,,
Nachusa2020_1198,7/15/2020,coneflower_trash_knob,2,CRD,11:26:00 AM,11:55:00 AM,76,2,2,griseocollis,Female,DALPUR,,,
Nachusa2020_1199,7/15/2020,coneflower_trash_knob,2,CRD,11:26:00 AM,11:55:00 AM,76,2,2,griseocollis,Female,DALPUR,,,
Nachusa2020_1200,7/15/2020,coneflower_trash_knob,2,CRD,11:26:00 AM,11:55:00 AM,76,2,2,rufocinctus,Female,DALPUR,,,needs ID; Specimen taken
Nachusa2020_1201,7/15/2020,coneflower_trash_knob,2,CRD,11:26:00 AM,11:55:00 AM,76,2,2,impatiens,Female,DALPUR,,,
Nachusa2020_1202,7/15/2020,coneflower_trash_knob,2,CRD,11:26:00 AM,11:55:00 AM,76,2,2,impatiens,Female,DALPUR,,,
Nachusa2020_1203,7/15/2020,coneflower_trash_knob,2,CRD,11:26:00 AM,11:55:00 AM,76,2,2,impatiens,Female,DALPUR,,,
Nachusa2020_1204,7/15/2020,coneflower_trash_knob,2,CRD,11:26:00 AM,11:55:00 AM,76,2,2,griseocollis,Female,DALPUR,,,
Nachusa2020_1205,7/15/2020,coneflower_trash_knob,2,CRD,11:26:00 AM,11:55:00 AM,76,2,2,griseocollis,Female,DALPUR,,,
Nachusa2020_1206,7/15/2020,coneflower_trash_knob,2,CRD,11:26:00 AM,11:55:00 AM,76,2,2,griseocollis,Female,DALPUR,,,
Nachusa2020_1207,7/15/2020,coneflower_trash_knob,2,CRD,11:26:00 AM,11:55:00 AM,76,2,2,impatiens,Female,DALPUR,,,
Nachusa2020_1208,7/15/2020,coneflower_trash_knob,2,CRD,11:26:00 AM,11:55:00 AM,76,2,2,griseocollis,Female,DALPUR,,,
Nachusa2020_1209,7/15/2020,coneflower_trash_knob,2,CRD,11:26:00 AM,11:55:00 AM,76,2,2,auri/pens,Female,TRIPRA,,,
Nachusa2020_1210,7/15/2020,coneflower_trash_knob,2,CRD,11:26:00 AM,11:55:00 AM,76,2,2,impatiens,Female,MONFIS,,,
Nachusa2020_1211,7/15/2020,coneflower_trash_knob,2,CRD,11:26:00 AM,11:55:00 AM,76,2,2,impatiens,Female,MONFIS,,,
Nachusa2020_1212,7/16/2020,stone_barn_prairie,6,CRD,8:38:00 AM,9:00:00 AM,69,1,1,auri/pens,Female,ASTCAN,,,
Nachusa2020_1213,7/16/2020,stone_barn_prairie,6,CRD,8:38:00 AM,9:00:00 AM,69,1,1,griseocollis,Female,ASTCAN,,,
Nachusa2020_1214,7/16/2020,stone_barn_prairie,6,CRD,8:38:00 AM,9:00:00 AM,69,1,1,fervidus,Female,ASTCAN,,,
Nachusa2020_1215,7/16/2020,stone_barn_prairie,6,CRD,8:38:00 AM,9:00:00 AM,69,1,1,impatiens,Female,ASTCAN,,,
Nachusa2020_1216,7/16/2020,stone_barn_prairie,6,CRD,8:38:00 AM,9:00:00 AM,69,1,1,griseocollis,Female,ASTCAN,,,
Nachusa2020_1217,7/16/2020,stone_barn_prairie,6,CRD,8:38:00 AM,9:00:00 AM,69,1,1,fervidus,Female,ASTCAN,,,
Nachusa2020_1218,7/16/2020,stone_barn_prairie,6,CRD,8:38:00 AM,9:00:00 AM,69,1,1,auri/pens,Female,ASTCAN,,,
Nachusa2020_1219,7/16/2020,stone_barn_prairie,6,CRD,8:38:00 AM,9:00:00 AM,69,1,1,griseocollis,Female,DALPUR,,,
Nachusa2020_1220,7/16/2020,stone_barn_prairie,6,CRD,8:38:00 AM,9:00:00 AM,69,1,1,griseocollis,Female,ASTCAN,,,
Nachusa2020_1221,7/16/2020,stone_barn_prairie,6,CRD,8:38:00 AM,9:00:00 AM,69,1,1,griseocollis,Female,ASTCAN,,,
Nachusa2020_1222,7/16/2020,stone_barn_prairie,6,CRD,8:38:00 AM,9:00:00 AM,69,1,1,griseocollis,Female,ASTCAN,,,
Nachusa2020_1223,7/16/2020,stone_barn_prairie,6,CRD,8:38:00 AM,9:00:00 AM,69,1,1,griseocollis,Female,ASTCAN,,,
Nachusa2020_1224,7/16/2020,stone_barn_prairie,6,CRD,8:38:00 AM,9:00:00 AM,69,1,1,griseocollis,Female,ASTCAN,,,
Nachusa2020_1225,7/16/2020,stone_barn_prairie,6,CRD,8:38:00 AM,9:00:00 AM,69,1,1,griseocollis,Female,ASTCAN,,,
Nachusa2020_1226,7/16/2020,stone_barn_prairie,6,CRD,8:38:00 AM,9:00:00 AM,69,1,1,impatiens,Female,ASTCAN,,,
Nachusa2020_1227,7/16/2020,stone_barn_prairie,6,CRD,8:38:00 AM,9:00:00 AM,69,1,1,griseocollis,Female,ASTCAN,,,
Nachusa2020_1228,7/16/2020,stone_barn_prairie,6,CRD,8:38:00 AM,9:00:00 AM,69,1,1,griseocollis,Female,DALPUR,,,
Nachusa2020_1229,7/16/2020,stone_barn_prairie,6,CRD,8:38:00 AM,9:00:00 AM,69,1,1,griseocollis,Female,BAPALB,,,
Nachusa2020_1230,7/16/2020,stone_barn_prairie,6,CRD,8:38:00 AM,9:00:00 AM,69,1,1,griseocollis,Female,ASTCAN,,,
Nachusa2020_1231,7/16/2020,stone_barn_prairie,6,CRD,8:38:00 AM,9:00:00 AM,69,1,1,auricomus,Female,ASTCAN,,,
Nachusa2020_1232,7/16/2020,stone_barn_prairie,6,CRD,8:38:00 AM,9:00:00 AM,69,1,1,impatiens,Female,ASTCAN,,,
Nachusa2020_1233,7/16/2020,stone_barn_prairie,6,CRD,8:38:00 AM,9:00:00 AM,69,1,1,griseocollis,Female,DAUCAR,,,
Nachusa2020_1234,7/16/2020,clear_creek_south,3,CRD,9:48:00 AM,10:15:00 AM,73,2,2,griseocollis,Female,MONFIS,,,
Nachusa2020_1235,7/16/2020,clear_creek_south,3,CRD,9:48:00 AM,10:15:00 AM,73,2,2,impatiens,Female,MONFIS,,,
Nachusa2020_1236,7/16/2020,clear_creek_south,3,CRD,9:48:00 AM,10:15:00 AM,73,2,2,impatiens,Female,MONFIS,,,
Nachusa2020_1237,7/16/2020,clear_creek_south,3,CRD,9:48:00 AM,10:15:00 AM,73,2,2,griseocollis,Female,MONFIS,,,
Nachusa2020_1238,7/16/2020,clear_creek_south,3,CRD,9:48:00 AM,10:15:00 AM,73,2,2,impatiens,Female,MONFIS,,,
Nachusa2020_1239,7/16/2020,clear_creek_south,3,CRD,9:48:00 AM,10:15:00 AM,73,2,2,impatiens,Female,MONFIS,,,
Nachusa2020_1240,7/16/2020,clear_creek_south,3,CRD,9:48:00 AM,10:15:00 AM,73,2,2,fervidus,Female,MONFIS,,,
Nachusa2020_1241,7/16/2020,clear_creek_south,3,CRD,9:48:00 AM,10:15:00 AM,73,2,2,griseocollis,Female,MONFIS,,,
Nachusa2020_1242,7/16/2020,clear_creek_south,3,CRD,9:48:00 AM,10:15:00 AM,73,2,2,impatiens,Female,MONFIS,,,
Nachusa2020_1243,7/16/2020,clear_creek_south,3,CRD,9:48:00 AM,10:15:00 AM,73,2,2,griseocollis,Female,MONFIS,,,
Nachusa2020_1244,7/16/2020,clear_creek_south,3,CRD,9:48:00 AM,10:15:00 AM,73,2,2,griseocollis,Female,MONFIS,,,
Nachusa2020_1245,7/16/2020,clear_creek_south,3,CRD,9:48:00 AM,10:15:00 AM,73,2,2,impatiens,Female,MONFIS,,,
Nachusa2020_1246,7/16/2020,clear_creek_south,3,CRD,9:48:00 AM,10:15:00 AM,73,2,2,impatiens,Female,MONFIS,,,
Nachusa2020_1247,7/16/2020,clear_creek_south,3,CRD,9:48:00 AM,10:15:00 AM,73,2,2,griseocollis,Female,MONFIS,,,
Nachusa2020_1248,7/16/2020,clear_creek_south,3,CRD,9:48:00 AM,10:15:00 AM,73,2,2,griseocollis,Female,MONFIS,,,
Nachusa2020_1249,7/16/2020,clear_creek_south,3,CRD,9:48:00 AM,10:15:00 AM,73,2,2,griseocollis,Female,MONFIS,,,
Nachusa2020_1250,7/16/2020,clear_creek_south,3,CRD,9:48:00 AM,10:15:00 AM,73,2,2,fervidus,Female,MONFIS,,,
Nachusa2020_1251,7/16/2020,clear_creek_south,3,CRD,9:48:00 AM,10:15:00 AM,73,2,2,impatiens,Female,MONFIS,,,
Nachusa2020_1252,7/16/2020,clear_creek_south,3,CRD,9:48:00 AM,10:15:00 AM,73,2,2,griseocollis,Female,MONFIS,,,
Nachusa2020_1253,7/16/2020,clear_creek_south,3,CRD,9:48:00 AM,10:15:00 AM,73,2,2,impatiens,Female,MONFIS,,,
Nachusa2020_1254,7/16/2020,clear_creek_south,3,CRD,9:48:00 AM,10:15:00 AM,73,2,2,griseocollis,Female,MONFIS,,,
Nachusa2020_1255,7/16/2020,clear_creek_south,3,CRD,9:48:00 AM,10:15:00 AM,73,2,2,impatiens,Female,MONFIS,,,
Nachusa2020_1256,7/16/2020,clear_creek_south,3,CRD,9:48:00 AM,10:15:00 AM,73,2,2,griseocollis,Female,MONFIS,,,
Nachusa2020_1257,7/16/2020,clear_creek_south,3,CRD,9:48:00 AM,10:15:00 AM,73,2,2,impatiens,Female,MONFIS,,,
Nachusa2020_1258,7/16/2020,clear_creek_south,3,CRD,9:48:00 AM,10:15:00 AM,73,2,2,auricomus,Female,MONFIS,,,
Nachusa2020_1259,7/16/2020,clear_creek_south,3,CRD,9:48:00 AM,10:15:00 AM,73,2,2,griseocollis,Female,MONFIS,,,
Nachusa2020_1260,7/16/2020,clear_creek_south,3,CRD,9:48:00 AM,10:15:00 AM,73,2,2,griseocollis,Female,MONFIS,,,
Nachusa2020_1261,7/16/2020,clear_creek_south,3,CRD,9:48:00 AM,10:15:00 AM,73,2,2,griseocollis,Female,MONFIS,,,
Nachusa2020_1262,7/16/2020,clear_creek_south,3,CRD,9:48:00 AM,10:15:00 AM,73,2,2,impatiens,Female,MONFIS,,,
Nachusa2020_1263,7/16/2020,clear_creek_south,3,CRD,9:48:00 AM,10:15:00 AM,73,2,2,impatiens,Female,MONFIS,,,
Nachusa2020_1264,7/16/2020,clear_creek_south,3,CRD,9:48:00 AM,10:15:00 AM,73,2,2,griseocollis,Female,MONFIS,,,
Nachusa2020_1265,7/16/2020,clear_creek_south,3,CRD,9:48:00 AM,10:15:00 AM,73,2,2,griseocollis,Female,MONFIS,,,
Nachusa2020_1266,7/16/2020,clear_creek_south,3,CRD,9:48:00 AM,10:15:00 AM,73,2,2,griseocollis,Female,MONFIS,,,
Nachusa2020_1267,7/16/2020,clear_creek_south,3,CRD,9:48:00 AM,10:15:00 AM,73,2,2,impatiens,Female,MONFIS,,,
Nachusa2020_1268,7/16/2020,clear_creek_south,3,CRD,9:48:00 AM,10:15:00 AM,73,2,2,griseocollis,Female,MONFIS,,,
Nachusa2020_1269,7/16/2020,clear_creek_south,3,CRD,9:48:00 AM,10:15:00 AM,73,2,2,impatiens,Female,MONFIS,,,
Nachusa2020_1270,7/16/2020,clear_creek_south,3,CRD,9:48:00 AM,10:15:00 AM,73,2,2,griseocollis,Female,MONFIS,,,
Nachusa2020_1271,7/16/2020,clear_creek_south,3,CRD,9:48:00 AM,10:15:00 AM,73,2,2,impatiens,Female,MONFIS,,,
Nachusa2020_1272,7/16/2020,clear_creek_south,3,CRD,9:48:00 AM,10:15:00 AM,73,2,2,griseocollis,Female,MONFIS,,,
Nachusa2020_1273,7/16/2020,clear_creek_south,3,CRD,9:48:00 AM,10:15:00 AM,73,2,2,griseocollis,Female,MONFIS,,,
Nachusa2020_1274,7/16/2020,clear_creek_south,3,CRD,9:48:00 AM,10:15:00 AM,73,2,2,impatiens,Female,MONFIS,,,
Nachusa2020_1275,7/16/2020,clear_creek_south,3,CRD,9:48:00 AM,10:15:00 AM,73,2,2,impatiens,Female,MONFIS,,,
Nachusa2020_1276,7/16/2020,clear_creek_south,3,CRD,9:48:00 AM,10:15:00 AM,73,2,2,impatiens,Female,MONFIS,,,
Nachusa2020_1277,7/16/2020,kittentail_knob,2,CRD,10:51:00 AM,11:19:00 AM,74,2,2,impatiens,Female,MONFIS,,,
Nachusa2020_1278,7/16/2020,kittentail_knob,2,CRD,10:51:00 AM,11:19:00 AM,74,2,2,vagans,Female,MONFIS,,,photo #147
Nachusa2020_1279,7/16/2020,kittentail_knob,2,CRD,10:51:00 AM,11:19:00 AM,74,2,2,vagans,Female,MONFIS,,,
Nachusa2020_1280,7/16/2020,kittentail_knob,2,CRD,10:51:00 AM,11:19:00 AM,74,2,2,impatiens,Female,MONFIS,,,
Nachusa2020_1281,7/16/2020,kittentail_knob,2,CRD,10:51:00 AM,11:19:00 AM,74,2,2,auricomus,Male,RATPIN,,,"perching on RATPIN, likely auricomus. Specimen taken for ID"
Nachusa2020_1282,7/16/2020,kittentail_knob,2,CRD,10:51:00 AM,11:19:00 AM,74,2,2,impatiens,Female,MONFIS,,,
Nachusa2020_1283,7/16/2020,kittentail_knob,2,CRD,10:51:00 AM,11:19:00 AM,74,2,2,impatiens,Female,MONFIS,,,
Nachusa2020_1284,7/16/2020,kittentail_knob,2,CRD,10:51:00 AM,11:19:00 AM,74,2,2,vagans,Female,MONFIS,,,
Nachusa2020_1285,7/16/2020,kittentail_knob,2,CRD,10:51:00 AM,11:19:00 AM,74,2,2,griseocollis,Female,MONFIS,,,
Nachusa2020_1286,7/16/2020,kittentail_knob,2,CRD,10:51:00 AM,11:19:00 AM,74,2,2,griseocollis,Female,MONFIS,,,
Nachusa2020_1287,7/16/2020,kittentail_knob,2,CRD,10:51:00 AM,11:19:00 AM,74,2,2,auricomus,Female,MONFIS,,,
Nachusa2020_1288,7/16/2020,kittentail_knob,2,CRD,10:51:00 AM,11:19:00 AM,74,2,2,griseocollis,Female,MONFIS,,,
Nachusa2020_1289,7/16/2020,kittentail_knob,2,CRD,10:51:00 AM,11:19:00 AM,74,2,2,impatiens,Female,MONFIS,,,
Nachusa2020_1290,7/16/2020,kittentail_knob,2,CRD,10:51:00 AM,11:19:00 AM,74,2,2,impatiens,Female,MONFIS,,,
Nachusa2020_1291,7/16/2020,kittentail_knob,2,CRD,10:51:00 AM,11:19:00 AM,74,2,2,impatiens,Female,MONFIS,,,
Nachusa2020_1292,7/16/2020,kittentail_knob,2,CRD,10:51:00 AM,11:19:00 AM,74,2,2,griseocollis,Female,MONFIS,,,
Nachusa2020_1293,7/16/2020,kittentail_knob,2,CRD,10:51:00 AM,11:19:00 AM,74,2,2,griseocollis,Female,MONFIS,,,
Nachusa2020_1294,7/16/2020,kittentail_knob,2,CRD,10:51:00 AM,11:19:00 AM,74,2,2,griseocollis,Female,MONFIS,,,
Nachusa2020_1295,7/16/2020,kittentail_knob,2,CRD,10:51:00 AM,11:19:00 AM,74,2,2,griseocollis,Female,MONFIS,,,
Nachusa2020_1296,7/16/2020,kittentail_knob,2,CRD,10:51:00 AM,11:19:00 AM,74,2,2,auri/pens,Female,MONFIS,,,
Nachusa2020_1297,7/16/2020,kittentail_knob,2,CRD,10:51:00 AM,11:19:00 AM,74,2,2,vagans,Female,MONFIS,,,
Nachusa2020_1298,7/16/2020,kittentail_knob,2,CRD,10:51:00 AM,11:19:00 AM,74,2,2,impatiens,Female,MONFIS,,,
Nachusa2020_1299,7/16/2020,kittentail_knob,2,CRD,10:51:00 AM,11:19:00 AM,74,2,2,impatiens,Female,MONFIS,,,
Nachusa2020_1300,7/16/2020,kittentail_knob,2,CRD,10:51:00 AM,11:19:00 AM,74,2,2,vagans,Female,MONFIS,,,
Nachusa2020_1301,7/16/2020,kittentail_knob,2,CRD,10:51:00 AM,11:19:00 AM,74,2,2,griseocollis,Female,MONFIS,,,
Nachusa2020_1302,7/16/2020,kittentail_knob,2,CRD,10:51:00 AM,11:19:00 AM,74,2,2,impatiens,Female,MONFIS,,,
Nachusa2020_1303,7/16/2020,kittentail_knob,2,CRD,10:51:00 AM,11:19:00 AM,74,2,2,impatiens,Female,MONFIS,,,
Nachusa2020_1304,7/16/2020,kittentail_knob,2,CRD,10:51:00 AM,11:19:00 AM,74,2,2,impatiens,Female,MONFIS,,,
Nachusa2020_1305,7/16/2020,kittentail_knob,2,CRD,10:51:00 AM,11:19:00 AM,74,2,2,griseocollis,Male,MONFIS,,,Specimen Taken
Nachusa2020_1306,7/16/2020,kittentail_knob,2,CRD,10:51:00 AM,11:19:00 AM,74,2,2,griseocollis,Female,MONFIS,,,
Nachusa2020_1307,7/16/2020,kittentail_knob,2,CRD,10:51:00 AM,11:19:00 AM,74,2,2,auricomus,Female,MONFIS,,,
Nachusa2020_1308,7/16/2020,kittentail_knob,2,CRD,10:51:00 AM,11:19:00 AM,74,2,2,auricomus,Female,MONFIS,,,
Nachusa2020_1309,7/16/2020,kittentail_knob,2,CRD,10:51:00 AM,11:19:00 AM,74,2,2,impatiens,Female,MONFIS,,,
Nachusa2020_1310,7/16/2020,kittentail_knob,2,CRD,10:51:00 AM,11:19:00 AM,74,2,2,impatiens,Female,MONFIS,,,
Nachusa2020_1311,7/16/2020,kittentail_knob,2,CRD,10:51:00 AM,11:19:00 AM,74,2,2,impatiens,Female,MONFIS,,,
Nachusa2020_1312,7/16/2020,kittentail_knob,2,CRD,10:51:00 AM,11:19:00 AM,74,2,2,impatiens,Female,MONFIS,,,
Nachusa2020_1313,7/16/2020,kittentail_knob,2,CRD,10:51:00 AM,11:19:00 AM,74,2,2,vagans,Female,MONFIS,,,
Nachusa2020_1314,7/16/2020,west_heinkel,2,CRD,12:54:00 PM,1:18:00 PM,75,2,2,auri/pens,Female,BAPALB,,,photo #148
Nachusa2020_1315,7/16/2020,west_heinkel,2,CRD,12:54:00 PM,1:18:00 PM,75,2,2,auricomus,Female,BAPALB,,,photo #149
Nachusa2020_1316,7/16/2020,west_heinkel,2,CRD,12:54:00 PM,1:18:00 PM,75,2,2,auri/pens,Female,BAPALB,,,
Nachusa2020_1317,7/16/2020,west_heinkel,2,CRD,12:54:00 PM,1:18:00 PM,75,2,2,auri/pens,Female,BAPALB,,,
Nachusa2020_1318,7/16/2020,west_heinkel,2,CRD,12:54:00 PM,1:18:00 PM,75,2,2,auri/pens,Female,BAPALB,,,
Nachusa2020_1319,7/16/2020,west_heinkel,2,CRD,12:54:00 PM,1:18:00 PM,75,2,2,auricomus,Female,BAPALB,,,
Nachusa2020_1320,7/16/2020,west_heinkel,2,CRD,12:54:00 PM,1:18:00 PM,75,2,2,auri/pens,Female,BAPALB,,,
Nachusa2020_1321,7/16/2020,west_heinkel,2,CRD,12:54:00 PM,1:18:00 PM,75,2,2,griseocollis,Female,DALPUR,,,
Nachusa2020_1322,7/16/2020,west_heinkel,2,CRD,12:54:00 PM,1:18:00 PM,75,2,2,bimaculatus,Female,MONFIS,,,
Nachusa2020_1323,7/16/2020,west_heinkel,2,CRD,12:54:00 PM,1:18:00 PM,75,2,2,griseocollis,Male,MONFIS,,,
Nachusa2020_1324,7/16/2020,west_heinkel,2,CRD,12:54:00 PM,1:18:00 PM,75,2,2,impatiens,Female,MONFIS,,,
Nachusa2020_1325,7/16/2020,isabells_knob,2,CRD,1:56:00 PM,2:25:00 PM,78,2,2,auri/pens,Female,BAPALB,,,
Nachusa2020_1326,7/16/2020,isabells_knob,2,CRD,1:56:00 PM,2:25:00 PM,78,2,2,auricomus,Female,BAPALB,,,
Nachusa2020_1327,7/16/2020,isabells_knob,2,CRD,1:56:00 PM,2:25:00 PM,78,2,2,bimaculatus,Female,BAPALB,,,
Nachusa2020_1328,7/16/2020,isabells_knob,2,CRD,1:56:00 PM,2:25:00 PM,78,2,2,griseocollis,Female,BAPALB,,,
Nachusa2020_1329,7/16/2020,isabells_knob,2,CRD,1:56:00 PM,2:25:00 PM,78,2,2,impatiens,Female,DALPUR,,,
Nachusa2020_1330,7/16/2020,isabells_knob,2,CRD,1:56:00 PM,2:25:00 PM,78,2,2,impatiens,Female,DALPUR,,,
Nachusa2020_1331,7/16/2020,isabells_knob,2,CRD,1:56:00 PM,2:25:00 PM,78,2,2,griseocollis,Female,DALPUR,,,
Nachusa2020_1332,7/16/2020,isabells_knob,2,CRD,1:56:00 PM,2:25:00 PM,78,2,2,griseocollis,Female,DALPUR,,,
Nachusa2020_1333,7/16/2020,isabells_knob,2,CRD,1:56:00 PM,2:25:00 PM,78,2,2,auri/pens,Female,BAPALB,,,
Nachusa2020_1334,7/16/2020,isabells_knob,2,CRD,1:56:00 PM,2:25:00 PM,78,2,2,fervidus,Female,BAPALB,,,
Nachusa2020_1335,7/16/2020,isabells_knob,2,CRD,1:56:00 PM,2:25:00 PM,78,2,2,griseocollis,Female,BAPALB,,,
Nachusa2020_1336,7/16/2020,isabells_knob,2,CRD,1:56:00 PM,2:25:00 PM,78,2,2,auri/pens,Female,BAPALB,,,
Nachusa2020_1337,7/16/2020,isabells_knob,2,CRD,1:56:00 PM,2:25:00 PM,78,2,2,impatiens,Female,DALPUR,,,
Nachusa2020_1338,7/16/2020,isabells_knob,2,CRD,1:56:00 PM,2:25:00 PM,78,2,2,impatiens,Female,DALPUR,,,
Nachusa2020_1339,7/16/2020,isabells_knob,2,CRD,1:56:00 PM,2:25:00 PM,78,2,2,griseocollis,Female,DALPUR,,,
Nachusa2020_1340,7/16/2020,isabells_knob,2,CRD,1:56:00 PM,2:25:00 PM,78,2,2,auri/pens,Female,BAPALB,,,
Nachusa2020_1341,7/16/2020,isabells_knob,2,CRD,1:56:00 PM,2:25:00 PM,78,2,2,griseocollis,Female,BAPALB,,,
Nachusa2020_1342,7/16/2020,isabells_knob,2,CRD,1:56:00 PM,2:25:00 PM,78,2,2,griseocollis,Female,MONFIS,,,
Nachusa2020_1343,7/16/2020,isabells_knob,2,CRD,1:56:00 PM,2:25:00 PM,78,2,2,vagans,Female,MONFIS,,,
Nachusa2020_1344,7/16/2020,isabells_knob,2,CRD,1:56:00 PM,2:25:00 PM,78,2,2,impatiens,Female,MONFIS,,,
Nachusa2020_1345,7/16/2020,isabells_knob,2,CRD,1:56:00 PM,2:25:00 PM,78,2,2,griseocollis,Female,MONFIS,,,
Nachusa2020_1346,7/16/2020,isabells_knob,2,CRD,1:56:00 PM,2:25:00 PM,78,2,2,griseocollis,Female,MONFIS,,,
Nachusa2020_1347,7/16/2020,isabells_knob,2,CRD,1:56:00 PM,2:25:00 PM,78,2,2,impatiens,Female,MONFIS,,,
Nachusa2020_1348,7/16/2020,isabells_knob,2,CRD,1:56:00 PM,2:25:00 PM,78,2,2,auri/pens,Female,BAPALB,,,
Nachusa2020_1349,7/16/2020,isabells_knob,2,CRD,1:56:00 PM,2:25:00 PM,78,2,2,impatiens,Female,DALPUR,,,
Nachusa2020_1350,7/16/2020,isabells_knob,2,CRD,1:56:00 PM,2:25:00 PM,78,2,2,auricomus,Female,BAPALB,,,
Nachusa2020_1351,7/16/2020,isabells_knob,2,CRD,1:56:00 PM,2:25:00 PM,78,2,2,auri/pens,Female,BAPALB,,,
Nachusa2020_1352,7/16/2020,isabells_knob,2,CRD,1:56:00 PM,2:25:00 PM,78,2,2,auri/pens,Female,BAPALB,,,
Nachusa2020_1353,7/16/2020,isabells_knob,2,CRD,1:56:00 PM,2:25:00 PM,78,2,2,auri/pens,Female,BAPALB,,,
Nachusa2020_1354,7/16/2020,isabells_knob,2,CRD,1:56:00 PM,2:25:00 PM,78,2,2,fervidus,Female,BAPALB,,,
Nachusa2020_1355,7/16/2020,isabells_knob,2,CRD,1:56:00 PM,2:25:00 PM,78,2,2,griseocollis,Female,BAPALB,,,
Nachusa2020_1356,7/16/2020,isabells_knob,2,CRD,1:56:00 PM,2:25:00 PM,78,2,2,griseocollis,Female,BAPALB,,,
Nachusa2020_1357,7/16/2020,isabells_knob,2,CRD,1:56:00 PM,2:25:00 PM,78,2,2,auri/pens,Female,BAPALB,,,
Nachusa2020_1358,7/16/2020,isabells_knob,2,CRD,1:56:00 PM,2:25:00 PM,78,2,2,griseocollis,Female,BAPALB,,,
Nachusa2020_1359,7/16/2020,isabells_knob,2,CRD,1:56:00 PM,2:25:00 PM,78,2,2,griseocollis,Female,BAPALB,,,
Nachusa2020_1360,7/16/2020,isabells_knob,2,CRD,1:56:00 PM,2:25:00 PM,78,2,2,griseocollis,Female,MONFIS,,,
Nachusa2020_1361,7/16/2020,isabells_knob,2,CRD,1:56:00 PM,2:25:00 PM,78,2,2,griseocollis,Female,BAPALB,,,
Nachusa2020_1362,7/16/2020,isabells_knob,2,CRD,1:56:00 PM,2:25:00 PM,78,2,2,auricomus,Female,BAPALB,,,
Nachusa2020_1363,7/16/2020,isabells_knob,2,CRD,1:56:00 PM,2:25:00 PM,78,2,2,griseocollis,Female,BAPALB,,,
Nachusa2020_1364,7/16/2020,isabells_knob,2,CRD,1:56:00 PM,2:25:00 PM,78,2,2,auri/pens,Female,BAPALB,,,
Nachusa2020_1365,7/16/2020,isabells_knob,2,CRD,1:56:00 PM,2:25:00 PM,78,2,2,griseocollis,Female,BAPALB,,,
Nachusa2020_1366,7/16/2020,isabells_knob,2,CRD,1:56:00 PM,2:25:00 PM,78,2,2,griseocollis,Female,BAPALB,,,
Nachusa2020_1367,7/16/2020,isabells_knob,2,CRD,1:56:00 PM,2:25:00 PM,78,2,2,griseocollis,Female,BAPALB,,,
Nachusa2020_1368,7/16/2020,isabells_knob,2,CRD,1:56:00 PM,2:25:00 PM,78,2,2,fervidus,Female,BAPALB,,,
Nachusa2020_1369,7/16/2020,isabells_knob,2,CRD,1:56:00 PM,2:25:00 PM,78,2,2,pensylvanicus,Female,BAPALB,,,specimen taken
Nachusa2020_1370,7/16/2020,isabells_knob,2,CRD,1:56:00 PM,2:25:00 PM,78,2,2,griseocollis,Female,BAPALB,,,
Nachusa2020_1371,7/16/2020,isabells_knob,2,CRD,1:56:00 PM,2:25:00 PM,78,2,2,auri/pens,Female,BAPALB,,,
Nachusa2020_1372,7/16/2020,isabells_knob,2,CRD,1:56:00 PM,2:25:00 PM,78,2,2,griseocollis,Female,BAPALB,,,
Nachusa2020_1373,7/16/2020,isabells_knob,2,CRD,1:56:00 PM,2:25:00 PM,78,2,2,griseocollis,Female,BAPALB,,,
Nachusa2020_1374,7/16/2020,isabells_knob,2,CRD,1:56:00 PM,2:25:00 PM,78,2,2,griseocollis,Female,BAPALB,,,
Nachusa2020_1375,7/17/2020,stone_barn_prairie,7,CRD,9:59:00 AM,10:26:00 AM,77,1,2,auricomus,Female,ASTCAN,,,
Nachusa2020_1376,7/17/2020,stone_barn_prairie,7,CRD,9:59:00 AM,10:26:00 AM,77,1,2,griseocollis,Female,ASTCAN,,,
Nachusa2020_1377,7/17/2020,stone_barn_prairie,7,CRD,9:59:00 AM,10:26:00 AM,77,1,2,auri/pens,Female,ASTCAN,,,
Nachusa2020_1378,7/17/2020,stone_barn_prairie,7,CRD,9:59:00 AM,10:26:00 AM,77,1,2,auri/pens,Female,ASTCAN,,,
Nachusa2020_1379,7/17/2020,stone_barn_prairie,7,CRD,9:59:00 AM,10:26:00 AM,77,1,2,auri/pens,Female,ASTCAN,,,
Nachusa2020_1380,7/17/2020,stone_barn_prairie,7,CRD,9:59:00 AM,10:26:00 AM,77,1,2,impatiens,Female,ASTCAN,,,
Nachusa2020_1381,7/17/2020,stone_barn_prairie,7,CRD,9:59:00 AM,10:26:00 AM,77,1,2,auricomus,Female,ASTCAN,,,
Nachusa2020_1382,7/17/2020,stone_barn_prairie,7,CRD,9:59:00 AM,10:26:00 AM,77,1,2,griseocollis,Female,ASTCAN,,,
Nachusa2020_1383,7/17/2020,stone_barn_prairie,7,CRD,9:59:00 AM,10:26:00 AM,77,1,2,griseocollis,Female,ASTCAN,,,
Nachusa2020_1384,7/17/2020,stone_barn_prairie,7,CRD,9:59:00 AM,10:26:00 AM,77,1,2,griseocollis,Female,ASTCAN,,,
Nachusa2020_1385,7/17/2020,stone_barn_prairie,7,CRD,9:59:00 AM,10:26:00 AM,77,1,2,auri/pens,Female,ASTCAN,,,
Nachusa2020_1386,7/17/2020,stone_barn_prairie,7,CRD,9:59:00 AM,10:26:00 AM,77,1,2,auricomus,Female,ASTCAN,,,specimen
Nachusa2020_1387,7/17/2020,stone_barn_prairie,7,CRD,9:59:00 AM,10:26:00 AM,77,1,2,pensylvanicus,Female,DESILL,,,photo #150
Nachusa2020_1388,7/17/2020,stone_barn_prairie,7,CRD,9:59:00 AM,10:26:00 AM,77,1,2,griseocollis,Female,DALPUR,,,
Nachusa2020_1389,7/17/2020,stone_barn_prairie,7,CRD,9:59:00 AM,10:26:00 AM,77,1,2,auri/pens,Female,ASTCAN,,,
Nachusa2020_1390,7/17/2020,stone_barn_prairie,7,CRD,9:59:00 AM,10:26:00 AM,77,1,2,auricomus,Female,ASTCAN,,,
Nachusa2020_1391,7/17/2020,stone_barn_prairie,7,CRD,9:59:00 AM,10:26:00 AM,77,1,2,impatiens,Female,MONFIS,,,
Nachusa2020_1392,7/17/2020,stone_barn_prairie,7,CRD,9:59:00 AM,10:26:00 AM,77,1,2,pensylvanicus,Female,MONFIS,,,photo #151 ; smallest worker i've ever seen
Nachusa2020_1393,7/17/2020,stone_barn_prairie,7,CRD,9:59:00 AM,10:26:00 AM,77,1,2,auri/pens,Female,ASTCAN,,,
Nachusa2020_1394,7/17/2020,stone_barn_prairie,7,CRD,9:59:00 AM,10:26:00 AM,77,1,2,griseocollis,Female,ASTCAN,,,specimen taken
Nachusa2020_1395,7/17/2020,stone_barn_prairie,7,CRD,9:59:00 AM,10:26:00 AM,77,1,2,fervidus,Female,BAPALB,,,
Nachusa2020_1396,7/17/2020,stone_barn_prairie,7,CRD,9:59:00 AM,10:26:00 AM,77,1,2,auri/pens,Female,BAPALB,,,
Nachusa2020_1397,7/17/2020,stone_barn_prairie,7,CRD,9:59:00 AM,10:26:00 AM,77,1,2,griseocollis,Female,BAPALB,,,
Nachusa2020_1398,7/17/2020,stone_barn_prairie,7,CRD,9:59:00 AM,10:26:00 AM,77,1,2,impatiens,Female,DESILL,,,
Nachusa2020_1399,7/17/2020,stone_barn_prairie,7,CRD,9:59:00 AM,10:26:00 AM,77,1,2,auri/pens,Female,ASTCAN,,,
Nachusa2020_1400,7/17/2020,stone_barn_prairie,7,CRD,9:59:00 AM,10:26:00 AM,77,1,2,griseocollis,Female,BAPALB,,,
Nachusa2020_1401,7/17/2020,stone_barn_prairie,7,CRD,9:59:00 AM,10:26:00 AM,77,1,2,griseocollis,Female,DALPUR,,,
Nachusa2020_1402,7/17/2020,stone_barn_prairie,7,CRD,9:59:00 AM,10:26:00 AM,77,1,2,rufocinctus,Female,DALPUR,,,
Nachusa2020_1403,7/17/2020,clear_creek_south,4,CRD,11:20:00 AM,11:44:00 AM,79,2,2,griseocollis,Female,MONFIS,,,
Nachusa2020_1404,7/17/2020,clear_creek_south,4,CRD,11:20:00 AM,11:44:00 AM,79,2,2,griseocollis,Female,MONFIS,,,
Nachusa2020_1405,7/17/2020,clear_creek_south,4,CRD,11:20:00 AM,11:44:00 AM,79,2,2,griseocollis,Female,MONFIS,,,
Nachusa2020_1406,7/17/2020,clear_creek_south,4,CRD,11:20:00 AM,11:44:00 AM,79,2,2,impatiens,Female,MONFIS,,,
Nachusa2020_1407,7/17/2020,clear_creek_south,4,CRD,11:20:00 AM,11:44:00 AM,79,2,2,griseocollis,Female,MONFIS,,,
Nachusa2020_1408,7/17/2020,clear_creek_south,4,CRD,11:20:00 AM,11:44:00 AM,79,2,2,impatiens,Female,MONFIS,,,
Nachusa2020_1409,7/17/2020,clear_creek_south,4,CRD,11:20:00 AM,11:44:00 AM,79,2,2,auricomus,Female,MONFIS,,,
Nachusa2020_1410,7/17/2020,clear_creek_south,4,CRD,11:20:00 AM,11:44:00 AM,79,2,2,griseocollis,Female,MONFIS,,,
Nachusa2020_1411,7/17/2020,clear_creek_south,4,CRD,11:20:00 AM,11:44:00 AM,79,2,2,griseocollis,Female,MONFIS,,,
Nachusa2020_1412,7/17/2020,clear_creek_south,4,CRD,11:20:00 AM,11:44:00 AM,79,2,2,impatiens,Female,MONFIS,,,
Nachusa2020_1413,7/17/2020,clear_creek_south,4,CRD,11:20:00 AM,11:44:00 AM,79,2,2,impatiens,Female,MONFIS,,,
Nachusa2020_1414,7/17/2020,clear_creek_south,4,CRD,11:20:00 AM,11:44:00 AM,79,2,2,impatiens,Female,MONFIS,,,
Nachusa2020_1415,7/17/2020,clear_creek_south,4,CRD,11:20:00 AM,11:44:00 AM,79,2,2,griseocollis,Female,MONFIS,,,
Nachusa2020_1416,7/17/2020,clear_creek_south,4,CRD,11:20:00 AM,11:44:00 AM,79,2,2,griseocollis,Female,MONFIS,,,
Nachusa2020_1417,7/17/2020,clear_creek_south,4,CRD,11:20:00 AM,11:44:00 AM,79,2,2,griseocollis,Female,MONFIS,,,
Nachusa2020_1418,7/17/2020,clear_creek_south,4,CRD,11:20:00 AM,11:44:00 AM,79,2,2,griseocollis,Female,MONFIS,,,
Nachusa2020_1419,7/17/2020,clear_creek_south,4,CRD,11:20:00 AM,11:44:00 AM,79,2,2,griseocollis,Female,MONFIS,,,
Nachusa2020_1420,7/17/2020,clear_creek_south,4,CRD,11:20:00 AM,11:44:00 AM,79,2,2,griseocollis,Female,MONFIS,,,
Nachusa2020_1421,7/17/2020,clear_creek_south,4,CRD,11:20:00 AM,11:44:00 AM,79,2,2,griseocollis,Female,MONFIS,,,
Nachusa2020_1422,7/17/2020,clear_creek_south,4,CRD,11:20:00 AM,11:44:00 AM,79,2,2,impatiens,Female,MONFIS,,,
Nachusa2020_1423,7/17/2020,clear_creek_south,4,CRD,11:20:00 AM,11:44:00 AM,79,2,2,impatiens,Female,MONFIS,,,
Nachusa2020_1424,7/17/2020,clear_creek_south,4,CRD,11:20:00 AM,11:44:00 AM,79,2,2,impatiens,Female,MONFIS,,,
Nachusa2020_1425,7/17/2020,clear_creek_south,4,CRD,11:20:00 AM,11:44:00 AM,79,2,2,griseocollis,Female,MONFIS,,,
Nachusa2020_1426,7/17/2020,clear_creek_south,4,CRD,11:20:00 AM,11:44:00 AM,79,2,2,auricomus,Female,MONFIS,,,photo #152
Nachusa2020_1427,7/17/2020,clear_creek_south,4,CRD,11:20:00 AM,11:44:00 AM,79,2,2,auri/pens,Female,MONFIS,,,
Nachusa2020_1428,7/17/2020,clear_creek_south,4,CRD,11:20:00 AM,11:44:00 AM,79,2,2,griseocollis,Female,MONFIS,,,
Nachusa2020_1429,7/17/2020,clear_creek_south,4,CRD,11:20:00 AM,11:44:00 AM,79,2,2,impatiens,Female,MONFIS,,,
Nachusa2020_1430,7/17/2020,clear_creek_south,4,CRD,11:20:00 AM,11:44:00 AM,79,2,2,griseocollis,Female,MONFIS,,,
Nachusa2020_1431,7/17/2020,clear_creek_south,4,CRD,11:20:00 AM,11:44:00 AM,79,2,2,griseocollis,Female,MONFIS,,,
Nachusa2020_1432,7/17/2020,clear_creek_south,4,CRD,11:20:00 AM,11:44:00 AM,79,2,2,griseocollis,Female,MONFIS,,,
Nachusa2020_1433,7/17/2020,clear_creek_south,4,CRD,11:20:00 AM,11:44:00 AM,79,2,2,griseocollis,Female,MONFIS,,,
Nachusa2020_1434,7/17/2020,clear_creek_south,4,CRD,11:20:00 AM,11:44:00 AM,79,2,2,griseocollis,Female,MONFIS,,,
Nachusa2020_1435,7/17/2020,clear_creek_south,4,CRD,11:20:00 AM,11:44:00 AM,79,2,2,griseocollis,Female,MONFIS,,,
Nachusa2020_1436,7/17/2020,clear_creek_south,4,CRD,11:20:00 AM,11:44:00 AM,79,2,2,griseocollis,Female,MONFIS,,,
Nachusa2020_1437,7/17/2020,clear_creek_south,4,CRD,11:20:00 AM,11:44:00 AM,79,2,2,impatiens,Female,MONFIS,,,
Nachusa2020_1438,7/17/2020,clear_creek_south,4,CRD,11:20:00 AM,11:44:00 AM,79,2,2,impatiens,Female,MONFIS,,,
Nachusa2020_1439,7/17/2020,clear_creek_south,4,CRD,11:20:00 AM,11:44:00 AM,79,2,2,griseocollis,Female,MONFIS,,,
Nachusa2020_1440,7/17/2020,clear_creek_south,4,CRD,11:20:00 AM,11:44:00 AM,79,2,2,griseocollis,Female,MONFIS,,,
Nachusa2020_1441,7/17/2020,clear_creek_south,4,CRD,11:20:00 AM,11:44:00 AM,79,2,2,griseocollis,Female,MONFIS,,,
Nachusa2020_1442,7/17/2020,clear_creek_south,4,CRD,11:20:00 AM,11:44:00 AM,79,2,2,griseocollis,Female,MONFIS,,,
Nachusa2020_1443,7/17/2020,clear_creek_south,4,CRD,11:20:00 AM,11:44:00 AM,79,2,2,griseocollis,Female,MONFIS,,,
Nachusa2020_1444,7/17/2020,isabells_knob,3,CRD,1:15:00 PM,1:40:00 PM,83,2,2,griseocollis,Female,BAPALB,,,
Nachusa2020_1445,7/17/2020,isabells_knob,3,CRD,1:15:00 PM,1:40:00 PM,83,2,2,fervidus,Female,BAPALB,,,
Nachusa2020_1446,7/17/2020,isabells_knob,3,CRD,1:15:00 PM,1:40:00 PM,83,2,2,auri/pens,Female,BAPALB,,,
Nachusa2020_1447,7/17/2020,isabells_knob,3,CRD,1:15:00 PM,1:40:00 PM,83,2,2,impatiens,Female,DALPUR,,,
Nachusa2020_1448,7/17/2020,isabells_knob,3,CRD,1:15:00 PM,1:40:00 PM,83,2,2,impatiens,Female,DALPUR,,,
Nachusa2020_1449,7/17/2020,isabells_knob,3,CRD,1:15:00 PM,1:40:00 PM,83,2,2,rufocinctus,Female,DALPUR,,,
Nachusa2020_1450,7/17/2020,isabells_knob,3,CRD,1:15:00 PM,1:40:00 PM,83,2,2,vagans,Female,DALPUR,,,
Nachusa2020_1451,7/17/2020,isabells_knob,3,CRD,1:15:00 PM,1:40:00 PM,83,2,2,griseocollis,Female,DALPUR,,,
Nachusa2020_1452,7/17/2020,isabells_knob,3,CRD,1:15:00 PM,1:40:00 PM,83,2,2,griseocollis,Female,BAPALB,,,
Nachusa2020_1453,7/17/2020,isabells_knob,3,CRD,1:15:00 PM,1:40:00 PM,83,2,2,auri/pens,Female,BAPALB,,,
Nachusa2020_1454,7/17/2020,isabells_knob,3,CRD,1:15:00 PM,1:40:00 PM,83,2,2,griseocollis,Female,DALPUR,,,
Nachusa2020_1455,7/17/2020,isabells_knob,3,CRD,1:15:00 PM,1:40:00 PM,83,2,2,auricomus,Female,BAPALB,,,
Nachusa2020_1456,7/17/2020,isabells_knob,3,CRD,1:15:00 PM,1:40:00 PM,83,2,2,auri/pens,Female,BAPALB,,,
Nachusa2020_1457,7/17/2020,isabells_knob,3,CRD,1:15:00 PM,1:40:00 PM,83,2,2,auri/pens,Female,BAPALB,,,
Nachusa2020_1458,7/17/2020,isabells_knob,3,CRD,1:15:00 PM,1:40:00 PM,83,2,2,griseocollis,Female,BAPALB,,,
Nachusa2020_1459,7/17/2020,isabells_knob,3,CRD,1:15:00 PM,1:40:00 PM,83,2,2,rufocinctus,Female,DALPUR,,,
Nachusa2020_1460,7/17/2020,isabells_knob,3,CRD,1:15:00 PM,1:40:00 PM,83,2,2,griseocollis,Female,BAPALB,,,
Nachusa2020_1461,7/17/2020,isabells_knob,3,CRD,1:15:00 PM,1:40:00 PM,83,2,2,vagans,Female,TRIPRA,,,
Nachusa2020_1462,7/17/2020,isabells_knob,3,CRD,1:15:00 PM,1:40:00 PM,83,2,2,griseocollis,Female,BAPALB,,,
Nachusa2020_1463,7/17/2020,isabells_knob,3,CRD,1:15:00 PM,1:40:00 PM,83,2,2,auri/pens,Female,BAPALB,,,
Nachusa2020_1464,7/17/2020,isabells_knob,3,CRD,1:15:00 PM,1:40:00 PM,83,2,2,griseocollis,Female,BAPALB,,,
Nachusa2020_1465,7/17/2020,isabells_knob,3,CRD,1:15:00 PM,1:40:00 PM,83,2,2,auricomus,Female,MONFIS,,,
Nachusa2020_1466,7/17/2020,isabells_knob,3,CRD,1:15:00 PM,1:40:00 PM,83,2,2,griseocollis,Female,MONFIS,,,
Nachusa2020_1467,7/17/2020,isabells_knob,3,CRD,1:15:00 PM,1:40:00 PM,83,2,2,vagans,Female,MONFIS,,,
Nachusa2020_1468,7/17/2020,isabells_knob,3,CRD,1:15:00 PM,1:40:00 PM,83,2,2,griseocollis,Female,BAPALB,,,
Nachusa2020_1469,7/17/2020,isabells_knob,3,CRD,1:15:00 PM,1:40:00 PM,83,2,2,griseocollis,Female,DALPUR,,,
Nachusa2020_1470,7/17/2020,isabells_knob,3,CRD,1:15:00 PM,1:40:00 PM,83,2,2,rufocinctus,Female,DALPUR,,,
Nachusa2020_1471,7/17/2020,isabells_knob,3,CRD,1:15:00 PM,1:40:00 PM,83,2,2,griseocollis,Female,BAPALB,,,
Nachusa2020_1472,7/17/2020,isabells_knob,3,CRD,1:15:00 PM,1:40:00 PM,83,2,2,griseocollis,Female,DALPUR,,,
Nachusa2020_1473,7/17/2020,isabells_knob,3,CRD,1:15:00 PM,1:40:00 PM,83,2,2,vagans,Female,DALPUR,,,
Nachusa2020_1474,7/17/2020,isabells_knob,3,CRD,1:15:00 PM,1:40:00 PM,83,2,2,vagans,Female,DALPUR,,,
Nachusa2020_1475,7/17/2020,isabells_knob,3,CRD,1:15:00 PM,1:40:00 PM,83,2,2,griseocollis,Female,BAPALB,,,
Nachusa2020_1476,7/17/2020,isabells_knob,3,CRD,1:15:00 PM,1:40:00 PM,83,2,2,fervidus,Female,BAPALB,,,
Nachusa2020_1477,7/17/2020,isabells_knob,3,CRD,1:15:00 PM,1:40:00 PM,83,2,2,auricomus,Female,BAPALB,,,
Nachusa2020_1478,7/17/2020,isabells_knob,3,CRD,1:15:00 PM,1:40:00 PM,83,2,2,griseocollis,Female,BAPALB,,,
Nachusa2020_1479,7/17/2020,isabells_knob,3,CRD,1:15:00 PM,1:40:00 PM,83,2,2,auri/pens,Female,BAPALB,,,
Nachusa2020_1480,7/17/2020,isabells_knob,3,CRD,1:15:00 PM,1:40:00 PM,83,2,2,griseocollis,Female,BAPALB,,,
Nachusa2020_1481,7/17/2020,isabells_knob,3,CRD,1:15:00 PM,1:40:00 PM,83,2,2,auricomus,Female,BAPALB,,,
Nachusa2020_1482,7/17/2020,isabells_knob,3,CRD,1:15:00 PM,1:40:00 PM,83,2,2,griseocollis,Female,BAPALB,,,
Nachusa2020_1483,7/17/2020,isabells_knob,3,CRD,1:15:00 PM,1:40:00 PM,83,2,2,auri/pens,Female,BAPALB,,,
Nachusa2020_1484,7/17/2020,isabells_knob,3,CRD,1:15:00 PM,1:40:00 PM,83,2,2,griseocollis,Female,BAPALB,,,
Nachusa2020_1485,7/17/2020,isabells_knob,3,CRD,1:15:00 PM,1:40:00 PM,83,2,2,auricomus,Female,BAPALB,,,
Nachusa2020_1486,7/17/2020,isabells_knob,3,CRD,1:15:00 PM,1:40:00 PM,83,2,2,auri/pens,Female,BAPALB,,,
Nachusa2020_1487,7/17/2020,isabells_knob,3,CRD,1:15:00 PM,1:40:00 PM,83,2,2,fervidus,Female,BAPALB,,,
Nachusa2020_1488,7/17/2020,isabells_knob,3,CRD,1:15:00 PM,1:40:00 PM,83,2,2,fervidus,Female,BAPALB,,,
Nachusa2020_1489,7/17/2020,isabells_knob,3,CRD,1:15:00 PM,1:40:00 PM,83,2,2,griseocollis,Female,BAPALB,,,
Nachusa2020_1490,7/17/2020,isabells_knob,3,CRD,1:15:00 PM,1:40:00 PM,83,2,2,griseocollis,Female,BAPALB,,,
Nachusa2020_1491,7/17/2020,isabells_knob,3,CRD,1:15:00 PM,1:40:00 PM,83,2,2,griseocollis,Female,BAPALB,,,
Nachusa2020_1492,7/20/2020,clear_creek_south,5,CRD,8:44:00 AM,9:07:00 AM,71,1,1,griseocollis,Female,MONFIS,,,
Nachusa2020_1493,7/20/2020,clear_creek_south,5,CRD,8:44:00 AM,9:07:00 AM,71,1,1,griseocollis,Female,MONFIS,,,
Nachusa2020_1494,7/20/2020,clear_creek_south,5,CRD,8:44:00 AM,9:07:00 AM,71,1,1,impatiens,Female,MONFIS,,,
Nachusa2020_1495,7/20/2020,clear_creek_south,5,CRD,8:44:00 AM,9:07:00 AM,71,1,1,griseocollis,Female,MONFIS,,,
Nachusa2020_1496,7/20/2020,clear_creek_south,5,CRD,8:44:00 AM,9:07:00 AM,71,1,1,impatiens,Female,MONFIS,,,
Nachusa2020_1497,7/20/2020,clear_creek_south,5,CRD,8:44:00 AM,9:07:00 AM,71,1,1,impatiens,Female,MONFIS,,,
Nachusa2020_1498,7/20/2020,clear_creek_south,5,CRD,8:44:00 AM,9:07:00 AM,71,1,1,griseocollis,Female,MONFIS,,,
Nachusa2020_1499,7/20/2020,clear_creek_south,5,CRD,8:44:00 AM,9:07:00 AM,71,1,1,griseocollis,Female,MONFIS,,,
Nachusa2020_1500,7/20/2020,clear_creek_south,5,CRD,8:44:00 AM,9:07:00 AM,71,1,1,impatiens,Female,MONFIS,,,
Nachusa2020_1501,7/20/2020,clear_creek_south,5,CRD,8:44:00 AM,9:07:00 AM,71,1,1,griseocollis,Female,MONFIS,,,
Nachusa2020_1502,7/20/2020,clear_creek_south,5,CRD,8:44:00 AM,9:07:00 AM,71,1,1,griseocollis,Female,MONFIS,,,
Nachusa2020_1503,7/20/2020,clear_creek_south,5,CRD,8:44:00 AM,9:07:00 AM,71,1,1,griseocollis,Female,MONFIS,,,
Nachusa2020_1504,7/20/2020,clear_creek_south,5,CRD,8:44:00 AM,9:07:00 AM,71,1,1,auricomus,Female,MONFIS,,,
Nachusa2020_1505,7/20/2020,clear_creek_south,5,CRD,8:44:00 AM,9:07:00 AM,71,1,1,griseocollis,Female,MONFIS,,,
Nachusa2020_1506,7/20/2020,clear_creek_south,5,CRD,8:44:00 AM,9:07:00 AM,71,1,1,impatiens,Female,MONFIS,,,
Nachusa2020_1507,7/20/2020,clear_creek_south,5,CRD,8:44:00 AM,9:07:00 AM,71,1,1,impatiens,Female,MONFIS,,,
Nachusa2020_1508,7/20/2020,clear_creek_south,5,CRD,8:44:00 AM,9:07:00 AM,71,1,1,griseocollis,Female,MONFIS,,,
Nachusa2020_1509,7/20/2020,clear_creek_south,5,CRD,8:44:00 AM,9:07:00 AM,71,1,1,griseocollis,Female,MONFIS,,,
Nachusa2020_1510,7/20/2020,clear_creek_south,5,CRD,8:44:00 AM,9:07:00 AM,71,1,1,impatiens,Female,MONFIS,,,
Nachusa2020_1511,7/20/2020,clear_creek_south,5,CRD,8:44:00 AM,9:07:00 AM,71,1,1,impatiens,Female,MONFIS,,,
Nachusa2020_1512,7/20/2020,clear_creek_south,5,CRD,8:44:00 AM,9:07:00 AM,71,1,1,auricomus,Female,MONFIS,,,
Nachusa2020_1513,7/20/2020,clear_creek_south,5,CRD,8:44:00 AM,9:07:00 AM,71,1,1,rufocinctus,Female,HELHEL,,,
Nachusa2020_1514,7/20/2020,clear_creek_south,5,CRD,8:44:00 AM,9:07:00 AM,71,1,1,auricomus,Female,MONFIS,,,
Nachusa2020_1515,7/20/2020,clear_creek_south,5,CRD,8:44:00 AM,9:07:00 AM,71,1,1,impatiens,Female,MONFIS,,,
Nachusa2020_1516,7/20/2020,clear_creek_south,5,CRD,8:44:00 AM,9:07:00 AM,71,1,1,impatiens,Female,MONFIS,,,
Nachusa2020_1517,7/20/2020,clear_creek_south,5,CRD,8:44:00 AM,9:07:00 AM,71,1,1,impatiens,Female,MONFIS,,,
Nachusa2020_1518,7/20/2020,clear_creek_south,5,CRD,8:44:00 AM,9:07:00 AM,71,1,1,griseocollis,Female,MONFIS,,,
Nachusa2020_1519,7/20/2020,clear_creek_south,5,CRD,8:44:00 AM,9:07:00 AM,71,1,1,impatiens,Female,MONFIS,,,
Nachusa2020_1520,7/20/2020,clear_creek_south,5,CRD,8:44:00 AM,9:07:00 AM,71,1,1,impatiens,Female,MONFIS,,,
Nachusa2020_1521,7/20/2020,clear_creek_south,5,CRD,8:44:00 AM,9:07:00 AM,71,1,1,impatiens,Female,MONFIS,,,
Nachusa2020_1522,7/20/2020,clear_creek_south,5,CRD,8:44:00 AM,9:07:00 AM,71,1,1,impatiens,Female,MONFIS,,,
Nachusa2020_1523,7/20/2020,clear_creek_south,5,CRD,8:44:00 AM,9:07:00 AM,71,1,1,impatiens,Female,MONFIS,,,
Nachusa2020_1524,7/20/2020,clear_creek_south,5,CRD,8:44:00 AM,9:07:00 AM,71,1,1,impatiens,Female,MONFIS,,,
Nachusa2020_1525,7/20/2020,clear_creek_south,5,CRD,8:44:00 AM,9:07:00 AM,71,1,1,griseocollis,Female,MONFIS,,,
Nachusa2020_1526,7/20/2020,clear_creek_south,5,CRD,8:44:00 AM,9:07:00 AM,71,1,1,impatiens,Female,MONFIS,,,
Nachusa2020_1527,7/20/2020,clear_creek_south,5,CRD,8:44:00 AM,9:07:00 AM,71,1,1,auri/pens,Female,MONFIS,,,
Nachusa2020_1528,7/20/2020,clear_creek_south,5,CRD,8:44:00 AM,9:07:00 AM,71,1,1,impatiens,Female,MONFIS,,,
Nachusa2020_1529,7/20/2020,clear_creek_south,5,CRD,8:44:00 AM,9:07:00 AM,71,1,1,impatiens,Female,MONFIS,,,
Nachusa2020_1530,7/20/2020,clear_creek_south,5,CRD,8:44:00 AM,9:07:00 AM,71,1,1,impatiens,Female,MONFIS,,,
Nachusa2020_1531,7/20/2020,clear_creek_south,5,CRD,8:44:00 AM,9:07:00 AM,71,1,1,impatiens,Female,MONFIS,,,
Nachusa2020_1532,7/20/2020,clear_creek_south,5,CRD,8:44:00 AM,9:07:00 AM,71,1,1,impatiens,Female,MONFIS,,,
Nachusa2020_1533,7/20/2020,clear_creek_south,5,CRD,8:44:00 AM,9:07:00 AM,71,1,1,impatiens,Female,MONFIS,,,
Nachusa2020_1534,7/20/2020,clear_creek_south,5,CRD,8:44:00 AM,9:07:00 AM,71,1,1,impatiens,Female,MONFIS,,,
Nachusa2020_1535,7/20/2020,holland_prairie_east,4,CRD,9:51:00 AM,10:16:00 AM,77,1,2,griseocollis,Female,DESCAN,,,
Nachusa2020_1536,7/20/2020,holland_prairie_east,4,CRD,9:51:00 AM,10:16:00 AM,77,1,2,griseocollis,Female,DESCAN,,,
Nachusa2020_1537,7/20/2020,holland_prairie_east,4,CRD,9:51:00 AM,10:16:00 AM,77,1,2,auri/pens,Female,BAPALB,,,
Nachusa2020_1538,7/20/2020,holland_prairie_east,4,CRD,9:51:00 AM,10:16:00 AM,77,1,2,griseocollis,Female,DESCAN,,,
Nachusa2020_1539,7/20/2020,holland_prairie_east,4,CRD,9:51:00 AM,10:16:00 AM,77,1,2,griseocollis,Female,DESCAN,,,
Nachusa2020_1540,7/20/2020,holland_prairie_east,4,CRD,9:51:00 AM,10:16:00 AM,77,1,2,griseocollis,Female,DESCAN,,,
Nachusa2020_1541,7/20/2020,holland_prairie_east,4,CRD,9:51:00 AM,10:16:00 AM,77,1,2,griseocollis,Female,DESCAN,,,
Nachusa2020_1542,7/20/2020,holland_prairie_east,4,CRD,9:51:00 AM,10:16:00 AM,77,1,2,griseocollis,Female,DESCAN,,,
Nachusa2020_1543,7/20/2020,holland_prairie_east,4,CRD,9:51:00 AM,10:16:00 AM,77,1,2,griseocollis,Female,DESCAN,,,
Nachusa2020_1544,7/20/2020,holland_prairie_east,4,CRD,9:51:00 AM,10:16:00 AM,77,1,2,griseocollis,Female,DESCAN,,,
Nachusa2020_1545,7/20/2020,holland_prairie_east,4,CRD,9:51:00 AM,10:16:00 AM,77,1,2,griseocollis,Female,DESCAN,,,
Nachusa2020_1546,7/20/2020,holland_prairie_east,4,CRD,9:51:00 AM,10:16:00 AM,77,1,2,auricomus,Female,DESCAN,,,
Nachusa2020_1547,7/20/2020,holland_prairie_east,4,CRD,9:51:00 AM,10:16:00 AM,77,1,2,griseocollis,Female,DESCAN,,,
Nachusa2020_1548,7/20/2020,holland_prairie_east,4,CRD,9:51:00 AM,10:16:00 AM,77,1,2,griseocollis,Female,DESCAN,,,
Nachusa2020_1549,7/20/2020,holland_prairie_east,4,CRD,9:51:00 AM,10:16:00 AM,77,1,2,griseocollis,Female,TRIPRA,,,
Nachusa2020_1550,7/20/2020,holland_prairie_east,4,CRD,9:51:00 AM,10:16:00 AM,77,1,2,rufocinctus,Female,SILLAN,,,
Nachusa2020_1551,7/20/2020,holland_prairie_east,4,CRD,9:51:00 AM,10:16:00 AM,77,1,2,griseocollis,Female,DESCAN,,,
Nachusa2020_1552,7/20/2020,holland_prairie_east,4,CRD,9:51:00 AM,10:16:00 AM,77,1,2,griseocollis,Female,DESCAN,,,
Nachusa2020_1553,7/20/2020,holland_prairie_east,4,CRD,9:51:00 AM,10:16:00 AM,77,1,2,griseocollis,Female,DESCAN,,,
Nachusa2020_1554,7/20/2020,holland_prairie_east,4,CRD,9:51:00 AM,10:16:00 AM,77,1,2,griseocollis,Female,DESCAN,,,
Nachusa2020_1555,7/20/2020,holland_prairie_east,4,CRD,9:51:00 AM,10:16:00 AM,77,1,2,griseocollis,Female,DESCAN,,,
Nachusa2020_1556,7/20/2020,holland_prairie_east,4,CRD,9:51:00 AM,10:16:00 AM,77,1,2,griseocollis,Female,DESCAN,,,
Nachusa2020_1557,7/20/2020,holland_prairie_east,4,CRD,9:51:00 AM,10:16:00 AM,77,1,2,griseocollis,Female,DESCAN,,,
Nachusa2020_1558,7/20/2020,holland_prairie_east,4,CRD,9:51:00 AM,10:16:00 AM,77,1,2,griseocollis,Female,DESCAN,,,
Nachusa2020_1559,7/20/2020,holland_prairie_east,4,CRD,9:51:00 AM,10:16:00 AM,77,1,2,griseocollis,Female,DESCAN,,,
Nachusa2020_1560,7/20/2020,holland_prairie_east,4,CRD,9:51:00 AM,10:16:00 AM,77,1,2,griseocollis,Female,DESCAN,,,
Nachusa2020_1561,7/20/2020,holland_prairie_east,4,CRD,9:51:00 AM,10:16:00 AM,77,1,2,griseocollis,Female,DESCAN,,,
Nachusa2020_1562,7/20/2020,holland_prairie_east,4,CRD,9:51:00 AM,10:16:00 AM,77,1,2,griseocollis,Female,DESCAN,,,
Nachusa2020_1563,7/20/2020,holland_prairie_east,4,CRD,9:51:00 AM,10:16:00 AM,77,1,2,griseocollis,Female,DESCAN,,,
Nachusa2020_1564,7/20/2020,holland_prairie_east,4,CRD,9:51:00 AM,10:16:00 AM,77,1,2,griseocollis,Female,DESCAN,,,
Nachusa2020_1565,7/20/2020,holland_prairie_east,4,CRD,9:51:00 AM,10:16:00 AM,77,1,2,griseocollis,Female,DESCAN,,,
Nachusa2020_1566,7/20/2020,holland_prairie_east,4,CRD,9:51:00 AM,10:16:00 AM,77,1,2,griseocollis,Female,DESCAN,,,
Nachusa2020_1567,7/20/2020,holland_prairie_east,4,CRD,9:51:00 AM,10:16:00 AM,77,1,2,griseocollis,Female,DESCAN,,,
Nachusa2020_1568,7/20/2020,holland_prairie_east,4,CRD,9:51:00 AM,10:16:00 AM,77,1,2,griseocollis,Female,DESCAN,,,
Nachusa2020_1569,7/20/2020,holland_prairie_east,4,CRD,9:51:00 AM,10:16:00 AM,77,1,2,griseocollis,Female,DESCAN,,,
Nachusa2020_1570,7/20/2020,holland_prairie_east,4,CRD,9:51:00 AM,10:16:00 AM,77,1,2,griseocollis,Female,DESCAN,,,
Nachusa2020_1571,7/20/2020,holland_prairie_east,4,CRD,9:51:00 AM,10:16:00 AM,77,1,2,impatiens,Female,DESCAN,,,
Nachusa2020_1572,7/20/2020,holland_prairie_east,4,CRD,9:51:00 AM,10:16:00 AM,77,1,2,bimaculatus,Female,DESCAN,,,
Nachusa2020_1573,7/20/2020,holland_prairie_east,4,CRD,9:51:00 AM,10:16:00 AM,77,1,2,griseocollis,Female,DESCAN,,,
Nachusa2020_1574,7/20/2020,holland_prairie_east,4,CRD,9:51:00 AM,10:16:00 AM,77,1,2,griseocollis,Female,DESCAN,,,
Nachusa2020_1575,7/20/2020,holland_prairie_east,4,CRD,9:51:00 AM,10:16:00 AM,77,1,2,griseocollis,Female,DESCAN,,,
Nachusa2020_1576,7/20/2020,holland_prairie_east,4,CRD,9:51:00 AM,10:16:00 AM,77,1,2,griseocollis,Female,DESCAN,,,
Nachusa2020_1577,7/20/2020,holland_prairie_east,4,CRD,9:51:00 AM,10:16:00 AM,77,1,2,griseocollis,Female,DESCAN,,,
Nachusa2020_1578,7/20/2020,holland_prairie_east,4,CRD,9:51:00 AM,10:16:00 AM,77,1,2,griseocollis,Female,DESCAN,,,
Nachusa2020_1579,7/20/2020,holland_prairie_east,4,CRD,9:51:00 AM,10:16:00 AM,77,1,2,griseocollis,Female,DESCAN,,,
Nachusa2020_1580,7/20/2020,holland_prairie_east,4,CRD,9:51:00 AM,10:16:00 AM,77,1,2,griseocollis,Female,DESCAN,,,
Nachusa2020_1581,7/20/2020,holland_prairie_east,4,CRD,9:51:00 AM,10:16:00 AM,77,1,2,auricomus,Female,ASTCAN,,,
Nachusa2020_1582,7/20/2020,holland_prairie_east,4,CRD,9:51:00 AM,10:16:00 AM,77,1,2,griseocollis,Female,DESCAN,,,
Nachusa2020_1583,7/20/2020,holland_prairie_east,4,CRD,9:51:00 AM,10:16:00 AM,77,1,2,griseocollis,Female,DESCAN,,,
Nachusa2020_1584,7/20/2020,holland_prairie_east,4,CRD,9:51:00 AM,10:16:00 AM,77,1,2,griseocollis,Female,DESCAN,,,
Nachusa2020_1585,7/20/2020,holland_prairie_east,4,CRD,9:51:00 AM,10:16:00 AM,77,1,2,griseocollis,Female,DESCAN,,,
Nachusa2020_1586,7/20/2020,holland_prairie_east,4,CRD,9:51:00 AM,10:16:00 AM,77,1,2,griseocollis,Female,DESCAN,,,
Nachusa2020_1587,7/20/2020,holland_prairie_east,4,CRD,9:51:00 AM,10:16:00 AM,77,1,2,griseocollis,Female,DESCAN,,,
Nachusa2020_1588,7/20/2020,holland_prairie_east,4,CRD,9:51:00 AM,10:16:00 AM,77,1,2,griseocollis,Female,DESCAN,,,
Nachusa2020_1589,7/20/2020,holland_prairie_east,4,CRD,9:51:00 AM,10:16:00 AM,77,1,2,griseocollis,Female,DESCAN,,,
Nachusa2020_1590,7/20/2020,holland_prairie_east,4,CRD,9:51:00 AM,10:16:00 AM,77,1,2,griseocollis,Female,DESCAN,,,
Nachusa2020_1591,7/20/2020,holland_prairie_east,4,CRD,9:51:00 AM,10:16:00 AM,77,1,2,griseocollis,Female,DESCAN,,,
Nachusa2020_1592,7/20/2020,holland_prairie_east,4,CRD,9:51:00 AM,10:16:00 AM,77,1,2,griseocollis,Female,DESCAN,,,
Nachusa2020_1593,7/20/2020,holland_prairie_east,4,CRD,9:51:00 AM,10:16:00 AM,77,1,2,griseocollis,Female,DESCAN,,,
Nachusa2020_1594,7/20/2020,holland_prairie_east,4,CRD,9:51:00 AM,10:16:00 AM,77,1,2,griseocollis,Female,DESCAN,,,
Nachusa2020_1595,7/20/2020,holland_prairie_east,4,CRD,9:51:00 AM,10:16:00 AM,77,1,2,griseocollis,Female,DESCAN,,,
Nachusa2020_1596,7/20/2020,holland_prairie_east,4,CRD,9:51:00 AM,10:16:00 AM,77,1,2,impatiens,Female,DESCAN,,,
Nachusa2020_1597,7/20/2020,holland_prairie_east,4,CRD,9:51:00 AM,10:16:00 AM,77,1,2,impatiens,Female,DESCAN,,,
Nachusa2020_1598,7/20/2020,holland_prairie_east,4,CRD,9:51:00 AM,10:16:00 AM,77,1,2,fervidus,Female,ASTCAN,,,
Nachusa2020_1599,7/20/2020,holland_prairie_east,4,CRD,9:51:00 AM,10:16:00 AM,77,1,2,griseocollis,Female,ASTCAN,,,
Nachusa2020_1600,7/20/2020,holland_prairie_east,4,CRD,9:51:00 AM,10:16:00 AM,77,1,2,impatiens,Female,DESCAN,,,
Nachusa2020_1601,7/20/2020,holland_prairie_east,4,CRD,9:51:00 AM,10:16:00 AM,77,1,2,griseocollis,Female,DESCAN,,,
Nachusa2020_1602,7/20/2020,holland_prairie_east,4,CRD,9:51:00 AM,10:16:00 AM,77,1,2,griseocollis,Female,DESCAN,,,
Nachusa2020_1603,7/20/2020,holland_prairie_east,4,CRD,9:51:00 AM,10:16:00 AM,77,1,2,griseocollis,Female,DESCAN,,,
Nachusa2020_1604,7/20/2020,holland_prairie_east,4,CRD,9:51:00 AM,10:16:00 AM,77,1,2,griseocollis,Female,DESCAN,,,
Nachusa2020_1605,7/20/2020,holland_prairie_east,4,CRD,9:51:00 AM,10:16:00 AM,77,1,2,griseocollis,Female,DESCAN,,,
Nachusa2020_1606,7/20/2020,holland_prairie_east,4,CRD,9:51:00 AM,10:16:00 AM,77,1,2,griseocollis,Female,DESCAN,,,
Nachusa2020_1607,7/20/2020,holland_prairie_east,4,CRD,9:51:00 AM,10:16:00 AM,77,1,2,griseocollis,Female,DESCAN,,,
Nachusa2020_1608,7/20/2020,holland_prairie_east,4,CRD,9:51:00 AM,10:16:00 AM,77,1,2,griseocollis,Female,DESCAN,,,
Nachusa2020_1609,7/20/2020,holland_prairie_east,4,CRD,9:51:00 AM,10:16:00 AM,77,1,2,griseocollis,Female,DESCAN,,,
Nachusa2020_1610,7/20/2020,holland_prairie_east,4,CRD,9:51:00 AM,10:16:00 AM,77,1,2,griseocollis,Female,DESCAN,,,
Nachusa2020_1611,7/20/2020,holland_prairie_east,4,CRD,9:51:00 AM,10:16:00 AM,77,1,2,griseocollis,Female,DESCAN,,,
Nachusa2020_1612,7/20/2020,holland_prairie_east,4,CRD,9:51:00 AM,10:16:00 AM,77,1,2,griseocollis,Female,DESCAN,,,
Nachusa2020_1613,7/20/2020,holland_prairie_east,4,CRD,9:51:00 AM,10:16:00 AM,77,1,2,impatiens,Female,DESCAN,,,
Nachusa2020_1614,7/20/2020,holland_prairie_east,4,CRD,9:51:00 AM,10:16:00 AM,77,1,2,impatiens,Female,DESCAN,,,
Nachusa2020_1615,7/20/2020,holland_prairie_east,4,CRD,9:51:00 AM,10:16:00 AM,77,1,2,impatiens,Female,DESCAN,,,
Nachusa2020_1616,7/20/2020,holland_prairie_west,4,CRD,11:09:00 AM,11:33:00 AM,79,2,2,rufocinctus,Female,LIAPYC,,,
Nachusa2020_1617,7/20/2020,holland_prairie_west,4,CRD,11:09:00 AM,11:33:00 AM,79,2,2,rufocinctus,Female,LIAPYC,,,
Nachusa2020_1618,7/20/2020,holland_prairie_west,4,CRD,11:09:00 AM,11:33:00 AM,79,2,2,griseocollis,Female,LIAPYC,,,
Nachusa2020_1619,7/20/2020,holland_prairie_west,4,CRD,11:09:00 AM,11:33:00 AM,79,2,2,impatiens,Female,MONFIS,,,
Nachusa2020_1620,7/20/2020,holland_prairie_west,4,CRD,11:09:00 AM,11:33:00 AM,79,2,2,impatiens,Female,MONFIS,,,
Nachusa2020_1621,7/20/2020,holland_prairie_west,4,CRD,11:09:00 AM,11:33:00 AM,79,2,2,impatiens,Female,MONFIS,,,
Nachusa2020_1622,7/20/2020,holland_prairie_west,4,CRD,11:09:00 AM,11:33:00 AM,79,2,2,griseocollis,Female,MONFIS,,,
Nachusa2020_1623,7/20/2020,holland_prairie_west,4,CRD,11:09:00 AM,11:33:00 AM,79,2,2,griseocollis,Female,MONFIS,,,
Nachusa2020_1624,7/20/2020,holland_prairie_west,4,CRD,11:09:00 AM,11:33:00 AM,79,2,2,griseocollis,Female,MONFIS,,,
Nachusa2020_1625,7/20/2020,holland_prairie_west,4,CRD,11:09:00 AM,11:33:00 AM,79,2,2,griseocollis,Female,MONFIS,,,
Nachusa2020_1626,7/20/2020,holland_prairie_west,4,CRD,11:09:00 AM,11:33:00 AM,79,2,2,griseocollis,Female,MONFIS,,,
Nachusa2020_1627,7/20/2020,holland_prairie_west,4,CRD,11:09:00 AM,11:33:00 AM,79,2,2,griseocollis,Female,PYCTEN,,,
Nachusa2020_1628,7/20/2020,holland_prairie_west,4,CRD,11:09:00 AM,11:33:00 AM,79,2,2,impatiens,Female,MONFIS,,,
Nachusa2020_1629,7/20/2020,holland_prairie_west,4,CRD,11:09:00 AM,11:33:00 AM,79,2,2,rufocinctus,Female,RATPIN,,,
Nachusa2020_1630,7/20/2020,holland_prairie_west,4,CRD,11:09:00 AM,11:33:00 AM,79,2,2,impatiens,Female,MONFIS,,,
Nachusa2020_1631,7/20/2020,holland_prairie_west,4,CRD,11:09:00 AM,11:33:00 AM,79,2,2,impatiens,Female,MONFIS,,,
Nachusa2020_1632,7/20/2020,holland_prairie_west,4,CRD,11:09:00 AM,11:33:00 AM,79,2,2,griseocollis,Female,MONFIS,,,
Nachusa2020_1633,7/20/2020,holland_prairie_west,4,CRD,11:09:00 AM,11:33:00 AM,79,2,2,impatiens,Female,MONFIS,,,
Nachusa2020_1634,7/20/2020,holland_prairie_west,4,CRD,11:09:00 AM,11:33:00 AM,79,2,2,auricomus,Female,MONFIS,,,
Nachusa2020_1635,7/20/2020,holland_prairie_west,4,CRD,11:09:00 AM,11:33:00 AM,79,2,2,auricomus,Female,MONFIS,,,
Nachusa2020_1636,7/20/2020,holland_prairie_west,4,CRD,11:09:00 AM,11:33:00 AM,79,2,2,fervidus,Female,ASTCAN,,,
Nachusa2020_1637,7/20/2020,hook_larson,3,CRD,12:56:00 PM,1:19:00 PM,80,2,2,griseocollis,Female,MONFIS,,,
Nachusa2020_1638,7/20/2020,hook_larson,3,CRD,12:56:00 PM,1:19:00 PM,80,2,2,impatiens,Female,MONFIS,,,
Nachusa2020_1639,7/20/2020,hook_larson,3,CRD,12:56:00 PM,1:19:00 PM,80,2,2,impatiens,Female,MONFIS,,,
Nachusa2020_1640,7/20/2020,hook_larson,3,CRD,12:56:00 PM,1:19:00 PM,80,2,2,impatiens,Female,MONFIS,,,
Nachusa2020_1641,7/20/2020,hook_larson,3,CRD,12:56:00 PM,1:19:00 PM,80,2,2,impatiens,Female,MONFIS,,,
Nachusa2020_1642,7/20/2020,hook_larson,3,CRD,12:56:00 PM,1:19:00 PM,80,2,2,impatiens,Female,MONFIS,,,
Nachusa2020_1643,7/20/2020,hook_larson,3,CRD,12:56:00 PM,1:19:00 PM,80,2,2,impatiens,Female,MONFIS,,,
Nachusa2020_1644,7/20/2020,hook_larson,3,CRD,12:56:00 PM,1:19:00 PM,80,2,2,impatiens,Female,MONFIS,,,
Nachusa2020_1645,7/20/2020,hook_larson,3,CRD,12:56:00 PM,1:19:00 PM,80,2,2,impatiens,Female,MONFIS,,,
Nachusa2020_1646,7/20/2020,hook_larson,3,CRD,12:56:00 PM,1:19:00 PM,80,2,2,impatiens,Female,MONFIS,,,
Nachusa2020_1647,7/20/2020,hook_larson,3,CRD,12:56:00 PM,1:19:00 PM,80,2,2,impatiens,Female,MONFIS,,,
Nachusa2020_1648,7/20/2020,hook_larson,3,CRD,12:56:00 PM,1:19:00 PM,80,2,2,impatiens,Female,MONFIS,,,
Nachusa2020_1649,7/20/2020,hook_larson,3,CRD,12:56:00 PM,1:19:00 PM,80,2,2,auricomus,Female,MONFIS,,,
Nachusa2020_1650,7/20/2020,hook_larson,3,CRD,12:56:00 PM,1:19:00 PM,80,2,2,auricomus,Female,MONFIS,,,
Nachusa2020_1651,7/20/2020,hook_larson,3,CRD,12:56:00 PM,1:19:00 PM,80,2,2,auricomus,Female,MONFIS,,,
Nachusa2020_1652,7/20/2020,hook_larson,3,CRD,12:56:00 PM,1:19:00 PM,80,2,2,griseocollis,Female,MONFIS,,,
Nachusa2020_1653,7/20/2020,hook_larson,3,CRD,12:56:00 PM,1:19:00 PM,80,2,2,impatiens,Female,MONFIS,,,
Nachusa2020_1654,7/20/2020,hook_larson,3,CRD,12:56:00 PM,1:19:00 PM,80,2,2,impatiens,Female,MONFIS,,,
Nachusa2020_1655,7/20/2020,hook_larson,3,CRD,12:56:00 PM,1:19:00 PM,80,2,2,auricomus,Female,MONFIS,,,
Nachusa2020_1656,7/20/2020,hook_larson,3,CRD,12:56:00 PM,1:19:00 PM,80,2,2,impatiens,Female,MONFIS,,,
Nachusa2020_1657,7/20/2020,hook_larson,3,CRD,12:56:00 PM,1:19:00 PM,80,2,2,auricomus,Female,MONFIS,,,
Nachusa2020_1658,7/20/2020,hook_larson,3,CRD,12:56:00 PM,1:19:00 PM,80,2,2,impatiens,Female,MONFIS,,,
Nachusa2020_1659,7/20/2020,hook_larson,3,CRD,12:56:00 PM,1:19:00 PM,80,2,2,impatiens,Female,MONFIS,,,
Nachusa2020_1660,7/20/2020,hook_larson,3,CRD,12:56:00 PM,1:19:00 PM,80,2,2,impatiens,Female,MONFIS,,,
Nachusa2020_1661,7/20/2020,hook_larson,3,CRD,12:56:00 PM,1:19:00 PM,80,2,2,impatiens,Female,MONFIS,,,
Nachusa2020_1662,7/20/2020,hook_larson,3,CRD,12:56:00 PM,1:19:00 PM,80,2,2,impatiens,Female,MONFIS,,,
Nachusa2020_1663,7/20/2020,hook_larson,3,CRD,12:56:00 PM,1:19:00 PM,80,2,2,impatiens,Female,MONFIS,,,
Nachusa2020_1664,7/20/2020,hook_larson,3,CRD,12:56:00 PM,1:19:00 PM,80,2,2,impatiens,Female,MONFIS,,,
Nachusa2020_1665,7/20/2020,hook_larson,3,CRD,12:56:00 PM,1:19:00 PM,80,2,2,griseocollis,Male,MONFIS,,,
Nachusa2020_1666,7/20/2020,hook_larson,3,CRD,12:56:00 PM,1:19:00 PM,80,2,2,impatiens,Female,MONFIS,,,
Nachusa2020_1667,7/20/2020,hook_larson,3,CRD,12:56:00 PM,1:19:00 PM,80,2,2,impatiens,Female,MONFIS,,,
Nachusa2020_1668,7/20/2020,hook_larson,3,CRD,12:56:00 PM,1:19:00 PM,80,2,2,impatiens,Female,MONFIS,,,
Nachusa2020_1669,7/20/2020,hook_larson,3,CRD,12:56:00 PM,1:19:00 PM,80,2,2,impatiens,Female,MONFIS,,,
Nachusa2020_1670,7/20/2020,hook_larson,3,CRD,12:56:00 PM,1:19:00 PM,80,2,2,impatiens,Female,MONFIS,,,
Nachusa2020_1671,7/20/2020,hook_larson,3,CRD,12:56:00 PM,1:19:00 PM,80,2,2,impatiens,Female,MONFIS,,,
Nachusa2020_1672,7/20/2020,hook_larson,3,CRD,12:56:00 PM,1:19:00 PM,80,2,2,impatiens,Female,MONFIS,,,
Nachusa2020_1673,7/20/2020,hook_larson,3,CRD,12:56:00 PM,1:19:00 PM,80,2,2,impatiens,Female,MONFIS,,,
Nachusa2020_1674,7/20/2020,hook_larson,3,CRD,12:56:00 PM,1:19:00 PM,80,2,2,impatiens,Female,MONFIS,,,
Nachusa2020_1675,7/20/2020,hook_larson,3,CRD,12:56:00 PM,1:19:00 PM,80,2,2,impatiens,Female,MONFIS,,,
Nachusa2020_1676,7/20/2020,hook_larson,3,CRD,12:56:00 PM,1:19:00 PM,80,2,2,impatiens,Female,MONFIS,,,
Nachusa2020_1677,7/20/2020,hook_larson,3,CRD,12:56:00 PM,1:19:00 PM,80,2,2,impatiens,Female,MONFIS,,,
Nachusa2020_1678,7/20/2020,hook_larson,3,CRD,12:56:00 PM,1:19:00 PM,80,2,2,auri/pens,Female,MONFIS,,,
Nachusa2020_1679,7/20/2020,hook_larson,3,CRD,12:56:00 PM,1:19:00 PM,80,2,2,pensylvanicus,Female,MONFIS,,,
Nachusa2020_1680,7/20/2020,hook_larson,3,CRD,12:56:00 PM,1:19:00 PM,80,2,2,impatiens,Female,MONFIS,,,
Nachusa2020_1681,7/20/2020,hook_larson,3,CRD,12:56:00 PM,1:19:00 PM,80,2,2,impatiens,Female,MONFIS,,,
Nachusa2020_1682,7/20/2020,hook_larson,3,CRD,12:56:00 PM,1:19:00 PM,80,2,2,impatiens,Female,MONFIS,,,
Nachusa2020_1683,7/20/2020,hook_larson,3,CRD,12:56:00 PM,1:19:00 PM,80,2,2,impatiens,Female,MONFIS,,,
Nachusa2020_1684,7/20/2020,hook_larson,3,CRD,12:56:00 PM,1:19:00 PM,80,2,2,auri/pens,Female,MONFIS,,,
Nachusa2020_1685,7/20/2020,hook_larson,3,CRD,12:56:00 PM,1:19:00 PM,80,2,2,impatiens,Female,MONFIS,,,
Nachusa2020_1686,7/20/2020,hook_larson,3,CRD,12:56:00 PM,1:19:00 PM,80,2,2,griseocollis,Female,MONFIS,,,
Nachusa2020_1687,7/20/2020,hook_larson,3,CRD,12:56:00 PM,1:19:00 PM,80,2,2,impatiens,Female,MONFIS,,,
Nachusa2020_1688,7/20/2020,hook_larson,3,CRD,12:56:00 PM,1:19:00 PM,80,2,2,auri/pens,Female,MONFIS,,,
Nachusa2020_1689,7/20/2020,hook_larson,3,CRD,12:56:00 PM,1:19:00 PM,80,2,2,auricomus,Female,MONFIS,,,
Nachusa2020_1690,7/20/2020,hook_larson,3,CRD,12:56:00 PM,1:19:00 PM,80,2,2,impatiens,Female,MONFIS,,,
Nachusa2020_1691,7/20/2020,hook_larson,3,CRD,12:56:00 PM,1:19:00 PM,80,2,2,impatiens,Female,MONFIS,,,
Nachusa2020_1692,7/20/2020,hook_larson,3,CRD,12:56:00 PM,1:19:00 PM,80,2,2,impatiens,Female,MONFIS,,,
Nachusa2020_1693,7/20/2020,hook_larson,3,CRD,12:56:00 PM,1:19:00 PM,80,2,2,auri/pens,Female,MONFIS,,,
Nachusa2020_1694,7/20/2020,hook_larson,3,CRD,12:56:00 PM,1:19:00 PM,80,2,2,vagans,Female,MONFIS,,,
Nachusa2020_1695,7/20/2020,hook_larson,3,CRD,12:56:00 PM,1:19:00 PM,80,2,2,auri/pens,Female,MONFIS,,,
Nachusa2020_1696,7/20/2020,hook_larson,3,CRD,12:56:00 PM,1:19:00 PM,80,2,2,griseocollis,Female,MONFIS,,,
Nachusa2020_1697,7/20/2020,hook_larson,3,CRD,12:56:00 PM,1:19:00 PM,80,2,2,impatiens,Female,MONFIS,,,
Nachusa2020_1698,7/20/2020,hook_larson,3,CRD,12:56:00 PM,1:19:00 PM,80,2,2,impatiens,Female,MONFIS,,,
Nachusa2020_1699,7/20/2020,hook_larson,3,CRD,12:56:00 PM,1:19:00 PM,80,2,2,impatiens,Female,MONFIS,,,
Nachusa2020_1700,7/20/2020,hook_larson,3,CRD,12:56:00 PM,1:19:00 PM,80,2,2,impatiens,Female,MONFIS,,,
Nachusa2020_1701,7/20/2020,hook_larson,3,CRD,12:56:00 PM,1:19:00 PM,80,2,2,auricomus,Female,MONFIS,,,
Nachusa2020_1702,7/20/2020,hook_larson,3,CRD,12:56:00 PM,1:19:00 PM,80,2,2,impatiens,Female,MONFIS,,,
Nachusa2020_1703,7/20/2020,hook_larson,3,CRD,12:56:00 PM,1:19:00 PM,80,2,2,impatiens,Female,MONFIS,,,
Nachusa2020_1704,7/20/2020,hook_larson,3,CRD,12:56:00 PM,1:19:00 PM,80,2,2,auricomus,Female,MONFIS,,,
Nachusa2020_1705,7/20/2020,hook_larson,3,CRD,12:56:00 PM,1:19:00 PM,80,2,2,impatiens,Female,MONFIS,,,
Nachusa2020_1706,7/20/2020,hook_larson,3,CRD,12:56:00 PM,1:19:00 PM,80,2,2,griseocollis,Female,MONFIS,,,
Nachusa2020_1707,7/20/2020,hook_larson,3,CRD,12:56:00 PM,1:19:00 PM,80,2,2,griseocollis,Female,MONFIS,,,
Nachusa2020_1708,7/20/2020,hook_larson,3,CRD,12:56:00 PM,1:19:00 PM,80,2,2,impatiens,Female,MONFIS,,,
Nachusa2020_1709,7/20/2020,hook_larson,3,CRD,12:56:00 PM,1:19:00 PM,80,2,2,impatiens,Female,MONFIS,,,
Nachusa2020_1710,7/20/2020,hook_larson,3,CRD,12:56:00 PM,1:19:00 PM,80,2,2,impatiens,Female,MONFIS,,,
Nachusa2020_1711,7/20/2020,hook_larson,3,CRD,12:56:00 PM,1:19:00 PM,80,2,2,impatiens,Female,MONFIS,,,
Nachusa2020_1712,7/20/2020,hook_larson,3,CRD,12:56:00 PM,1:19:00 PM,80,2,2,griseocollis,Female,MONFIS,,,
Nachusa2020_1713,7/20/2020,hook_larson,3,CRD,12:56:00 PM,1:19:00 PM,80,2,2,impatiens,Female,MONFIS,,,
Nachusa2020_1714,7/20/2020,hook_larson,3,CRD,12:56:00 PM,1:19:00 PM,80,2,2,griseocollis,Female,MONFIS,,,
Nachusa2020_1715,7/20/2020,hook_larson,3,CRD,12:56:00 PM,1:19:00 PM,80,2,2,impatiens,Female,MONFIS,,,
Nachusa2020_1716,7/20/2020,hook_larson,3,CRD,12:56:00 PM,1:19:00 PM,80,2,2,griseocollis,Female,MONFIS,,,
Nachusa2020_1717,7/20/2020,hook_larson,3,CRD,12:56:00 PM,1:19:00 PM,80,2,2,auricomus,Female,MONFIS,,,
Nachusa2020_1718,7/20/2020,hook_larson,3,CRD,12:56:00 PM,1:19:00 PM,80,2,2,impatiens,Female,MONFIS,,,
Nachusa2020_1719,7/20/2020,hook_larson,3,CRD,12:56:00 PM,1:19:00 PM,80,2,2,griseocollis,Female,MONFIS,,,
Nachusa2020_1720,7/20/2020,hook_larson,3,CRD,12:56:00 PM,1:19:00 PM,80,2,2,griseocollis,Female,MONFIS,,,
Nachusa2020_1721,7/20/2020,hook_larson,3,CRD,12:56:00 PM,1:19:00 PM,80,2,2,impatiens,Female,MONFIS,,,
Nachusa2020_1722,7/20/2020,hook_larson,3,CRD,12:56:00 PM,1:19:00 PM,80,2,2,auri/pens,Female,MONFIS,,,
Nachusa2020_1723,7/20/2020,hook_larson,3,CRD,12:56:00 PM,1:19:00 PM,80,2,2,griseocollis,Female,MONFIS,,,
Nachusa2020_1724,7/20/2020,hook_larson,3,CRD,12:56:00 PM,1:19:00 PM,80,2,2,impatiens,Female,MONFIS,,,
Nachusa2020_1725,7/21/2020,big_woods,3,CRD,8:49:00 AM,9:09:00 AM,70,2,2,auricomus,Female,MONFIS,,,
Nachusa2020_1726,7/21/2020,big_woods,3,CRD,8:49:00 AM,9:09:00 AM,70,2,2,impatiens,Female,VERVIR,,,
Nachusa2020_1727,7/21/2020,big_woods,3,CRD,8:49:00 AM,9:09:00 AM,70,2,2,impatiens,Female,VERVIR,,,
Nachusa2020_1728,7/21/2020,big_woods,3,CRD,8:49:00 AM,9:09:00 AM,70,2,2,impatiens,Female,MONFIS,,,
Nachusa2020_1729,7/21/2020,big_woods,3,CRD,8:49:00 AM,9:09:00 AM,70,2,2,vagans,Female,VERVIR,,,
Nachusa2020_1730,7/21/2020,big_woods,3,CRD,8:49:00 AM,9:09:00 AM,70,2,2,auricomus,Female,VERVIR,,,
Nachusa2020_1731,7/21/2020,big_woods,3,CRD,8:49:00 AM,9:09:00 AM,70,2,2,impatiens,Female,VERVIR,,,
Nachusa2020_1732,7/21/2020,big_woods,3,CRD,8:49:00 AM,9:09:00 AM,70,2,2,vagans,Female,VERVIR,,,
Nachusa2020_1733,7/21/2020,big_woods,3,CRD,8:49:00 AM,9:09:00 AM,70,2,2,impatiens,Female,VERVIR,,,
Nachusa2020_1734,7/21/2020,big_woods,3,CRD,8:49:00 AM,9:09:00 AM,70,2,2,griseocollis,Female,VERVIR,,,
Nachusa2020_1735,7/21/2020,big_woods,3,CRD,8:49:00 AM,9:09:00 AM,70,2,2,impatiens,Female,MONFIS,,,
Nachusa2020_1736,7/21/2020,big_woods,3,CRD,8:49:00 AM,9:09:00 AM,70,2,2,impatiens,Female,MONFIS,,,
Nachusa2020_1737,7/21/2020,big_woods,3,CRD,8:49:00 AM,9:09:00 AM,70,2,2,bimaculatus,Female,MONFIS,,,
Nachusa2020_1738,7/21/2020,big_woods,3,CRD,8:49:00 AM,9:09:00 AM,70,2,2,impatiens,Female,MONFIS,,,
Nachusa2020_1739,7/21/2020,big_woods,3,CRD,8:49:00 AM,9:09:00 AM,70,2,2,vagans,Female,MONFIS,,,
Nachusa2020_1740,7/21/2020,big_woods,3,CRD,8:49:00 AM,9:09:00 AM,70,2,2,impatiens,Female,MONFIS,,,
Nachusa2020_1741,7/21/2020,schafer_knob,5,CRD,10:06:00 AM,10:36:00 AM,73,2,2,vagans,Female,PRUVUL,,,
Nachusa2020_1742,7/21/2020,schafer_knob,5,CRD,10:06:00 AM,10:36:00 AM,73,2,2,griseocollis,Female,MONFIS,,,
Nachusa2020_1743,7/21/2020,schafer_knob,5,CRD,10:06:00 AM,10:36:00 AM,73,2,2,impatiens,Female,MONFIS,,,
Nachusa2020_1744,7/21/2020,schafer_knob,5,CRD,10:06:00 AM,10:36:00 AM,73,2,2,griseocollis,Female,MONFIS,,,
Nachusa2020_1745,7/21/2020,schafer_knob,5,CRD,10:06:00 AM,10:36:00 AM,73,2,2,vagans,Female,MONFIS,,,
Nachusa2020_1746,7/21/2020,schafer_knob,5,CRD,10:06:00 AM,10:36:00 AM,73,2,2,griseocollis,Female,MONFIS,,,
Nachusa2020_1747,7/21/2020,schafer_knob,5,CRD,10:06:00 AM,10:36:00 AM,73,2,2,griseocollis,Male,MONFIS,,,
Nachusa2020_1748,7/21/2020,schafer_knob,5,CRD,10:06:00 AM,10:36:00 AM,73,2,2,vagans,Female,MONFIS,,,
Nachusa2020_1749,7/21/2020,schafer_knob,5,CRD,10:06:00 AM,10:36:00 AM,73,2,2,impatiens,Female,MONFIS,,,
Nachusa2020_1750,7/21/2020,schafer_knob,5,CRD,10:06:00 AM,10:36:00 AM,73,2,2,impatiens,Female,MONFIS,,,
Nachusa2020_1751,7/21/2020,schafer_knob,5,CRD,10:06:00 AM,10:36:00 AM,73,2,2,impatiens,Female,DAUCAR,,,
Nachusa2020_1752,7/21/2020,schafer_knob,5,CRD,10:06:00 AM,10:36:00 AM,73,2,2,vagans,Female,DALPUR,,,
Nachusa2020_1753,7/21/2020,schafer_knob,5,CRD,10:06:00 AM,10:36:00 AM,73,2,2,impatiens,Female,DALPUR,,,
Nachusa2020_1754,7/21/2020,schafer_knob,5,CRD,10:06:00 AM,10:36:00 AM,73,2,2,vagans,Female,DALPUR,,,
Nachusa2020_1755,7/21/2020,schafer_knob,5,CRD,10:06:00 AM,10:36:00 AM,73,2,2,griseocollis,Female,DALPUR,,,
Nachusa2020_1756,7/21/2020,schafer_knob,5,CRD,10:06:00 AM,10:36:00 AM,73,2,2,griseocollis,Female,DALPUR,,,
Nachusa2020_1757,7/21/2020,schafer_knob,5,CRD,10:06:00 AM,10:36:00 AM,73,2,2,rufocinctus,Female,DALPUR,,,
Nachusa2020_1758,7/21/2020,schafer_knob,5,CRD,10:06:00 AM,10:36:00 AM,73,2,2,rufocinctus,Female,DALPUR,,,
Nachusa2020_1759,7/21/2020,schafer_knob,5,CRD,10:06:00 AM,10:36:00 AM,73,2,2,griseocollis,Female,DALPUR,,,
Nachusa2020_1760,7/21/2020,schafer_knob,5,CRD,10:06:00 AM,10:36:00 AM,73,2,2,impatiens,Female,DALPUR,,,
Nachusa2020_1761,7/21/2020,schafer_knob,5,CRD,10:06:00 AM,10:36:00 AM,73,2,2,griseocollis,Female,DALPUR,,,
Nachusa2020_1762,7/21/2020,schafer_knob,5,CRD,10:06:00 AM,10:36:00 AM,73,2,2,impatiens,Female,DALPUR,,,
Nachusa2020_1763,7/21/2020,schafer_knob,5,CRD,10:06:00 AM,10:36:00 AM,73,2,2,rufocinctus,Female,DALPUR,,,
Nachusa2020_1764,7/21/2020,schafer_knob,5,CRD,10:06:00 AM,10:36:00 AM,73,2,2,rufocinctus,Female,DALPUR,,,
Nachusa2020_1765,7/21/2020,schafer_knob,5,CRD,10:06:00 AM,10:36:00 AM,73,2,2,griseocollis,Female,DALPUR,,,
Nachusa2020_1766,7/21/2020,schafer_knob,5,CRD,10:06:00 AM,10:36:00 AM,73,2,2,impatiens,Female,DALPUR,,,
Nachusa2020_1767,7/21/2020,schafer_knob,5,CRD,10:06:00 AM,10:36:00 AM,73,2,2,impatiens,Female,DALPUR,,,
Nachusa2020_1768,7/21/2020,schafer_knob,5,CRD,10:06:00 AM,10:36:00 AM,73,2,2,griseocollis,Female,DALPUR,,,
Nachusa2020_1769,7/21/2020,schafer_knob,5,CRD,10:06:00 AM,10:36:00 AM,73,2,2,impatiens,Female,DALPUR,,,
Nachusa2020_1770,7/21/2020,schafer_knob,5,CRD,10:06:00 AM,10:36:00 AM,73,2,2,impatiens,Female,DALPUR,,,
Nachusa2020_1771,7/21/2020,schafer_knob,5,CRD,10:06:00 AM,10:36:00 AM,73,2,2,griseocollis,Female,DALPUR,,,
Nachusa2020_1772,7/21/2020,schafer_knob,5,CRD,10:06:00 AM,10:36:00 AM,73,2,2,griseocollis,Female,DALPUR,,,
Nachusa2020_1773,7/21/2020,schafer_knob,5,CRD,10:06:00 AM,10:36:00 AM,73,2,2,impatiens,Female,DALPUR,,,
Nachusa2020_1774,7/21/2020,schafer_knob,5,CRD,10:06:00 AM,10:36:00 AM,73,2,2,impatiens,Female,DALPUR,,,
Nachusa2020_1775,7/21/2020,schafer_knob,5,CRD,10:06:00 AM,10:36:00 AM,73,2,2,griseocollis,Female,DALPUR,,,
Nachusa2020_1776,7/21/2020,schafer_knob,5,CRD,10:06:00 AM,10:36:00 AM,73,2,2,vagans,Female,DALPUR,,,
Nachusa2020_1777,7/21/2020,schafer_knob,5,CRD,10:06:00 AM,10:36:00 AM,73,2,2,rufocinctus,Female,DALPUR,,,
Nachusa2020_1778,7/21/2020,schafer_knob,5,CRD,10:06:00 AM,10:36:00 AM,73,2,2,griseocollis,Female,DALPUR,,,
Nachusa2020_1779,7/21/2020,schafer_knob,5,CRD,10:06:00 AM,10:36:00 AM,73,2,2,rufocinctus,Female,DALPUR,,,
Nachusa2020_1780,7/21/2020,schafer_knob,5,CRD,10:06:00 AM,10:36:00 AM,73,2,2,griseocollis,Female,DALPUR,,,
Nachusa2020_1781,7/21/2020,schafer_knob,5,CRD,10:06:00 AM,10:36:00 AM,73,2,2,impatiens,Female,MONFIS,,,
Nachusa2020_1782,7/21/2020,prairie_potholes,4,CRD,11:30:00 AM,11:55:00 AM,73,2,2,griseocollis,Female,DESCAN,,,
Nachusa2020_1783,7/21/2020,prairie_potholes,4,CRD,11:30:00 AM,11:55:00 AM,73,2,2,impatiens,Female,DESCAN,,,
Nachusa2020_1784,7/21/2020,prairie_potholes,4,CRD,11:30:00 AM,11:55:00 AM,73,2,2,impatiens,Female,DESCAN,,,
Nachusa2020_1785,7/21/2020,prairie_potholes,4,CRD,11:30:00 AM,11:55:00 AM,73,2,2,impatiens,Female,DESCAN,,,
Nachusa2020_1786,7/21/2020,prairie_potholes,4,CRD,11:30:00 AM,11:55:00 AM,73,2,2,griseocollis,Female,DESCAN,,,
Nachusa2020_1787,7/21/2020,prairie_potholes,4,CRD,11:30:00 AM,11:55:00 AM,73,2,2,griseocollis,Female,DESCAN,,,
Nachusa2020_1788,7/21/2020,prairie_potholes,4,CRD,11:30:00 AM,11:55:00 AM,73,2,2,impatiens,Female,PRUVUL,,,
Nachusa2020_1789,7/21/2020,prairie_potholes,4,CRD,11:30:00 AM,11:55:00 AM,73,2,2,impatiens,Female,DESCAN,,,
Nachusa2020_1790,7/21/2020,prairie_potholes,4,CRD,11:30:00 AM,11:55:00 AM,73,2,2,vagans,Female,DESCAN,,,
Nachusa2020_1791,7/21/2020,prairie_potholes,4,CRD,11:30:00 AM,11:55:00 AM,73,2,2,griseocollis,Female,DALPUR,,,
Nachusa2020_1792,7/21/2020,prairie_potholes,4,CRD,11:30:00 AM,11:55:00 AM,73,2,2,griseocollis,Female,DESCAN,,,
Nachusa2020_1793,7/21/2020,prairie_potholes,4,CRD,11:30:00 AM,11:55:00 AM,73,2,2,impatiens,Female,DESCAN,,,
Nachusa2020_1794,7/21/2020,prairie_potholes,4,CRD,11:30:00 AM,11:55:00 AM,73,2,2,griseocollis,Female,DESCAN,,,
Nachusa2020_1795,7/21/2020,prairie_potholes,4,CRD,11:30:00 AM,11:55:00 AM,73,2,2,impatiens,Female,DESCAN,,,
Nachusa2020_1796,7/21/2020,prairie_potholes,4,CRD,11:30:00 AM,11:55:00 AM,73,2,2,auri/pens,Female,BAPALB,,,
Nachusa2020_1797,7/21/2020,prairie_potholes,4,CRD,11:30:00 AM,11:55:00 AM,73,2,2,vagans,Female,DESCAN,,,
Nachusa2020_1798,7/21/2020,prairie_potholes,4,CRD,11:30:00 AM,11:55:00 AM,73,2,2,impatiens,Female,DESCAN,,,
Nachusa2020_1799,7/21/2020,prairie_potholes,4,CRD,11:30:00 AM,11:55:00 AM,73,2,2,griseocollis,Female,DESCAN,,,
Nachusa2020_1800,7/21/2020,prairie_potholes,4,CRD,11:30:00 AM,11:55:00 AM,73,2,2,griseocollis,Female,DESCAN,,,
Nachusa2020_1801,7/21/2020,prairie_potholes,4,CRD,11:30:00 AM,11:55:00 AM,73,2,2,impatiens,Female,DESCAN,,,
Nachusa2020_1802,7/21/2020,prairie_potholes,4,CRD,11:30:00 AM,11:55:00 AM,73,2,2,griseocollis,Female,DESCAN,,,
Nachusa2020_1803,7/21/2020,prairie_potholes,4,CRD,11:30:00 AM,11:55:00 AM,73,2,2,impatiens,Female,DESCAN,,,
Nachusa2020_1804,7/21/2020,prairie_potholes,4,CRD,11:30:00 AM,11:55:00 AM,73,2,2,griseocollis,Female,DESCAN,,,
Nachusa2020_1805,7/21/2020,prairie_potholes,4,CRD,11:30:00 AM,11:55:00 AM,73,2,2,impatiens,Female,DESCAN,,,
Nachusa2020_1806,7/21/2020,prairie_potholes,4,CRD,11:30:00 AM,11:55:00 AM,73,2,2,impatiens,Female,DESCAN,,,
Nachusa2020_1807,7/21/2020,prairie_potholes,4,CRD,11:30:00 AM,11:55:00 AM,73,2,2,griseocollis,Female,DESCAN,,,
Nachusa2020_1808,7/21/2020,prairie_potholes,4,CRD,11:30:00 AM,11:55:00 AM,73,2,2,impatiens,Female,PRUVUL,,,
Nachusa2020_1809,7/21/2020,prairie_potholes,4,CRD,11:30:00 AM,11:55:00 AM,73,2,2,griseocollis,Female,DESCAN,,,
Nachusa2020_1810,7/21/2020,prairie_potholes,4,CRD,11:30:00 AM,11:55:00 AM,73,2,2,vagans,Female,DESCAN,,,
Nachusa2020_1811,7/22/2020,holland_prairie_west,5,CRD,10:00:00 AM,10:23:00 AM,74,2,2,griseocollis,Female,MONFIS,,,
Nachusa2020_1812,7/22/2020,holland_prairie_west,5,CRD,10:00:00 AM,10:23:00 AM,74,2,2,auricomus,Female,ASTCAN,,,
Nachusa2020_1813,7/22/2020,holland_prairie_west,5,CRD,10:00:00 AM,10:23:00 AM,74,2,2,vagans,Female,MONFIS,,,
Nachusa2020_1814,7/22/2020,holland_prairie_west,5,CRD,10:00:00 AM,10:23:00 AM,74,2,2,auricomus,Female,MONFIS,,,
Nachusa2020_1815,7/22/2020,holland_prairie_west,5,CRD,10:00:00 AM,10:23:00 AM,74,2,2,vagans,Female,SILLAN,,,
Nachusa2020_1816,7/22/2020,holland_prairie_west,5,CRD,10:00:00 AM,10:23:00 AM,74,2,2,auri/pens,Female,MONFIS,,,
Nachusa2020_1817,7/22/2020,holland_prairie_west,5,CRD,10:00:00 AM,10:23:00 AM,74,2,2,auri/pens,Female,ASTCAN,,,
Nachusa2020_1818,7/22/2020,holland_prairie_west,5,CRD,10:00:00 AM,10:23:00 AM,74,2,2,rufocinctus,Female,RATPIN,,,
Nachusa2020_1819,7/22/2020,holland_prairie_west,5,CRD,10:00:00 AM,10:23:00 AM,74,2,2,auricomus,Female,ASTCAN,,,
Nachusa2020_1820,7/22/2020,holland_prairie_west,5,CRD,10:00:00 AM,10:23:00 AM,74,2,2,auricomus,Female,ASTCAN,,,
Nachusa2020_1821,7/22/2020,holland_prairie_west,5,CRD,10:00:00 AM,10:23:00 AM,74,2,2,auricomus,Female,LIAPYC,,,
Nachusa2020_1822,7/22/2020,holland_prairie_west,5,CRD,10:00:00 AM,10:23:00 AM,74,2,2,griseocollis,Female,DESCAN,,,
Nachusa2020_1823,7/22/2020,holland_prairie_west,5,CRD,10:00:00 AM,10:23:00 AM,74,2,2,impatiens,Female,DESCAN,,,
Nachusa2020_1824,7/22/2020,holland_prairie_west,5,CRD,10:00:00 AM,10:23:00 AM,74,2,2,impatiens,Female,DESCAN,,,
Nachusa2020_1825,7/22/2020,holland_prairie_west,5,CRD,10:00:00 AM,10:23:00 AM,74,2,2,griseocollis,Female,DESCAN,,,
Nachusa2020_1826,7/22/2020,holland_prairie_west,5,CRD,10:00:00 AM,10:23:00 AM,74,2,2,impatiens,Female,DESCAN,,,
Nachusa2020_1827,7/22/2020,holland_prairie_west,5,CRD,10:00:00 AM,10:23:00 AM,74,2,2,griseocollis,Female,TRIPRA,,,
Nachusa2020_1828,7/22/2020,hook_larson,4,CRD,11:10:00 AM,11:31:00 AM,77,2,2,griseocollis,Female,DAUCAR,,,
Nachusa2020_1829,7/22/2020,hook_larson,4,CRD,11:10:00 AM,11:31:00 AM,77,2,2,impatiens,Female,MONFIS,,,
Nachusa2020_1830,7/22/2020,hook_larson,4,CRD,11:10:00 AM,11:31:00 AM,77,2,2,griseocollis,Female,DAUCAR,,,
Nachusa2020_1831,7/22/2020,hook_larson,4,CRD,11:10:00 AM,11:31:00 AM,77,2,2,impatiens,Female,DAUCAR,,,
Nachusa2020_1832,7/22/2020,hook_larson,4,CRD,11:10:00 AM,11:31:00 AM,77,2,2,rufocinctus,Female,RATPIN,,,
Nachusa2020_1833,7/22/2020,hook_larson,4,CRD,11:10:00 AM,11:31:00 AM,77,2,2,auricomus,Female,MONFIS,,,
Nachusa2020_1834,7/22/2020,hook_larson,4,CRD,11:10:00 AM,11:31:00 AM,77,2,2,rufocinctus,Female,RATPIN,,,
Nachusa2020_1835,7/22/2020,hook_larson,4,CRD,11:10:00 AM,11:31:00 AM,77,2,2,griseocollis,Female,MONFIS,,,
Nachusa2020_1836,7/22/2020,hook_larson,4,CRD,11:10:00 AM,11:31:00 AM,77,2,2,impatiens,Female,MONFIS,,,
Nachusa2020_1837,7/22/2020,hook_larson,4,CRD,11:10:00 AM,11:31:00 AM,77,2,2,impatiens,Female,MONFIS,,,
Nachusa2020_1838,7/22/2020,hook_larson,4,CRD,11:10:00 AM,11:31:00 AM,77,2,2,impatiens,Female,MONFIS,,,
Nachusa2020_1839,7/22/2020,hook_larson,4,CRD,11:10:00 AM,11:31:00 AM,77,2,2,impatiens,Female,MONFIS,,,
Nachusa2020_1840,7/22/2020,trap_release_prairie,1,CRD,12:44:00 PM,1:05:00 PM,81,2,1,impatiens,Female,MONFIS,,,
Nachusa2020_1841,7/22/2020,trap_release_prairie,1,CRD,12:44:00 PM,1:05:00 PM,81,2,1,auricomus,Female,MONFIS,,,
Nachusa2020_1842,7/22/2020,trap_release_prairie,1,CRD,12:44:00 PM,1:05:00 PM,81,2,1,auricomus,Female,MONFIS,,,
Nachusa2020_1843,7/22/2020,trap_release_prairie,1,CRD,12:44:00 PM,1:05:00 PM,81,2,1,griseocollis,Female,MONFIS,,,
Nachusa2020_1844,7/22/2020,trap_release_prairie,1,CRD,12:44:00 PM,1:05:00 PM,81,2,1,griseocollis,Female,MONFIS,,,
Nachusa2020_1845,7/22/2020,trap_release_prairie,1,CRD,12:44:00 PM,1:05:00 PM,81,2,1,impatiens,Female,MONFIS,,,
Nachusa2020_1846,7/22/2020,trap_release_prairie,1,CRD,12:44:00 PM,1:05:00 PM,81,2,1,griseocollis,Female,MONFIS,,,
Nachusa2020_1847,7/22/2020,trap_release_prairie,1,CRD,12:44:00 PM,1:05:00 PM,81,2,1,impatiens,Female,MONFIS,,,
Nachusa2020_1848,7/22/2020,trap_release_prairie,1,CRD,12:44:00 PM,1:05:00 PM,81,2,1,impatiens,Female,MONFIS,,,
Nachusa2020_1849,7/22/2020,trap_release_prairie,1,CRD,12:44:00 PM,1:05:00 PM,81,2,1,griseocollis,Female,MONFIS,,,
Nachusa2020_1850,7/22/2020,trap_release_prairie,1,CRD,12:44:00 PM,1:05:00 PM,81,2,1,griseocollis,Female,MONFIS,,,
Nachusa2020_1851,7/22/2020,trap_release_prairie,1,CRD,12:44:00 PM,1:05:00 PM,81,2,1,griseocollis,Female,MONFIS,,,
Nachusa2020_1852,7/22/2020,trap_release_prairie,1,CRD,12:44:00 PM,1:05:00 PM,81,2,1,griseocollis,Female,MONFIS,,,
Nachusa2020_1853,7/22/2020,trap_release_prairie,1,CRD,12:44:00 PM,1:05:00 PM,81,2,1,griseocollis,Female,MONFIS,,,
Nachusa2020_1854,7/22/2020,trap_release_prairie,1,CRD,12:44:00 PM,1:05:00 PM,81,2,1,griseocollis,Female,MONFIS,,,
Nachusa2020_1855,7/22/2020,trap_release_prairie,1,CRD,12:44:00 PM,1:05:00 PM,81,2,1,griseocollis,Female,MONFIS,,,
Nachusa2020_1856,7/22/2020,trap_release_prairie,1,CRD,12:44:00 PM,1:05:00 PM,81,2,1,griseocollis,Female,MONFIS,,,
Nachusa2020_1857,7/22/2020,trap_release_prairie,1,CRD,12:44:00 PM,1:05:00 PM,81,2,1,griseocollis,Female,MONFIS,,,
Nachusa2020_1858,7/22/2020,trap_release_prairie,1,CRD,12:44:00 PM,1:05:00 PM,81,2,1,impatiens,Female,MONFIS,,,
Nachusa2020_1859,7/22/2020,trap_release_prairie,1,CRD,12:44:00 PM,1:05:00 PM,81,2,1,impatiens,Female,MONFIS,,,
Nachusa2020_1860,7/22/2020,trap_release_prairie,1,CRD,12:44:00 PM,1:05:00 PM,81,2,1,impatiens,Female,MONFIS,,,
Nachusa2020_1861,7/22/2020,trap_release_prairie,1,CRD,12:44:00 PM,1:05:00 PM,81,2,1,impatiens,Female,MONFIS,,,
Nachusa2020_1862,7/22/2020,trap_release_prairie,1,CRD,12:44:00 PM,1:05:00 PM,81,2,1,impatiens,Female,MONFIS,,,
Nachusa2020_1863,7/22/2020,trap_release_prairie,1,CRD,12:44:00 PM,1:05:00 PM,81,2,1,impatiens,Female,MONFIS,,,
Nachusa2020_1864,7/22/2020,trap_release_prairie,1,CRD,12:44:00 PM,1:05:00 PM,81,2,1,impatiens,Female,MONFIS,,,
Nachusa2020_1865,7/22/2020,trap_release_prairie,1,CRD,12:44:00 PM,1:05:00 PM,81,2,1,impatiens,Female,MONFIS,,,
Nachusa2020_1866,7/22/2020,trap_release_prairie,1,CRD,12:44:00 PM,1:05:00 PM,81,2,1,impatiens,Female,MONFIS,,,
Nachusa2020_1867,7/22/2020,trap_release_prairie,1,CRD,12:44:00 PM,1:05:00 PM,81,2,1,griseocollis,Female,MONFIS,,,
Nachusa2020_1868,7/22/2020,trap_release_prairie,1,CRD,12:44:00 PM,1:05:00 PM,81,2,1,impatiens,Female,MONFIS,,,
Nachusa2020_1869,7/22/2020,trap_release_prairie,1,CRD,12:44:00 PM,1:05:00 PM,81,2,1,impatiens,Female,MONFIS,,,
Nachusa2020_1870,7/22/2020,trap_release_prairie,1,CRD,12:44:00 PM,1:05:00 PM,81,2,1,griseocollis,Female,MONFIS,,,
Nachusa2020_1871,7/22/2020,trap_release_prairie,1,CRD,12:44:00 PM,1:05:00 PM,81,2,1,griseocollis,Female,MONFIS,,,
Nachusa2020_1872,7/22/2020,trap_release_prairie,1,CRD,12:44:00 PM,1:05:00 PM,81,2,1,impatiens,Female,MONFIS,,,
Nachusa2020_1873,7/22/2020,trap_release_prairie,1,CRD,12:44:00 PM,1:05:00 PM,81,2,1,impatiens,Female,MONFIS,,,
Nachusa2020_1874,7/22/2020,trap_release_prairie,1,CRD,12:44:00 PM,1:05:00 PM,81,2,1,impatiens,Female,MONFIS,,,
Nachusa2020_1875,7/22/2020,trap_release_prairie,1,CRD,12:44:00 PM,1:05:00 PM,81,2,1,impatiens,Female,MONFIS,,,
Nachusa2020_1876,7/22/2020,trap_release_prairie,1,CRD,12:44:00 PM,1:05:00 PM,81,2,1,impatiens,Female,MONFIS,,,
Nachusa2020_1877,7/22/2020,trap_release_prairie,1,CRD,12:44:00 PM,1:05:00 PM,81,2,1,griseocollis,Female,MONFIS,,,
Nachusa2020_1878,7/22/2020,trap_release_prairie,1,CRD,12:44:00 PM,1:05:00 PM,81,2,1,impatiens,Female,MONFIS,,,
Nachusa2020_1879,7/22/2020,trap_release_prairie,1,CRD,12:44:00 PM,1:05:00 PM,81,2,1,griseocollis,Female,MONFIS,,,
Nachusa2020_1880,7/22/2020,trap_release_prairie,1,CRD,12:44:00 PM,1:05:00 PM,81,2,1,auricomus,Female,MONFIS,,,
Nachusa2020_1881,7/22/2020,trap_release_prairie,1,CRD,12:44:00 PM,1:05:00 PM,81,2,1,impatiens,Female,MONFIS,,,
Nachusa2020_1882,7/22/2020,trap_release_prairie,1,CRD,12:44:00 PM,1:05:00 PM,81,2,1,impatiens,Female,MONFIS,,,
Nachusa2020_1883,7/22/2020,trap_release_prairie,1,CRD,12:44:00 PM,1:05:00 PM,81,2,1,impatiens,Female,MONFIS,,,
Nachusa2020_1884,7/22/2020,trap_release_prairie,1,CRD,12:44:00 PM,1:05:00 PM,81,2,1,impatiens,Female,MONFIS,,,
Nachusa2020_1885,7/22/2020,trap_release_prairie,1,CRD,12:44:00 PM,1:05:00 PM,81,2,1,griseocollis,Female,MONFIS,,,
Nachusa2020_1886,7/22/2020,trap_release_prairie,1,CRD,12:44:00 PM,1:05:00 PM,81,2,1,griseocollis,Female,MONFIS,,,
Nachusa2020_1887,7/22/2020,trap_release_prairie,1,CRD,12:44:00 PM,1:05:00 PM,81,2,1,impatiens,Female,MONFIS,,,
Nachusa2020_1888,7/22/2020,trap_release_prairie,1,CRD,12:44:00 PM,1:05:00 PM,81,2,1,auricomus,Female,MONFIS,,,
Nachusa2020_1889,7/22/2020,trap_release_prairie,1,CRD,12:44:00 PM,1:05:00 PM,81,2,1,impatiens,Female,MONFIS,,,
Nachusa2020_1890,7/22/2020,trap_release_prairie,1,CRD,12:44:00 PM,1:05:00 PM,81,2,1,impatiens,Female,MONFIS,,,
Nachusa2020_1891,7/22/2020,trap_release_prairie,1,CRD,12:44:00 PM,1:05:00 PM,81,2,1,griseocollis,Female,MONFIS,,,
Nachusa2020_1892,7/22/2020,trap_release_prairie,1,CRD,12:44:00 PM,1:05:00 PM,81,2,1,griseocollis,Female,MONFIS,,,
Nachusa2020_1893,7/22/2020,trap_release_prairie,1,CRD,12:44:00 PM,1:05:00 PM,81,2,1,griseocollis,Female,MONFIS,,,
Nachusa2020_1894,7/22/2020,trap_release_prairie,1,CRD,12:44:00 PM,1:05:00 PM,81,2,1,impatiens,Female,MONFIS,,,
Nachusa2020_1895,7/22/2020,trap_release_prairie,1,CRD,12:44:00 PM,1:05:00 PM,81,2,1,impatiens,Female,MONFIS,,,
Nachusa2020_1896,7/22/2020,trap_release_prairie,1,CRD,12:44:00 PM,1:05:00 PM,81,2,1,impatiens,Female,MONFIS,,,
Nachusa2020_1897,7/22/2020,trap_release_prairie,1,CRD,12:44:00 PM,1:05:00 PM,81,2,1,impatiens,Female,MONFIS,,,
Nachusa2020_1898,7/22/2020,trap_release_prairie,1,CRD,12:44:00 PM,1:05:00 PM,81,2,1,griseocollis,Female,MONFIS,,,
Nachusa2020_1899,7/22/2020,trap_release_prairie,1,CRD,12:44:00 PM,1:05:00 PM,81,2,1,griseocollis,Female,MONFIS,,,
Nachusa2020_1900,7/22/2020,trap_release_prairie,1,CRD,12:44:00 PM,1:05:00 PM,81,2,1,impatiens,Female,MONFIS,,,
Nachusa2020_1901,7/22/2020,trap_release_prairie,1,CRD,12:44:00 PM,1:05:00 PM,81,2,1,griseocollis,Female,MONFIS,,,
Nachusa2020_1902,7/22/2020,trap_release_prairie,1,CRD,12:44:00 PM,1:05:00 PM,81,2,1,griseocollis,Female,MONFIS,,,
Nachusa2020_1903,7/22/2020,trap_release_prairie,1,CRD,12:44:00 PM,1:05:00 PM,81,2,1,impatiens,Female,MONFIS,,,
Nachusa2020_1904,7/22/2020,trap_release_prairie,1,CRD,12:44:00 PM,1:05:00 PM,81,2,1,auri/pens,Female,MONFIS,,,
Nachusa2020_1905,7/22/2020,clear_creek_south,6,CRD,2:01:00 PM,2:25:00 PM,82,1,1,impatiens,Female,MONFIS,,,
Nachusa2020_1906,7/22/2020,clear_creek_south,6,CRD,2:01:00 PM,2:25:00 PM,82,1,1,impatiens,Female,MONFIS,,,
Nachusa2020_1907,7/22/2020,clear_creek_south,6,CRD,2:01:00 PM,2:25:00 PM,82,1,1,impatiens,Female,MONFIS,,,
Nachusa2020_1908,7/22/2020,clear_creek_south,6,CRD,2:01:00 PM,2:25:00 PM,82,1,1,griseocollis,Female,MONFIS,,,
Nachusa2020_1909,7/22/2020,clear_creek_south,6,CRD,2:01:00 PM,2:25:00 PM,82,1,1,griseocollis,Female,MONFIS,,,
Nachusa2020_1910,7/22/2020,clear_creek_south,6,CRD,2:01:00 PM,2:25:00 PM,82,1,1,impatiens,Female,MONFIS,,,
Nachusa2020_1911,7/22/2020,clear_creek_south,6,CRD,2:01:00 PM,2:25:00 PM,82,1,1,impatiens,Female,MONFIS,,,
Nachusa2020_1912,7/22/2020,clear_creek_south,6,CRD,2:01:00 PM,2:25:00 PM,82,1,1,griseocollis,Female,MONFIS,,,
Nachusa2020_1913,7/22/2020,clear_creek_south,6,CRD,2:01:00 PM,2:25:00 PM,82,1,1,impatiens,Female,MONFIS,,,
Nachusa2020_1914,7/22/2020,clear_creek_south,6,CRD,2:01:00 PM,2:25:00 PM,82,1,1,fervidus,Female,MONFIS,,,
Nachusa2020_1915,7/22/2020,clear_creek_south,6,CRD,2:01:00 PM,2:25:00 PM,82,1,1,griseocollis,Female,MONFIS,,,
Nachusa2020_1916,7/22/2020,clear_creek_south,6,CRD,2:01:00 PM,2:25:00 PM,82,1,1,griseocollis,Female,MONFIS,,,
Nachusa2020_1917,7/22/2020,clear_creek_south,6,CRD,2:01:00 PM,2:25:00 PM,82,1,1,griseocollis,Female,MONFIS,,,
Nachusa2020_1918,7/22/2020,clear_creek_south,6,CRD,2:01:00 PM,2:25:00 PM,82,1,1,griseocollis,Female,MONFIS,,,
Nachusa2020_1919,7/22/2020,clear_creek_south,6,CRD,2:01:00 PM,2:25:00 PM,82,1,1,auricomus,Female,MONFIS,,,
Nachusa2020_1920,7/22/2020,clear_creek_south,6,CRD,2:01:00 PM,2:25:00 PM,82,1,1,impatiens,Female,MONFIS,,,
Nachusa2020_1921,7/22/2020,clear_creek_south,6,CRD,2:01:00 PM,2:25:00 PM,82,1,1,griseocollis,Female,MONFIS,,,
Nachusa2020_1922,7/22/2020,clear_creek_south,6,CRD,2:01:00 PM,2:25:00 PM,82,1,1,griseocollis,Female,MONFIS,,,
Nachusa2020_1923,7/22/2020,clear_creek_south,6,CRD,2:01:00 PM,2:25:00 PM,82,1,1,impatiens,Female,MONFIS,,,
Nachusa2020_1924,7/22/2020,clear_creek_south,6,CRD,2:01:00 PM,2:25:00 PM,82,1,1,auri/pens,Female,MONFIS,,,
Nachusa2020_1925,7/22/2020,clear_creek_south,6,CRD,2:01:00 PM,2:25:00 PM,82,1,1,impatiens,Female,MONFIS,,,
Nachusa2020_1926,7/22/2020,clear_creek_south,6,CRD,2:01:00 PM,2:25:00 PM,82,1,1,fervidus,Female,MONFIS,,,
Nachusa2020_1927,7/22/2020,clear_creek_south,6,CRD,2:01:00 PM,2:25:00 PM,82,1,1,impatiens,Female,MONFIS,,,
Nachusa2020_1928,7/22/2020,clear_creek_south,6,CRD,2:01:00 PM,2:25:00 PM,82,1,1,impatiens,Female,MONFIS,,,
Nachusa2020_1929,7/22/2020,clear_creek_south,6,CRD,2:01:00 PM,2:25:00 PM,82,1,1,impatiens,Female,MONFIS,,,
Nachusa2020_1930,7/22/2020,clear_creek_south,6,CRD,2:01:00 PM,2:25:00 PM,82,1,1,impatiens,Female,MONFIS,,,
Nachusa2020_1931,7/22/2020,clear_creek_south,6,CRD,2:01:00 PM,2:25:00 PM,82,1,1,griseocollis,Female,MONFIS,,,
Nachusa2020_1932,7/22/2020,clear_creek_south,6,CRD,2:01:00 PM,2:25:00 PM,82,1,1,impatiens,Female,MONFIS,,,
Nachusa2020_1933,7/22/2020,clear_creek_south,6,CRD,2:01:00 PM,2:25:00 PM,82,1,1,impatiens,Female,MONFIS,,,
Nachusa2020_1934,7/22/2020,clear_creek_south,6,CRD,2:01:00 PM,2:25:00 PM,82,1,1,griseocollis,Female,MONFIS,,,
Nachusa2020_1935,7/22/2020,clear_creek_south,6,CRD,2:01:00 PM,2:25:00 PM,82,1,1,griseocollis,Female,MONFIS,,,
Nachusa2020_1936,7/22/2020,clear_creek_south,6,CRD,2:01:00 PM,2:25:00 PM,82,1,1,griseocollis,Female,MONFIS,,,
Nachusa2020_1937,7/22/2020,clear_creek_south,6,CRD,2:01:00 PM,2:25:00 PM,82,1,1,auricomus,Female,MONFIS,,,
Nachusa2020_1938,7/22/2020,clear_creek_south,6,CRD,2:01:00 PM,2:25:00 PM,82,1,1,fervidus,Female,MONFIS,,,
Nachusa2020_1939,7/22/2020,clear_creek_south,6,CRD,2:01:00 PM,2:25:00 PM,82,1,1,impatiens,Female,MONFIS,,,
Nachusa2020_1940,7/22/2020,clear_creek_south,6,CRD,2:01:00 PM,2:25:00 PM,82,1,1,impatiens,Female,MONFIS,,,
Nachusa2020_1941,7/22/2020,clear_creek_south,6,CRD,2:01:00 PM,2:25:00 PM,82,1,1,impatiens,Female,MONFIS,,,
Nachusa2020_1942,7/22/2020,clear_creek_south,6,CRD,2:01:00 PM,2:25:00 PM,82,1,1,griseocollis,Female,MONFIS,,,
Nachusa2020_1943,7/22/2020,clear_creek_south,6,CRD,2:01:00 PM,2:25:00 PM,82,1,1,impatiens,Female,MONFIS,,,
Nachusa2020_1944,7/22/2020,clear_creek_south,6,CRD,2:01:00 PM,2:25:00 PM,82,1,1,impatiens,Female,MONFIS,,,
Nachusa2020_1945,7/22/2020,clear_creek_south,6,CRD,2:01:00 PM,2:25:00 PM,82,1,1,impatiens,Female,MONFIS,,,
Nachusa2020_1946,7/22/2020,clear_creek_south,6,CRD,2:01:00 PM,2:25:00 PM,82,1,1,impatiens,Female,MONFIS,,,
Nachusa2020_1947,7/22/2020,clear_creek_south,6,CRD,2:01:00 PM,2:25:00 PM,82,1,1,impatiens,Female,MONFIS,,,
Nachusa2020_1948,7/22/2020,clear_creek_south,6,CRD,2:01:00 PM,2:25:00 PM,82,1,1,bimaculatus,Female,MONFIS,,,
Nachusa2020_1949,7/22/2020,clear_creek_south,6,CRD,2:01:00 PM,2:25:00 PM,82,1,1,impatiens,Female,MONFIS,,,
Nachusa2020_1950,7/22/2020,clear_creek_south,6,CRD,2:01:00 PM,2:25:00 PM,82,1,1,impatiens,Female,MONFIS,,,
Nachusa2020_1951,7/22/2020,clear_creek_south,6,CRD,2:01:00 PM,2:25:00 PM,82,1,1,impatiens,Female,MONFIS,,,
Nachusa2020_1952,7/22/2020,clear_creek_south,6,CRD,2:01:00 PM,2:25:00 PM,82,1,1,impatiens,Female,MONFIS,,,
Nachusa2020_1953,7/22/2020,clear_creek_south,6,CRD,2:01:00 PM,2:25:00 PM,82,1,1,griseocollis,Female,MONFIS,,,
Nachusa2020_1954,7/22/2020,clear_creek_south,6,CRD,2:01:00 PM,2:25:00 PM,82,1,1,impatiens,Female,MONFIS,,,
Nachusa2020_1955,7/22/2020,clear_creek_south,6,CRD,2:01:00 PM,2:25:00 PM,82,1,1,griseocollis,Male,None,,,
Nachusa2020_1956,7/22/2020,clear_creek_south,6,CRD,2:01:00 PM,2:25:00 PM,82,1,1,impatiens,Female,MONFIS,,,
Nachusa2020_1957,7/22/2020,clear_creek_south,6,CRD,2:01:00 PM,2:25:00 PM,82,1,1,auricomus,Female,MONFIS,,,
Nachusa2020_1958,7/22/2020,clear_creek_south,6,CRD,2:01:00 PM,2:25:00 PM,82,1,1,auri/pens,Female,MONFIS,,,
Nachusa2020_1959,7/22/2020,clear_creek_south,6,CRD,2:01:00 PM,2:25:00 PM,82,1,1,griseocollis,Female,MONFIS,,,
Nachusa2020_1960,7/22/2020,clear_creek_south,6,CRD,2:01:00 PM,2:25:00 PM,82,1,1,impatiens,Female,MONFIS,,,
Nachusa2020_1961,7/22/2020,clear_creek_south,6,CRD,2:01:00 PM,2:25:00 PM,82,1,1,impatiens,Female,MONFIS,,,
Nachusa2020_1962,7/22/2020,clear_creek_south,6,CRD,2:01:00 PM,2:25:00 PM,82,1,1,auricomus,Female,MONFIS,,,
Nachusa2020_1963,7/23/2020,clear_creek_south,7,CRD,10:47:00 AM,11:08:00 AM,71,1,1,griseocollis,Female,MONFIS,,,
Nachusa2020_1964,7/23/2020,clear_creek_south,7,CRD,10:47:00 AM,11:08:00 AM,71,1,1,impatiens,Female,MONFIS,,,
Nachusa2020_1965,7/23/2020,clear_creek_south,7,CRD,10:47:00 AM,11:08:00 AM,71,1,1,vagans,Female,MONFIS,,,
Nachusa2020_1966,7/23/2020,clear_creek_south,7,CRD,10:47:00 AM,11:08:00 AM,71,1,1,impatiens,Female,MONFIS,,,
Nachusa2020_1967,7/23/2020,clear_creek_south,7,CRD,10:47:00 AM,11:08:00 AM,71,1,1,griseocollis,Male,MONFIS,,,
Nachusa2020_1968,7/23/2020,clear_creek_south,7,CRD,10:47:00 AM,11:08:00 AM,71,1,1,impatiens,Female,MONFIS,,,
Nachusa2020_1969,7/23/2020,clear_creek_south,7,CRD,10:47:00 AM,11:08:00 AM,71,1,1,impatiens,Female,MONFIS,,,
Nachusa2020_1970,7/23/2020,clear_creek_south,7,CRD,10:47:00 AM,11:08:00 AM,71,1,1,griseocollis,Female,MONFIS,,,
Nachusa2020_1971,7/23/2020,clear_creek_south,7,CRD,10:47:00 AM,11:08:00 AM,71,1,1,impatiens,Female,MONFIS,,,
Nachusa2020_1972,7/23/2020,clear_creek_south,7,CRD,10:47:00 AM,11:08:00 AM,71,1,1,impatiens,Female,MONFIS,,,
Nachusa2020_1973,7/23/2020,clear_creek_south,7,CRD,10:47:00 AM,11:08:00 AM,71,1,1,impatiens,Female,MONFIS,,,
Nachusa2020_1974,7/23/2020,clear_creek_south,7,CRD,10:47:00 AM,11:08:00 AM,71,1,1,impatiens,Female,MONFIS,,,
Nachusa2020_1975,7/23/2020,clear_creek_south,7,CRD,10:47:00 AM,11:08:00 AM,71,1,1,impatiens,Female,MONFIS,,,
Nachusa2020_1976,7/23/2020,clear_creek_south,7,CRD,10:47:00 AM,11:08:00 AM,71,1,1,impatiens,Female,MONFIS,,,
Nachusa2020_1977,7/23/2020,clear_creek_south,7,CRD,10:47:00 AM,11:08:00 AM,71,1,1,impatiens,Female,MONFIS,,,
Nachusa2020_1978,7/23/2020,clear_creek_south,7,CRD,10:47:00 AM,11:08:00 AM,71,1,1,impatiens,Female,MONFIS,,,
Nachusa2020_1979,7/23/2020,clear_creek_south,7,CRD,10:47:00 AM,11:08:00 AM,71,1,1,griseocollis,Female,MONFIS,,,
Nachusa2020_1980,7/23/2020,clear_creek_south,7,CRD,10:47:00 AM,11:08:00 AM,71,1,1,impatiens,Female,MONFIS,,,
Nachusa2020_1981,7/23/2020,clear_creek_south,7,CRD,10:47:00 AM,11:08:00 AM,71,1,1,impatiens,Female,MONFIS,,,
Nachusa2020_1982,7/23/2020,clear_creek_south,7,CRD,10:47:00 AM,11:08:00 AM,71,1,1,griseocollis,Female,MONFIS,,,
Nachusa2020_1983,7/23/2020,clear_creek_south,7,CRD,10:47:00 AM,11:08:00 AM,71,1,1,griseocollis,Female,MONFIS,,,
Nachusa2020_1984,7/23/2020,clear_creek_south,7,CRD,10:47:00 AM,11:08:00 AM,71,1,1,impatiens,Female,MONFIS,,,
Nachusa2020_1985,7/23/2020,clear_creek_south,7,CRD,10:47:00 AM,11:08:00 AM,71,1,1,impatiens,Female,MONFIS,,,
Nachusa2020_1986,7/23/2020,clear_creek_south,7,CRD,10:47:00 AM,11:08:00 AM,71,1,1,impatiens,Female,MONFIS,,,
Nachusa2020_1987,7/23/2020,clear_creek_south,7,CRD,10:47:00 AM,11:08:00 AM,71,1,1,impatiens,Female,MONFIS,,,
Nachusa2020_1988,7/23/2020,clear_creek_south,7,CRD,10:47:00 AM,11:08:00 AM,71,1,1,fervidus,Female,MONFIS,,,
Nachusa2020_1989,7/23/2020,clear_creek_south,7,CRD,10:47:00 AM,11:08:00 AM,71,1,1,impatiens,Female,MONFIS,,,
Nachusa2020_1990,7/23/2020,clear_creek_south,7,CRD,10:47:00 AM,11:08:00 AM,71,1,1,griseocollis,Female,MONFIS,,,
Nachusa2020_1991,7/23/2020,clear_creek_south,7,CRD,10:47:00 AM,11:08:00 AM,71,1,1,impatiens,Female,MONFIS,,,
Nachusa2020_1992,7/23/2020,clear_creek_south,7,CRD,10:47:00 AM,11:08:00 AM,71,1,1,impatiens,Female,MONFIS,,,
Nachusa2020_1993,7/23/2020,clear_creek_south,7,CRD,10:47:00 AM,11:08:00 AM,71,1,1,impatiens,Female,MONFIS,,,
Nachusa2020_1994,7/23/2020,clear_creek_south,7,CRD,10:47:00 AM,11:08:00 AM,71,1,1,impatiens,Female,MONFIS,,,
Nachusa2020_1995,7/23/2020,clear_creek_south,7,CRD,10:47:00 AM,11:08:00 AM,71,1,1,griseocollis,Female,MONFIS,,,
Nachusa2020_1996,7/23/2020,clear_creek_south,7,CRD,10:47:00 AM,11:08:00 AM,71,1,1,griseocollis,Female,MONFIS,,,
Nachusa2020_1997,7/23/2020,clear_creek_south,7,CRD,10:47:00 AM,11:08:00 AM,71,1,1,impatiens,Female,MONFIS,,,
Nachusa2020_1998,7/23/2020,clear_creek_south,7,CRD,10:47:00 AM,11:08:00 AM,71,1,1,impatiens,Female,MONFIS,,,
Nachusa2020_1999,7/23/2020,clear_creek_south,7,CRD,10:47:00 AM,11:08:00 AM,71,1,1,impatiens,Female,MONFIS,,,
Nachusa2020_2000,7/23/2020,clear_creek_south,7,CRD,10:47:00 AM,11:08:00 AM,71,1,1,impatiens,Female,MONFIS,,,
Nachusa2020_2001,7/23/2020,clear_creek_south,7,CRD,10:47:00 AM,11:08:00 AM,71,1,1,fervidus,Female,MONFIS,,,
Nachusa2020_2002,7/23/2020,clear_creek_south,7,CRD,10:47:00 AM,11:08:00 AM,71,1,1,impatiens,Female,MONFIS,,,
Nachusa2020_2003,7/23/2020,clear_creek_south,7,CRD,10:47:00 AM,11:08:00 AM,71,1,1,griseocollis,Female,MONFIS,,,
Nachusa2020_2004,7/23/2020,clear_creek_south,7,CRD,10:47:00 AM,11:08:00 AM,71,1,1,griseocollis,Female,MONFIS,,,
Nachusa2020_2005,7/23/2020,clear_creek_south,7,CRD,10:47:00 AM,11:08:00 AM,71,1,1,griseocollis,Female,MONFIS,,,
Nachusa2020_2006,7/23/2020,clear_creek_south,7,CRD,10:47:00 AM,11:08:00 AM,71,1,1,impatiens,Female,MONFIS,,,
Nachusa2020_2007,7/23/2020,clear_creek_south,7,CRD,10:47:00 AM,11:08:00 AM,71,1,1,impatiens,Female,MONFIS,,,
Nachusa2020_2008,7/23/2020,clear_creek_south,7,CRD,10:47:00 AM,11:08:00 AM,71,1,1,impatiens,Female,MONFIS,,,
Nachusa2020_2009,7/23/2020,clear_creek_south,7,CRD,10:47:00 AM,11:08:00 AM,71,1,1,impatiens,Female,MONFIS,,,
Nachusa2020_2010,7/23/2020,clear_creek_south,7,CRD,10:47:00 AM,11:08:00 AM,71,1,1,griseocollis,Female,MONFIS,,,
Nachusa2020_2011,7/23/2020,clear_creek_south,7,CRD,10:47:00 AM,11:08:00 AM,71,1,1,impatiens,Female,MONFIS,,,
Nachusa2020_2012,7/23/2020,clear_creek_south,7,CRD,10:47:00 AM,11:08:00 AM,71,1,1,griseocollis,Female,MONFIS,,,
Nachusa2020_2013,7/23/2020,clear_creek_south,7,CRD,10:47:00 AM,11:08:00 AM,71,1,1,impatiens,Female,MONFIS,,,
Nachusa2020_2014,7/23/2020,clear_creek_south,7,CRD,10:47:00 AM,11:08:00 AM,71,1,1,impatiens,Female,MONFIS,,,
Nachusa2020_2015,7/23/2020,clear_creek_south,7,CRD,10:47:00 AM,11:08:00 AM,71,1,1,impatiens,Female,MONFIS,,,
Nachusa2020_2016,7/23/2020,clear_creek_south,7,CRD,10:47:00 AM,11:08:00 AM,71,1,1,griseocollis,Female,MONFIS,,,
Nachusa2020_2017,7/23/2020,clear_creek_south,7,CRD,10:47:00 AM,11:08:00 AM,71,1,1,impatiens,Female,MONFIS,,,
Nachusa2020_2018,7/23/2020,clear_creek_south,7,CRD,10:47:00 AM,11:08:00 AM,71,1,1,impatiens,Female,MONFIS,,,
Nachusa2020_2019,7/23/2020,clear_creek_south,7,CRD,10:47:00 AM,11:08:00 AM,71,1,1,griseocollis,Female,MONFIS,,,
Nachusa2020_2020,7/23/2020,clear_creek_south,7,CRD,10:47:00 AM,11:08:00 AM,71,1,1,griseocollis,Female,MONFIS,,,
Nachusa2020_2021,7/23/2020,clear_creek_south,7,CRD,10:47:00 AM,11:08:00 AM,71,1,1,impatiens,Female,MONFIS,,,
Nachusa2020_2022,7/23/2020,clear_creek_knolls,3,CRD,11:56:00 AM,12:20:00 PM,74,2,2,vagans,Female,LIAPYC,,,specimen needs ID
Nachusa2020_2023,7/23/2020,clear_creek_knolls,3,CRD,11:56:00 AM,12:20:00 PM,74,2,2,vagans,Female,RATPIN,,,
Nachusa2020_2024,7/23/2020,clear_creek_knolls,3,CRD,11:56:00 AM,12:20:00 PM,74,2,2,rufocinctus,Female,DALPUR,,,
Nachusa2020_2025,7/23/2020,clear_creek_knolls,3,CRD,11:56:00 AM,12:20:00 PM,74,2,2,griseocollis,Female,LIAPYC,,,
Nachusa2020_2026,7/23/2020,clear_creek_knolls,3,CRD,11:56:00 AM,12:20:00 PM,74,2,2,impatiens,Female,LIAPYC,,,
Nachusa2020_2027,7/23/2020,clear_creek_knolls,3,CRD,11:56:00 AM,12:20:00 PM,74,2,2,rufocinctus,Female,RATPIN,,,
Nachusa2020_2028,7/23/2020,clear_creek_knolls,3,CRD,11:56:00 AM,12:20:00 PM,74,2,2,Bombus sp.,unknown,LIAPYC,,,"NO ID, extremely worn"
Nachusa2020_2029,7/23/2020,clear_creek_knolls,3,CRD,11:56:00 AM,12:20:00 PM,74,2,2,vagans,Female,RATPIN,,,
Nachusa2020_2030,7/23/2020,flag_lowden,3,CRD,1:14:00 PM,1:35:00 PM,75,2,2,impatiens,Female,MONFIS,,,
Nachusa2020_2031,7/23/2020,flag_lowden,3,CRD,1:14:00 PM,1:35:00 PM,75,2,2,rufocinctus,Female,RATPIN,,,
Nachusa2020_2032,7/23/2020,flag_lowden,3,CRD,1:14:00 PM,1:35:00 PM,75,2,2,griseocollis,Female,MONFIS,,,
Nachusa2020_2033,7/23/2020,flag_lowden,3,CRD,1:14:00 PM,1:35:00 PM,75,2,2,griseocollis,Female,MONFIS,,,
Nachusa2020_2034,7/23/2020,flag_lowden,3,CRD,1:14:00 PM,1:35:00 PM,75,2,2,auricomus,Male,RATPIN,,,perched; specimen taken
Nachusa2020_2035,7/23/2020,flag_lowden,3,CRD,1:14:00 PM,1:35:00 PM,75,2,2,rufocinctus,Female,RATPIN,,,
Nachusa2020_2036,7/24/2020,big_jump_center,1,CRD,9:19:00 AM,9:48:00 AM,71,1,1,impatiens,Female,MONFIS,,,
Nachusa2020_2037,7/24/2020,big_jump_center,1,CRD,9:19:00 AM,9:48:00 AM,71,1,1,impatiens,Female,MONFIS,,,
Nachusa2020_2038,7/24/2020,big_jump_center,1,CRD,9:19:00 AM,9:48:00 AM,71,1,1,auricomus,Female,MONFIS,,,
Nachusa2020_2039,7/24/2020,big_jump_center,1,CRD,9:19:00 AM,9:48:00 AM,71,1,1,impatiens,Female,MONFIS,,,
Nachusa2020_2040,7/24/2020,big_jump_center,1,CRD,9:19:00 AM,9:48:00 AM,71,1,1,impatiens,Female,MONFIS,,,
Nachusa2020_2041,7/24/2020,big_jump_center,1,CRD,9:19:00 AM,9:48:00 AM,71,1,1,bimaculatus,Female,MONFIS,,,
Nachusa2020_2042,7/24/2020,big_jump_center,1,CRD,9:19:00 AM,9:48:00 AM,71,1,1,vagans,Female,DESCAN,,,
Nachusa2020_2043,7/24/2020,big_jump_center,1,CRD,9:19:00 AM,9:48:00 AM,71,1,1,griseocollis,Female,MONFIS,,,
Nachusa2020_2044,7/24/2020,big_jump_center,1,CRD,9:19:00 AM,9:48:00 AM,71,1,1,impatiens,Female,MONFIS,,,
Nachusa2020_2045,7/24/2020,big_jump_center,1,CRD,9:19:00 AM,9:48:00 AM,71,1,1,impatiens,Female,MONFIS,,,
Nachusa2020_2046,7/24/2020,big_jump_center,1,CRD,9:19:00 AM,9:48:00 AM,71,1,1,griseocollis,Female,MONFIS,,,
Nachusa2020_2047,7/24/2020,big_jump_center,1,CRD,9:19:00 AM,9:48:00 AM,71,1,1,vagans,Female,MONFIS,,,
Nachusa2020_2048,7/24/2020,big_jump_center,1,CRD,9:19:00 AM,9:48:00 AM,71,1,1,griseocollis,Female,MONFIS,,,
Nachusa2020_2049,7/24/2020,big_jump_center,1,CRD,9:19:00 AM,9:48:00 AM,71,1,1,vagans,Female,MONFIS,,,
Nachusa2020_2050,7/24/2020,big_jump_center,1,CRD,9:19:00 AM,9:48:00 AM,71,1,1,auricomus,Male,None,,,specimen taken
Nachusa2020_2051,7/24/2020,big_jump_center,1,CRD,9:19:00 AM,9:48:00 AM,71,1,1,auricomus,Female,MONFIS,,,MITES
Nachusa2020_2052,7/24/2020,big_jump_center,1,CRD,9:19:00 AM,9:48:00 AM,71,1,1,impatiens,Female,MONFIS,,,
Nachusa2020_2053,7/24/2020,big_jump_center,1,CRD,9:19:00 AM,9:48:00 AM,71,1,1,auricomus,Female,MONFIS,,,
Nachusa2020_2054,7/24/2020,big_jump_center,1,CRD,9:19:00 AM,9:48:00 AM,71,1,1,bimaculatus,Female,MONFIS,,,
Nachusa2020_2055,7/24/2020,big_jump_center,1,CRD,9:19:00 AM,9:48:00 AM,71,1,1,impatiens,Female,MONFIS,,,
Nachusa2020_2056,7/24/2020,big_jump_center,1,CRD,9:19:00 AM,9:48:00 AM,71,1,1,griseocollis,Female,MONFIS,,,
Nachusa2020_2057,7/24/2020,big_jump_center,1,CRD,9:19:00 AM,9:48:00 AM,71,1,1,impatiens,Female,MONFIS,,,
Nachusa2020_2058,7/24/2020,big_jump_center,1,CRD,9:19:00 AM,9:48:00 AM,71,1,1,impatiens,Female,MONFIS,,,
Nachusa2020_2059,7/24/2020,big_jump_center,1,CRD,9:19:00 AM,9:48:00 AM,71,1,1,griseocollis,Female,MONFIS,,,
Nachusa2020_2060,7/24/2020,big_jump_center,1,CRD,9:19:00 AM,9:48:00 AM,71,1,1,griseocollis,Female,MONFIS,,,
Nachusa2020_2061,7/24/2020,big_jump_center,1,CRD,9:19:00 AM,9:48:00 AM,71,1,1,impatiens,Female,MONFIS,,,
Nachusa2020_2062,7/24/2020,big_jump_center,1,CRD,9:19:00 AM,9:48:00 AM,71,1,1,impatiens,Female,MONFIS,,,
Nachusa2020_2063,7/24/2020,big_jump_center,1,CRD,9:19:00 AM,9:48:00 AM,71,1,1,vagans,Female,MONFIS,,,
Nachusa2020_2064,7/24/2020,big_jump_center,1,CRD,9:19:00 AM,9:48:00 AM,71,1,1,rufocinctus,Female,RATPIN,,,
Nachusa2020_2065,7/24/2020,big_jump_center,1,CRD,9:19:00 AM,9:48:00 AM,71,1,1,impatiens,Female,MONFIS,,,
Nachusa2020_2066,7/24/2020,big_jump_center,1,CRD,9:19:00 AM,9:48:00 AM,71,1,1,auri/pens,Female,MONFIS,,,
Nachusa2020_2067,7/24/2020,big_jump_center,1,CRD,9:19:00 AM,9:48:00 AM,71,1,1,impatiens,Female,MONFIS,,,
Nachusa2020_2068,7/24/2020,big_jump_center,1,CRD,9:19:00 AM,9:48:00 AM,71,1,1,vagans,Female,MONFIS,,,
Nachusa2020_2069,7/24/2020,big_jump_center,1,CRD,9:19:00 AM,9:48:00 AM,71,1,1,vagans,Female,MONFIS,,,
Nachusa2020_2070,7/24/2020,big_jump_east,2,CRD,10:33:00 AM,10:58:00 AM,76,1,1,impatiens,Female,MONFIS,,,
Nachusa2020_2071,7/24/2020,big_jump_east,2,CRD,10:33:00 AM,10:58:00 AM,76,1,1,impatiens,Female,MONFIS,,,
Nachusa2020_2072,7/24/2020,big_jump_east,2,CRD,10:33:00 AM,10:58:00 AM,76,1,1,impatiens,Female,MONFIS,,,
Nachusa2020_2073,7/24/2020,big_jump_east,2,CRD,10:33:00 AM,10:58:00 AM,76,1,1,griseocollis,Male,MONFIS,,,
Nachusa2020_2074,7/24/2020,big_jump_east,2,CRD,10:33:00 AM,10:58:00 AM,76,1,1,vagans,Female,MONFIS,,,
Nachusa2020_2075,7/24/2020,big_jump_east,2,CRD,10:33:00 AM,10:58:00 AM,76,1,1,griseocollis,Female,MONFIS,,,
Nachusa2020_2076,7/24/2020,big_jump_east,2,CRD,10:33:00 AM,10:58:00 AM,76,1,1,impatiens,Female,MONFIS,,,
Nachusa2020_2077,7/24/2020,big_jump_east,2,CRD,10:33:00 AM,10:58:00 AM,76,1,1,impatiens,Female,MONFIS,,,
Nachusa2020_2078,7/24/2020,big_jump_east,2,CRD,10:33:00 AM,10:58:00 AM,76,1,1,impatiens,Female,MONFIS,,,
Nachusa2020_2079,7/24/2020,big_jump_east,2,CRD,10:33:00 AM,10:58:00 AM,76,1,1,impatiens,Female,MONFIS,,,
Nachusa2020_2080,7/24/2020,big_jump_east,2,CRD,10:33:00 AM,10:58:00 AM,76,1,1,impatiens,Female,MONFIS,,,
Nachusa2020_2081,7/24/2020,big_jump_east,2,CRD,10:33:00 AM,10:58:00 AM,76,1,1,impatiens,Female,MONFIS,,,
Nachusa2020_2082,7/24/2020,big_jump_east,2,CRD,10:33:00 AM,10:58:00 AM,76,1,1,impatiens,Female,MONFIS,,,
Nachusa2020_2083,7/24/2020,big_jump_east,2,CRD,10:33:00 AM,10:58:00 AM,76,1,1,impatiens,Female,MONFIS,,,
Nachusa2020_2084,7/24/2020,big_jump_east,2,CRD,10:33:00 AM,10:58:00 AM,76,1,1,bimaculatus,Female,MONFIS,,,
Nachusa2020_2085,7/24/2020,big_jump_east,2,CRD,10:33:00 AM,10:58:00 AM,76,1,1,impatiens,Female,MONFIS,,,
Nachusa2020_2086,7/24/2020,big_jump_east,2,CRD,10:33:00 AM,10:58:00 AM,76,1,1,fervidus,Female,MONFIS,,,
Nachusa2020_2087,7/24/2020,big_jump_east,2,CRD,10:33:00 AM,10:58:00 AM,76,1,1,impatiens,Female,MONFIS,,,
Nachusa2020_2088,7/24/2020,big_jump_east,2,CRD,10:33:00 AM,10:58:00 AM,76,1,1,auricomus,Female,MONFIS,,,
Nachusa2020_2089,7/24/2020,big_jump_east,2,CRD,10:33:00 AM,10:58:00 AM,76,1,1,fervidus,Female,MONFIS,,,
Nachusa2020_2090,7/24/2020,big_jump_east,2,CRD,10:33:00 AM,10:58:00 AM,76,1,1,impatiens,Female,HYPPER,,,
Nachusa2020_2091,7/24/2020,big_jump_east,2,CRD,10:33:00 AM,10:58:00 AM,76,1,1,impatiens,Female,MONFIS,,,
Nachusa2020_2092,7/24/2020,big_jump_east,2,CRD,10:33:00 AM,10:58:00 AM,76,1,1,impatiens,Female,MONFIS,,,
Nachusa2020_2093,7/24/2020,big_jump_east,2,CRD,10:33:00 AM,10:58:00 AM,76,1,1,griseocollis,Female,MONFIS,,,
Nachusa2020_2094,7/24/2020,big_jump_east,2,CRD,10:33:00 AM,10:58:00 AM,76,1,1,impatiens,Female,MONFIS,,,
Nachusa2020_2095,7/24/2020,big_jump_east,2,CRD,10:33:00 AM,10:58:00 AM,76,1,1,impatiens,Female,MONFIS,,,
Nachusa2020_2096,7/24/2020,big_jump_east,2,CRD,10:33:00 AM,10:58:00 AM,76,1,1,auri/pens,Female,MONFIS,,,
Nachusa2020_2097,7/24/2020,big_jump_east,2,CRD,10:33:00 AM,10:58:00 AM,76,1,1,griseocollis,Female,MONFIS,,,
Nachusa2020_2098,7/24/2020,big_jump_east,2,CRD,10:33:00 AM,10:58:00 AM,76,1,1,griseocollis,Female,MONFIS,,,
Nachusa2020_2099,7/24/2020,big_jump_east,2,CRD,10:33:00 AM,10:58:00 AM,76,1,1,impatiens,Female,MONFIS,,,
Nachusa2020_2100,7/24/2020,big_jump_east,2,CRD,10:33:00 AM,10:58:00 AM,76,1,1,impatiens,Female,MONFIS,,,
Nachusa2020_2101,7/24/2020,big_jump_east,2,CRD,10:33:00 AM,10:58:00 AM,76,1,1,impatiens,Female,MONFIS,,,
Nachusa2020_2102,7/24/2020,big_jump_east,2,CRD,10:33:00 AM,10:58:00 AM,76,1,1,impatiens,Female,MONFIS,,,
Nachusa2020_2103,7/24/2020,big_jump_east,2,CRD,10:33:00 AM,10:58:00 AM,76,1,1,impatiens,Female,MONFIS,,,
Nachusa2020_2104,7/24/2020,big_jump_east,2,CRD,10:33:00 AM,10:58:00 AM,76,1,1,impatiens,Female,MONFIS,,,
Nachusa2020_2105,7/24/2020,big_jump_east,2,CRD,10:33:00 AM,10:58:00 AM,76,1,1,auricomus,Female,MONFIS,,,
Nachusa2020_2106,7/24/2020,big_jump_east,2,CRD,10:33:00 AM,10:58:00 AM,76,1,1,auri/pens,Female,MONFIS,,,
Nachusa2020_2107,7/24/2020,big_jump_east,2,CRD,10:33:00 AM,10:58:00 AM,76,1,1,fervidus,Female,MONFIS,,,
Nachusa2020_2108,7/24/2020,big_jump_east,2,CRD,10:33:00 AM,10:58:00 AM,76,1,1,impatiens,Female,MONFIS,,,
Nachusa2020_2109,7/24/2020,big_jump_east,2,CRD,10:33:00 AM,10:58:00 AM,76,1,1,impatiens,Female,MONFIS,,,
Nachusa2020_2110,7/24/2020,big_jump_east,2,CRD,10:33:00 AM,10:58:00 AM,76,1,1,impatiens,Female,MONFIS,,,
Nachusa2020_2111,7/24/2020,big_jump_east,2,CRD,10:33:00 AM,10:58:00 AM,76,1,1,impatiens,Female,MONFIS,,,
Nachusa2020_2112,7/24/2020,big_jump_east,2,CRD,10:33:00 AM,10:58:00 AM,76,1,1,impatiens,Female,MONFIS,,,
Nachusa2020_2113,7/24/2020,big_jump_east,2,CRD,10:33:00 AM,10:58:00 AM,76,1,1,impatiens,Female,MONFIS,,,
Nachusa2020_2114,7/24/2020,big_jump_east,2,CRD,10:33:00 AM,10:58:00 AM,76,1,1,impatiens,Female,MONFIS,,,
Nachusa2020_2115,7/24/2020,big_jump_east,2,CRD,10:33:00 AM,10:58:00 AM,76,1,1,impatiens,Female,MONFIS,,,
Nachusa2020_2116,7/24/2020,big_jump_east,2,CRD,10:33:00 AM,10:58:00 AM,76,1,1,impatiens,Female,MONFIS,,,
Nachusa2020_2117,7/24/2020,big_jump_east,2,CRD,10:33:00 AM,10:58:00 AM,76,1,1,griseocollis,Female,MONFIS,,,
Nachusa2020_2118,7/24/2020,big_jump_east,2,CRD,10:33:00 AM,10:58:00 AM,76,1,1,griseocollis,Female,MONFIS,,,
Nachusa2020_2119,7/24/2020,big_jump_east,2,CRD,10:33:00 AM,10:58:00 AM,76,1,1,fervidus,Female,MONFIS,,,
Nachusa2020_2120,7/24/2020,big_jump_east,2,CRD,10:33:00 AM,10:58:00 AM,76,1,1,fervidus,Female,MONFIS,,,
Nachusa2020_2121,7/24/2020,big_jump_east,2,CRD,10:33:00 AM,10:58:00 AM,76,1,1,griseocollis,Female,MONFIS,,,
Nachusa2020_2122,7/24/2020,big_jump_east,2,CRD,10:33:00 AM,10:58:00 AM,76,1,1,impatiens,Female,MONFIS,,,
Nachusa2020_2123,7/24/2020,big_jump_east,2,CRD,10:33:00 AM,10:58:00 AM,76,1,1,impatiens,Female,MONFIS,,,
Nachusa2020_2124,7/24/2020,big_jump_east,2,CRD,10:33:00 AM,10:58:00 AM,76,1,1,impatiens,Female,MONFIS,,,
Nachusa2020_2125,7/24/2020,big_jump_east,2,CRD,10:33:00 AM,10:58:00 AM,76,1,1,impatiens,Female,MONFIS,,,
Nachusa2020_2126,7/24/2020,big_jump_east,2,CRD,10:33:00 AM,10:58:00 AM,76,1,1,auricomus,Female,MONFIS,,,
Nachusa2020_2127,7/24/2020,big_jump_east,2,CRD,10:33:00 AM,10:58:00 AM,76,1,1,fervidus,Female,MONFIS,,,
Nachusa2020_2128,7/24/2020,big_jump_east,2,CRD,10:33:00 AM,10:58:00 AM,76,1,1,griseocollis,Female,MONFIS,,,
Nachusa2020_2129,7/24/2020,big_jump_east,2,CRD,10:33:00 AM,10:58:00 AM,76,1,1,bimaculatus,Female,MONFIS,,,
Nachusa2020_2130,7/24/2020,big_jump_east,2,CRD,10:33:00 AM,10:58:00 AM,76,1,1,impatiens,Female,MONFIS,,,
Nachusa2020_2131,7/24/2020,big_jump_east,2,CRD,10:33:00 AM,10:58:00 AM,76,1,1,impatiens,Female,MONFIS,,,
Nachusa2020_2132,7/24/2020,big_jump_east,2,CRD,10:33:00 AM,10:58:00 AM,76,1,1,impatiens,Female,SOLCAR,,,
Nachusa2020_2133,7/24/2020,big_jump_east,2,CRD,10:33:00 AM,10:58:00 AM,76,1,1,bimaculatus,Female,MONFIS,,,
Nachusa2020_2134,7/24/2020,big_jump_east,2,CRD,10:33:00 AM,10:58:00 AM,76,1,1,bimaculatus,Female,MONFIS,,,
Nachusa2020_2135,7/24/2020,big_jump_east,2,CRD,10:33:00 AM,10:58:00 AM,76,1,1,bimaculatus,Female,MONFIS,,,
Nachusa2020_2136,7/24/2020,big_jump_east,2,CRD,10:33:00 AM,10:58:00 AM,76,1,1,rufocinctus,Female,MONFIS,,,
Nachusa2020_2137,7/24/2020,big_jump_east,2,CRD,10:33:00 AM,10:58:00 AM,76,1,1,impatiens,Female,MONFIS,,,
Nachusa2020_2138,7/24/2020,big_jump_east,2,CRD,10:33:00 AM,10:58:00 AM,76,1,1,griseocollis,Female,MONFIS,,,
Nachusa2020_2139,7/24/2020,big_jump_east,2,CRD,10:33:00 AM,10:58:00 AM,76,1,1,impatiens,Female,MONFIS,,,
Nachusa2020_2140,7/24/2020,big_jump_east,2,CRD,10:33:00 AM,10:58:00 AM,76,1,1,griseocollis,Female,MONFIS,,,
Nachusa2020_2141,7/24/2020,big_jump_east,2,CRD,10:33:00 AM,10:58:00 AM,76,1,1,impatiens,Female,MONFIS,,,
Nachusa2020_2142,7/24/2020,big_jump_east,2,CRD,10:33:00 AM,10:58:00 AM,76,1,1,impatiens,Female,MONFIS,,,
Nachusa2020_2143,7/24/2020,big_jump_east,2,CRD,10:33:00 AM,10:58:00 AM,76,1,1,rufocinctus,Female,RATPIN,,,
Nachusa2020_2144,7/24/2020,big_jump_east,2,CRD,10:33:00 AM,10:58:00 AM,76,1,1,impatiens,Female,MONFIS,,,
Nachusa2020_2145,7/24/2020,big_jump_east,2,CRD,10:33:00 AM,10:58:00 AM,76,1,1,impatiens,Female,MONFIS,,,
Nachusa2020_2146,7/24/2020,big_jump_east,2,CRD,10:33:00 AM,10:58:00 AM,76,1,1,impatiens,Female,MONFIS,,,
Nachusa2020_2147,7/24/2020,big_jump_east,2,CRD,10:33:00 AM,10:58:00 AM,76,1,1,auricomus,Female,MONFIS,,,
Nachusa2020_2148,7/24/2020,big_jump_east,2,CRD,10:33:00 AM,10:58:00 AM,76,1,1,impatiens,Female,MONFIS,,,
Nachusa2020_2149,7/24/2020,big_jump_east,2,CRD,10:33:00 AM,10:58:00 AM,76,1,1,impatiens,Female,MONFIS,,,
Nachusa2020_2150,7/24/2020,big_jump_east,2,CRD,10:33:00 AM,10:58:00 AM,76,1,1,griseocollis,Female,MONFIS,,,
Nachusa2020_2151,7/24/2020,big_jump_east,2,CRD,10:33:00 AM,10:58:00 AM,76,1,1,auri/pens,Female,MONFIS,,,
Nachusa2020_2152,7/24/2020,big_jump_east,2,CRD,10:33:00 AM,10:58:00 AM,76,1,1,impatiens,Female,MONFIS,,,
Nachusa2020_2153,7/24/2020,big_jump_east,2,CRD,10:33:00 AM,10:58:00 AM,76,1,1,griseocollis,Female,MONFIS,,,
Nachusa2020_2154,7/24/2020,clear_creek_south,8,CRD,11:49:00 AM,12:10:00 PM,78,1,1,impatiens,Female,MONFIS,,,
Nachusa2020_2155,7/24/2020,clear_creek_south,8,CRD,11:49:00 AM,12:10:00 PM,78,1,1,griseocollis,Female,MONFIS,,,
Nachusa2020_2156,7/24/2020,clear_creek_south,8,CRD,11:49:00 AM,12:10:00 PM,78,1,1,griseocollis,Female,MONFIS,,,
Nachusa2020_2157,7/24/2020,clear_creek_south,8,CRD,11:49:00 AM,12:10:00 PM,78,1,1,griseocollis,Female,MONFIS,,,
Nachusa2020_2158,7/24/2020,clear_creek_south,8,CRD,11:49:00 AM,12:10:00 PM,78,1,1,auricomus,Female,MONFIS,,,
Nachusa2020_2159,7/24/2020,clear_creek_south,8,CRD,11:49:00 AM,12:10:00 PM,78,1,1,griseocollis,Female,MONFIS,,,
Nachusa2020_2160,7/24/2020,clear_creek_south,8,CRD,11:49:00 AM,12:10:00 PM,78,1,1,rufocinctus,Female,RATPIN,,,
Nachusa2020_2161,7/24/2020,clear_creek_south,8,CRD,11:49:00 AM,12:10:00 PM,78,1,1,griseocollis,Female,MONFIS,,,
Nachusa2020_2162,7/24/2020,clear_creek_south,8,CRD,11:49:00 AM,12:10:00 PM,78,1,1,griseocollis,Female,MONFIS,,,
Nachusa2020_2163,7/24/2020,clear_creek_south,8,CRD,11:49:00 AM,12:10:00 PM,78,1,1,impatiens,Female,MONFIS,,,
Nachusa2020_2164,7/24/2020,clear_creek_south,8,CRD,11:49:00 AM,12:10:00 PM,78,1,1,impatiens,Female,MONFIS,,,
Nachusa2020_2165,7/24/2020,clear_creek_south,8,CRD,11:49:00 AM,12:10:00 PM,78,1,1,vagans,Female,MONFIS,,,
Nachusa2020_2166,7/24/2020,clear_creek_south,8,CRD,11:49:00 AM,12:10:00 PM,78,1,1,impatiens,Female,MONFIS,,,
Nachusa2020_2167,7/24/2020,clear_creek_south,8,CRD,11:49:00 AM,12:10:00 PM,78,1,1,auricomus,Female,MONFIS,,,
Nachusa2020_2168,7/24/2020,clear_creek_south,8,CRD,11:49:00 AM,12:10:00 PM,78,1,1,griseocollis,Female,MONFIS,,,
Nachusa2020_2169,7/24/2020,clear_creek_south,8,CRD,11:49:00 AM,12:10:00 PM,78,1,1,griseocollis,Female,MONFIS,,,
Nachusa2020_2170,7/24/2020,clear_creek_south,8,CRD,11:49:00 AM,12:10:00 PM,78,1,1,rufocinctus,Female,HELHEL,,,
Nachusa2020_2171,7/24/2020,clear_creek_south,8,CRD,11:49:00 AM,12:10:00 PM,78,1,1,griseocollis,Female,MONFIS,,,
Nachusa2020_2172,7/24/2020,clear_creek_south,8,CRD,11:49:00 AM,12:10:00 PM,78,1,1,auricomus,Female,MONFIS,,,
Nachusa2020_2173,7/24/2020,clear_creek_south,8,CRD,11:49:00 AM,12:10:00 PM,78,1,1,auri/pens,Female,MONFIS,,,
Nachusa2020_2174,7/24/2020,clear_creek_south,8,CRD,11:49:00 AM,12:10:00 PM,78,1,1,griseocollis,Female,MONFIS,,,
Nachusa2020_2175,7/24/2020,clear_creek_south,8,CRD,11:49:00 AM,12:10:00 PM,78,1,1,auri/pens,Female,MONFIS,,,
Nachusa2020_2176,7/24/2020,clear_creek_south,8,CRD,11:49:00 AM,12:10:00 PM,78,1,1,griseocollis,Female,MONFIS,,,
Nachusa2020_2177,7/24/2020,clear_creek_south,8,CRD,11:49:00 AM,12:10:00 PM,78,1,1,auri/pens,Female,MONFIS,,,
Nachusa2020_2178,7/24/2020,clear_creek_south,8,CRD,11:49:00 AM,12:10:00 PM,78,1,1,griseocollis,Female,MONFIS,,,
Nachusa2020_2179,7/24/2020,clear_creek_south,8,CRD,11:49:00 AM,12:10:00 PM,78,1,1,griseocollis,Female,MONFIS,,,
Nachusa2020_2180,7/24/2020,clear_creek_south,8,CRD,11:49:00 AM,12:10:00 PM,78,1,1,auricomus,Female,MONFIS,,,
Nachusa2020_2181,7/24/2020,clear_creek_south,8,CRD,11:49:00 AM,12:10:00 PM,78,1,1,impatiens,Female,MONFIS,,,
Nachusa2020_2182,7/24/2020,clear_creek_south,8,CRD,11:49:00 AM,12:10:00 PM,78,1,1,griseocollis,Female,MONFIS,,,
Nachusa2020_2183,7/24/2020,clear_creek_south,8,CRD,11:49:00 AM,12:10:00 PM,78,1,1,auricomus,Female,MONFIS,,,
Nachusa2020_2184,7/24/2020,clear_creek_south,8,CRD,11:49:00 AM,12:10:00 PM,78,1,1,griseocollis,Female,MONFIS,,,
Nachusa2020_2185,7/24/2020,clear_creek_south,8,CRD,11:49:00 AM,12:10:00 PM,78,1,1,griseocollis,Female,MONFIS,,,
Nachusa2020_2186,7/24/2020,clear_creek_south,8,CRD,11:49:00 AM,12:10:00 PM,78,1,1,griseocollis,Female,MONFIS,,,
Nachusa2020_2187,7/24/2020,clear_creek_south,8,CRD,11:49:00 AM,12:10:00 PM,78,1,1,rufocinctus,Female,RATPIN,,,
Nachusa2020_2188,7/24/2020,clear_creek_south,8,CRD,11:49:00 AM,12:10:00 PM,78,1,1,griseocollis,Female,MONFIS,,,
Nachusa2020_2189,7/24/2020,clear_creek_south,8,CRD,11:49:00 AM,12:10:00 PM,78,1,1,auri/pens,Female,MONFIS,,,
Nachusa2020_2190,7/24/2020,clear_creek_south,8,CRD,11:49:00 AM,12:10:00 PM,78,1,1,griseocollis,Female,DAUCAR,,,
Nachusa2020_2191,7/24/2020,clear_creek_south,8,CRD,11:49:00 AM,12:10:00 PM,78,1,1,griseocollis,Female,MONFIS,,,
Nachusa2020_2192,7/24/2020,clear_creek_south,8,CRD,11:49:00 AM,12:10:00 PM,78,1,1,fervidus,Female,MONFIS,,,
Nachusa2020_2193,7/27/2020,sengers,3,CRD,3:27:00 PM,3:47:00 PM,82,1,1,rufocinctus,Female,RATPIN,,,
Nachusa2020_2194,7/27/2020,sengers,3,CRD,3:27:00 PM,3:47:00 PM,82,1,1,griseocollis,Female,RATPIN,,,
Nachusa2020_2195,7/27/2020,sengers,3,CRD,3:27:00 PM,3:47:00 PM,82,1,1,griseocollis,Female,RATPIN,,,
Nachusa2020_2196,7/27/2020,sengers,3,CRD,3:27:00 PM,3:47:00 PM,82,1,1,rufocinctus,Female,RATPIN,,,
Nachusa2020_2197,7/27/2020,sengers,3,CRD,3:27:00 PM,3:47:00 PM,82,1,1,rufocinctus,Female,RATPIN,,,
Nachusa2020_2198,7/27/2020,sengers,3,CRD,3:27:00 PM,3:47:00 PM,82,1,1,rufocinctus,Male,RATPIN,,,
Nachusa2020_2199,7/27/2020,sengers,3,CRD,3:27:00 PM,3:47:00 PM,82,1,1,griseocollis,Female,LIAPYC,,,
Nachusa2020_2200,7/27/2020,sengers,3,CRD,3:27:00 PM,3:47:00 PM,82,1,1,griseocollis,Female,ERIYUC,,,
Nachusa2020_2201,7/27/2020,sengers,3,CRD,3:27:00 PM,3:47:00 PM,82,1,1,griseocollis,Female,MONFIS,,,
Nachusa2020_2202,7/28/2020,big_jump_east,3,CRD,9:29:00 AM,9:56:00 AM,73,1,1,griseocollis,Female,MONFIS,,,
Nachusa2020_2203,7/28/2020,big_jump_east,3,CRD,9:29:00 AM,9:56:00 AM,73,1,1,griseocollis,Female,MONFIS,,,
Nachusa2020_2204,7/28/2020,big_jump_east,3,CRD,9:29:00 AM,9:56:00 AM,73,1,1,impatiens,Female,MONFIS,,,
Nachusa2020_2205,7/28/2020,big_jump_east,3,CRD,9:29:00 AM,9:56:00 AM,73,1,1,impatiens,Female,MONFIS,,,
Nachusa2020_2206,7/28/2020,big_jump_east,3,CRD,9:29:00 AM,9:56:00 AM,73,1,1,impatiens,Female,MONFIS,,,
Nachusa2020_2207,7/28/2020,big_jump_east,3,CRD,9:29:00 AM,9:56:00 AM,73,1,1,impatiens,Female,MONFIS,,,
Nachusa2020_2208,7/28/2020,big_jump_east,3,CRD,9:29:00 AM,9:56:00 AM,73,1,1,impatiens,Female,MONFIS,,,
Nachusa2020_2209,7/28/2020,big_jump_east,3,CRD,9:29:00 AM,9:56:00 AM,73,1,1,impatiens,Female,MONFIS,,,
Nachusa2020_2210,7/28/2020,big_jump_east,3,CRD,9:29:00 AM,9:56:00 AM,73,1,1,bimaculatus,Female,MONFIS,,,
Nachusa2020_2211,7/28/2020,big_jump_east,3,CRD,9:29:00 AM,9:56:00 AM,73,1,1,vagans,Female,MONFIS,,,
Nachusa2020_2212,7/28/2020,big_jump_east,3,CRD,9:29:00 AM,9:56:00 AM,73,1,1,auricomus,Female,MONFIS,,,
Nachusa2020_2213,7/28/2020,big_jump_east,3,CRD,9:29:00 AM,9:56:00 AM,73,1,1,impatiens,Female,MONFIS,,,
Nachusa2020_2214,7/28/2020,big_jump_east,3,CRD,9:29:00 AM,9:56:00 AM,73,1,1,impatiens,Female,MONFIS,,,
Nachusa2020_2215,7/28/2020,big_jump_east,3,CRD,9:29:00 AM,9:56:00 AM,73,1,1,griseocollis,Female,MONFIS,,,
Nachusa2020_2216,7/28/2020,big_jump_east,3,CRD,9:29:00 AM,9:56:00 AM,73,1,1,impatiens,Female,MONFIS,,,
Nachusa2020_2217,7/28/2020,big_jump_east,3,CRD,9:29:00 AM,9:56:00 AM,73,1,1,impatiens,Female,MONFIS,,,
Nachusa2020_2218,7/28/2020,big_jump_east,3,CRD,9:29:00 AM,9:56:00 AM,73,1,1,impatiens,Female,MONFIS,,,
Nachusa2020_2219,7/28/2020,big_jump_east,3,CRD,9:29:00 AM,9:56:00 AM,73,1,1,impatiens,Female,MONFIS,,,
Nachusa2020_2220,7/28/2020,big_jump_east,3,CRD,9:29:00 AM,9:56:00 AM,73,1,1,griseocollis,Female,MONFIS,,,
Nachusa2020_2221,7/28/2020,big_jump_east,3,CRD,9:29:00 AM,9:56:00 AM,73,1,1,fervidus,Female,MONFIS,,,
Nachusa2020_2222,7/28/2020,big_jump_east,3,CRD,9:29:00 AM,9:56:00 AM,73,1,1,impatiens,Female,MONFIS,,,
Nachusa2020_2223,7/28/2020,big_jump_east,3,CRD,9:29:00 AM,9:56:00 AM,73,1,1,impatiens,Female,MONFIS,,,
Nachusa2020_2224,7/28/2020,big_jump_east,3,CRD,9:29:00 AM,9:56:00 AM,73,1,1,impatiens,Female,SOLCAR,,,
Nachusa2020_2225,7/28/2020,big_jump_east,3,CRD,9:29:00 AM,9:56:00 AM,73,1,1,griseocollis,Female,MONFIS,,,
Nachusa2020_2226,7/28/2020,big_jump_east,3,CRD,9:29:00 AM,9:56:00 AM,73,1,1,impatiens,Female,MONFIS,,,
Nachusa2020_2227,7/28/2020,big_jump_east,3,CRD,9:29:00 AM,9:56:00 AM,73,1,1,impatiens,Female,MONFIS,,,
Nachusa2020_2228,7/28/2020,big_jump_east,3,CRD,9:29:00 AM,9:56:00 AM,73,1,1,impatiens,Female,MONFIS,,,
Nachusa2020_2229,7/28/2020,big_jump_east,3,CRD,9:29:00 AM,9:56:00 AM,73,1,1,impatiens,Female,MONFIS,,,
Nachusa2020_2230,7/28/2020,big_jump_east,3,CRD,9:29:00 AM,9:56:00 AM,73,1,1,impatiens,Female,MONFIS,,,
Nachusa2020_2231,7/28/2020,big_jump_east,3,CRD,9:29:00 AM,9:56:00 AM,73,1,1,impatiens,Female,MONFIS,,,
Nachusa2020_2232,7/28/2020,big_jump_east,3,CRD,9:29:00 AM,9:56:00 AM,73,1,1,impatiens,Female,MONFIS,,,
Nachusa2020_2233,7/28/2020,big_jump_east,3,CRD,9:29:00 AM,9:56:00 AM,73,1,1,impatiens,Female,MONFIS,,,
Nachusa2020_2234,7/28/2020,big_jump_east,3,CRD,9:29:00 AM,9:56:00 AM,73,1,1,impatiens,Female,MONFIS,,,
Nachusa2020_2235,7/28/2020,big_jump_east,3,CRD,9:29:00 AM,9:56:00 AM,73,1,1,impatiens,Female,MONFIS,,,
Nachusa2020_2236,7/28/2020,big_jump_east,3,CRD,9:29:00 AM,9:56:00 AM,73,1,1,impatiens,Female,MONFIS,,,
Nachusa2020_2237,7/28/2020,big_jump_east,3,CRD,9:29:00 AM,9:56:00 AM,73,1,1,impatiens,Female,MONFIS,,,
Nachusa2020_2238,7/28/2020,big_jump_east,3,CRD,9:29:00 AM,9:56:00 AM,73,1,1,impatiens,Female,MONFIS,,,
Nachusa2020_2239,7/28/2020,big_jump_east,3,CRD,9:29:00 AM,9:56:00 AM,73,1,1,impatiens,Female,MONFIS,,,
Nachusa2020_2240,7/28/2020,big_jump_east,3,CRD,9:29:00 AM,9:56:00 AM,73,1,1,impatiens,Female,MONFIS,,,
Nachusa2020_2241,7/28/2020,big_jump_east,3,CRD,9:29:00 AM,9:56:00 AM,73,1,1,impatiens,Female,MONFIS,,,
Nachusa2020_2242,7/28/2020,big_jump_east,3,CRD,9:29:00 AM,9:56:00 AM,73,1,1,impatiens,Female,MONFIS,,,
Nachusa2020_2243,7/28/2020,big_jump_east,3,CRD,9:29:00 AM,9:56:00 AM,73,1,1,impatiens,Female,MONFIS,,,
Nachusa2020_2244,7/28/2020,big_jump_east,3,CRD,9:29:00 AM,9:56:00 AM,73,1,1,impatiens,Female,MONFIS,,,
Nachusa2020_2245,7/28/2020,big_jump_east,3,CRD,9:29:00 AM,9:56:00 AM,73,1,1,griseocollis,Female,MONFIS,,,
Nachusa2020_2246,7/28/2020,big_jump_east,3,CRD,9:29:00 AM,9:56:00 AM,73,1,1,impatiens,Female,MONFIS,,,
Nachusa2020_2247,7/28/2020,big_jump_east,3,CRD,9:29:00 AM,9:56:00 AM,73,1,1,impatiens,Female,MONFIS,,,
Nachusa2020_2248,7/28/2020,big_jump_east,3,CRD,9:29:00 AM,9:56:00 AM,73,1,1,impatiens,Female,MONFIS,,,
Nachusa2020_2249,7/28/2020,big_jump_east,3,CRD,9:29:00 AM,9:56:00 AM,73,1,1,impatiens,Female,MONFIS,,,
Nachusa2020_2250,7/28/2020,big_jump_east,3,CRD,9:29:00 AM,9:56:00 AM,73,1,1,impatiens,Female,MONFIS,,,
Nachusa2020_2251,7/28/2020,big_jump_east,3,CRD,9:29:00 AM,9:56:00 AM,73,1,1,impatiens,Female,MONFIS,,,
Nachusa2020_2252,7/28/2020,big_jump_east,3,CRD,9:29:00 AM,9:56:00 AM,73,1,1,impatiens,Female,MONFIS,,,
Nachusa2020_2253,7/28/2020,big_jump_east,3,CRD,9:29:00 AM,9:56:00 AM,73,1,1,griseocollis,Female,MONFIS,,,
Nachusa2020_2254,7/28/2020,big_jump_east,3,CRD,9:29:00 AM,9:56:00 AM,73,1,1,impatiens,Female,MONFIS,,,
Nachusa2020_2255,7/28/2020,big_jump_east,3,CRD,9:29:00 AM,9:56:00 AM,73,1,1,impatiens,Female,MONFIS,,,
Nachusa2020_2256,7/28/2020,big_jump_east,3,CRD,9:29:00 AM,9:56:00 AM,73,1,1,impatiens,Female,MONFIS,,,
Nachusa2020_2257,7/28/2020,big_jump_east,3,CRD,9:29:00 AM,9:56:00 AM,73,1,1,impatiens,Female,MONFIS,,,
Nachusa2020_2258,7/28/2020,big_jump_east,3,CRD,9:29:00 AM,9:56:00 AM,73,1,1,impatiens,Female,MONFIS,,,
Nachusa2020_2259,7/28/2020,big_jump_east,3,CRD,9:29:00 AM,9:56:00 AM,73,1,1,impatiens,Female,MONFIS,,,
Nachusa2020_2260,7/28/2020,big_jump_east,3,CRD,9:29:00 AM,9:56:00 AM,73,1,1,impatiens,Female,MONFIS,,,
Nachusa2020_2261,7/28/2020,big_jump_east,3,CRD,9:29:00 AM,9:56:00 AM,73,1,1,impatiens,Female,MONFIS,,,
Nachusa2020_2262,7/28/2020,big_jump_east,3,CRD,9:29:00 AM,9:56:00 AM,73,1,1,impatiens,Female,MONFIS,,,
Nachusa2020_2263,7/28/2020,big_jump_east,3,CRD,9:29:00 AM,9:56:00 AM,73,1,1,impatiens,Female,MONFIS,,,
Nachusa2020_2264,7/28/2020,big_jump_east,3,CRD,9:29:00 AM,9:56:00 AM,73,1,1,griseocollis,Female,MONFIS,,,
Nachusa2020_2265,7/28/2020,big_jump_east,3,CRD,9:29:00 AM,9:56:00 AM,73,1,1,griseocollis,Female,MONFIS,,,
Nachusa2020_2266,7/28/2020,big_jump_east,3,CRD,9:29:00 AM,9:56:00 AM,73,1,1,impatiens,Female,MONFIS,,,
Nachusa2020_2267,7/28/2020,big_jump_east,3,CRD,9:29:00 AM,9:56:00 AM,73,1,1,impatiens,Female,MONFIS,,,
Nachusa2020_2268,7/28/2020,big_jump_east,3,CRD,9:29:00 AM,9:56:00 AM,73,1,1,impatiens,Female,MONFIS,,,
Nachusa2020_2269,7/28/2020,big_jump_east,3,CRD,9:29:00 AM,9:56:00 AM,73,1,1,pensylvanicus,Female,MONFIS,,,photo
Nachusa2020_2270,7/28/2020,big_jump_east,3,CRD,9:29:00 AM,9:56:00 AM,73,1,1,impatiens,Female,MONFIS,,,
Nachusa2020_2271,7/28/2020,big_jump_east,3,CRD,9:29:00 AM,9:56:00 AM,73,1,1,impatiens,Female,MONFIS,,,
Nachusa2020_2272,7/28/2020,big_jump_east,3,CRD,9:29:00 AM,9:56:00 AM,73,1,1,impatiens,Female,MONFIS,,,
Nachusa2020_2273,7/28/2020,big_jump_east,3,CRD,9:29:00 AM,9:56:00 AM,73,1,1,impatiens,Female,MONFIS,,,
Nachusa2020_2274,7/28/2020,big_jump_east,3,CRD,9:29:00 AM,9:56:00 AM,73,1,1,impatiens,Female,MONFIS,,,
Nachusa2020_2275,7/28/2020,big_jump_east,3,CRD,9:29:00 AM,9:56:00 AM,73,1,1,bimaculatus,Female,MONFIS,,,
Nachusa2020_2276,7/28/2020,big_jump_east,3,CRD,9:29:00 AM,9:56:00 AM,73,1,1,fervidus,Female,MONFIS,,,
Nachusa2020_2277,7/28/2020,big_jump_east,3,CRD,9:29:00 AM,9:56:00 AM,73,1,1,impatiens,Female,MONFIS,,,
Nachusa2020_2278,7/28/2020,big_jump_east,3,CRD,9:29:00 AM,9:56:00 AM,73,1,1,impatiens,Female,MONFIS,,,
Nachusa2020_2279,7/28/2020,big_jump_east,3,CRD,9:29:00 AM,9:56:00 AM,73,1,1,impatiens,Female,MONFIS,,,
Nachusa2020_2280,7/28/2020,big_jump_east,3,CRD,9:29:00 AM,9:56:00 AM,73,1,1,impatiens,Female,MONFIS,,,
Nachusa2020_2281,7/28/2020,big_jump_east,3,CRD,9:29:00 AM,9:56:00 AM,73,1,1,impatiens,Female,MONFIS,,,
Nachusa2020_2282,7/28/2020,big_jump_east,3,CRD,9:29:00 AM,9:56:00 AM,73,1,1,impatiens,Female,MONFIS,,,
Nachusa2020_2283,7/28/2020,big_jump_east,3,CRD,9:29:00 AM,9:56:00 AM,73,1,1,impatiens,Female,MONFIS,,,
Nachusa2020_2284,7/28/2020,big_jump_east,3,CRD,9:29:00 AM,9:56:00 AM,73,1,1,impatiens,Female,MONFIS,,,
Nachusa2020_2285,7/28/2020,big_jump_east,3,CRD,9:29:00 AM,9:56:00 AM,73,1,1,vagans,Female,MONFIS,,,
Nachusa2020_2286,7/28/2020,big_jump_east,3,CRD,9:29:00 AM,9:56:00 AM,73,1,1,impatiens,Female,MONFIS,,,
Nachusa2020_2287,7/28/2020,big_jump_east,3,CRD,9:29:00 AM,9:56:00 AM,73,1,1,impatiens,Female,MONFIS,,,
Nachusa2020_2288,7/28/2020,big_jump_east,3,CRD,9:29:00 AM,9:56:00 AM,73,1,1,griseocollis,Female,MONFIS,,,
Nachusa2020_2289,7/28/2020,big_jump_east,3,CRD,9:29:00 AM,9:56:00 AM,73,1,1,impatiens,Female,MONFIS,,,
Nachusa2020_2290,7/28/2020,big_jump_east,3,CRD,9:29:00 AM,9:56:00 AM,73,1,1,impatiens,Female,MONFIS,,,
Nachusa2020_2291,7/28/2020,big_jump_east,3,CRD,9:29:00 AM,9:56:00 AM,73,1,1,impatiens,Female,MONFIS,,,
Nachusa2020_2292,7/28/2020,big_jump_east,3,CRD,9:29:00 AM,9:56:00 AM,73,1,1,impatiens,Female,MONFIS,,,
Nachusa2020_2293,7/28/2020,big_jump_east,3,CRD,9:29:00 AM,9:56:00 AM,73,1,1,impatiens,Female,MONFIS,,,
Nachusa2020_2294,7/28/2020,big_jump_east,3,CRD,9:29:00 AM,9:56:00 AM,73,1,1,impatiens,Female,MONFIS,,,
Nachusa2020_2295,7/28/2020,big_jump_east,3,CRD,9:29:00 AM,9:56:00 AM,73,1,1,impatiens,Female,MONFIS,,,
Nachusa2020_2296,7/28/2020,big_jump_east,3,CRD,9:29:00 AM,9:56:00 AM,73,1,1,impatiens,Female,MONFIS,,,
Nachusa2020_2297,7/28/2020,big_jump_east,3,CRD,9:29:00 AM,9:56:00 AM,73,1,1,impatiens,Female,MONFIS,,,
Nachusa2020_2298,7/28/2020,big_jump_east,3,CRD,9:29:00 AM,9:56:00 AM,73,1,1,impatiens,Female,MONFIS,,,
Nachusa2020_2299,7/28/2020,big_jump_east,3,CRD,9:29:00 AM,9:56:00 AM,73,1,1,impatiens,Female,MONFIS,,,
Nachusa2020_2300,7/28/2020,big_jump_east,3,CRD,9:29:00 AM,9:56:00 AM,73,1,1,impatiens,Female,MONFIS,,,
Nachusa2020_2301,7/28/2020,big_jump_east,3,CRD,9:29:00 AM,9:56:00 AM,73,1,1,griseocollis,Female,MONFIS,,,
Nachusa2020_2302,7/28/2020,big_jump_east,3,CRD,9:29:00 AM,9:56:00 AM,73,1,1,griseocollis,Female,MONFIS,,,
Nachusa2020_2303,7/28/2020,big_jump_east,3,CRD,9:29:00 AM,9:56:00 AM,73,1,1,impatiens,Female,MONFIS,,,
Nachusa2020_2304,7/28/2020,big_jump_east,3,CRD,9:29:00 AM,9:56:00 AM,73,1,1,impatiens,Female,MONFIS,,,
Nachusa2020_2305,7/28/2020,hook_larson,5,CRD,10:45:00 AM,11:07:00 AM,77,1,1,griseocollis,Female,MONFIS,,,
Nachusa2020_2306,7/28/2020,hook_larson,5,CRD,10:45:00 AM,11:07:00 AM,77,1,1,impatiens,Female,MONFIS,,,
Nachusa2020_2307,7/28/2020,hook_larson,5,CRD,10:45:00 AM,11:07:00 AM,77,1,1,griseocollis,Female,MONFIS,,,
Nachusa2020_2308,7/28/2020,hook_larson,5,CRD,10:45:00 AM,11:07:00 AM,77,1,1,rufocinctus,Male,None,,,Hovering and chasing moving objects; specimen taken
Nachusa2020_2309,7/28/2020,hook_larson,5,CRD,10:45:00 AM,11:07:00 AM,77,1,1,griseocollis,Female,MONFIS,,,
Nachusa2020_2310,7/28/2020,hook_larson,5,CRD,10:45:00 AM,11:07:00 AM,77,1,1,rufocinctus,Female,RATPIN,,,
Nachusa2020_2311,7/28/2020,hook_larson,5,CRD,10:45:00 AM,11:07:00 AM,77,1,1,rufocinctus,Female,RATPIN,,,
Nachusa2020_2312,7/28/2020,hook_larson,5,CRD,10:45:00 AM,11:07:00 AM,77,1,1,impatiens,Female,TRIPRA,,,
Nachusa2020_2313,7/28/2020,hook_larson,5,CRD,10:45:00 AM,11:07:00 AM,77,1,1,rufocinctus,Female,RATPIN,,,
Nachusa2020_2314,7/28/2020,hook_larson,5,CRD,10:45:00 AM,11:07:00 AM,77,1,1,rufocinctus,Female,RATPIN,,,
Nachusa2020_2315,7/28/2020,hook_larson,5,CRD,10:45:00 AM,11:07:00 AM,77,1,1,impatiens,Female,MONFIS,,,
Nachusa2020_2316,7/28/2020,hook_larson,5,CRD,10:45:00 AM,11:07:00 AM,77,1,1,rufocinctus,Female,RATPIN,,,
Nachusa2020_2317,7/28/2020,naylor_road,2,CRD,12:23:00 PM,12:45:00 PM,82,1,1,griseocollis,Female,DESCAN,,,
Nachusa2020_2318,7/28/2020,naylor_road,2,CRD,12:23:00 PM,12:45:00 PM,82,1,1,griseocollis,Female,BAPALB,,,
Nachusa2020_2319,7/28/2020,naylor_road,2,CRD,12:23:00 PM,12:45:00 PM,82,1,1,vagans,Female,DESCAN,,,
Nachusa2020_2320,7/28/2020,naylor_road,2,CRD,12:23:00 PM,12:45:00 PM,82,1,1,auricomus,Male,ECHPAL,,,Using standing dead ECHPAL as a perch
Nachusa2020_2321,7/28/2020,naylor_road,2,CRD,12:23:00 PM,12:45:00 PM,82,1,1,rufocinctus,Female,RATPIN,,,
Nachusa2020_2322,7/28/2020,naylor_road,2,CRD,12:23:00 PM,12:45:00 PM,82,1,1,griseocollis,Female,DESCAN,,,
Nachusa2020_2323,7/28/2020,naylor_road,2,CRD,12:23:00 PM,12:45:00 PM,82,1,1,impatiens,Female,DESCAN,,,
Nachusa2020_2324,7/28/2020,naylor_road,2,CRD,12:23:00 PM,12:45:00 PM,82,1,1,griseocollis,Female,DALCAN,,,
Nachusa2020_2325,7/29/2020,big_jump_east,4,CRD,9:25:00 AM,9:50:00 AM,77,1,1,impatiens,Female,MONFIS,,,
Nachusa2020_2326,7/29/2020,big_jump_east,4,CRD,9:25:00 AM,9:50:00 AM,77,1,1,impatiens,Female,MONFIS,,,
Nachusa2020_2327,7/29/2020,big_jump_east,4,CRD,9:25:00 AM,9:50:00 AM,77,1,1,impatiens,Female,MONFIS,,,
Nachusa2020_2328,7/29/2020,big_jump_east,4,CRD,9:25:00 AM,9:50:00 AM,77,1,1,griseocollis,Female,MONFIS,,,
Nachusa2020_2329,7/29/2020,big_jump_east,4,CRD,9:25:00 AM,9:50:00 AM,77,1,1,auricomus,Male,None,,,
Nachusa2020_2330,7/29/2020,big_jump_east,4,CRD,9:25:00 AM,9:50:00 AM,77,1,1,impatiens,Female,MONFIS,,,
Nachusa2020_2331,7/29/2020,big_jump_east,4,CRD,9:25:00 AM,9:50:00 AM,77,1,1,impatiens,Female,MONFIS,,,
Nachusa2020_2332,7/29/2020,big_jump_east,4,CRD,9:25:00 AM,9:50:00 AM,77,1,1,impatiens,Female,MONFIS,,,
Nachusa2020_2333,7/29/2020,big_jump_east,4,CRD,9:25:00 AM,9:50:00 AM,77,1,1,impatiens,Female,MONFIS,,,
Nachusa2020_2334,7/29/2020,big_jump_east,4,CRD,9:25:00 AM,9:50:00 AM,77,1,1,impatiens,Female,MONFIS,,,
Nachusa2020_2335,7/29/2020,big_jump_east,4,CRD,9:25:00 AM,9:50:00 AM,77,1,1,impatiens,Female,MONFIS,,,
Nachusa2020_2336,7/29/2020,big_jump_east,4,CRD,9:25:00 AM,9:50:00 AM,77,1,1,auri/pens,Female,MONFIS,,,
Nachusa2020_2337,7/29/2020,big_jump_east,4,CRD,9:25:00 AM,9:50:00 AM,77,1,1,impatiens,Female,MONFIS,,,
Nachusa2020_2338,7/29/2020,big_jump_east,4,CRD,9:25:00 AM,9:50:00 AM,77,1,1,impatiens,Female,MONFIS,,,
Nachusa2020_2339,7/29/2020,big_jump_east,4,CRD,9:25:00 AM,9:50:00 AM,77,1,1,impatiens,Female,MONFIS,,,
Nachusa2020_2340,7/29/2020,big_jump_east,4,CRD,9:25:00 AM,9:50:00 AM,77,1,1,vagans,Female,MONFIS,,,
Nachusa2020_2341,7/29/2020,big_jump_east,4,CRD,9:25:00 AM,9:50:00 AM,77,1,1,griseocollis,Female,MONFIS,,,
Nachusa2020_2342,7/29/2020,big_jump_east,4,CRD,9:25:00 AM,9:50:00 AM,77,1,1,impatiens,Female,MONFIS,,,
Nachusa2020_2343,7/29/2020,big_jump_east,4,CRD,9:25:00 AM,9:50:00 AM,77,1,1,impatiens,Female,MONFIS,,,
Nachusa2020_2344,7/29/2020,big_jump_east,4,CRD,9:25:00 AM,9:50:00 AM,77,1,1,impatiens,Female,MONFIS,,,
Nachusa2020_2345,7/29/2020,big_jump_east,4,CRD,9:25:00 AM,9:50:00 AM,77,1,1,impatiens,Female,MONFIS,,,
Nachusa2020_2346,7/29/2020,big_jump_east,4,CRD,9:25:00 AM,9:50:00 AM,77,1,1,impatiens,Female,MONFIS,,,
Nachusa2020_2347,7/29/2020,big_jump_east,4,CRD,9:25:00 AM,9:50:00 AM,77,1,1,impatiens,Female,MONFIS,,,
Nachusa2020_2348,7/29/2020,big_jump_east,4,CRD,9:25:00 AM,9:50:00 AM,77,1,1,impatiens,Female,MONFIS,,,
Nachusa2020_2349,7/29/2020,big_jump_east,4,CRD,9:25:00 AM,9:50:00 AM,77,1,1,impatiens,Female,MONFIS,,,
Nachusa2020_2350,7/29/2020,big_jump_east,4,CRD,9:25:00 AM,9:50:00 AM,77,1,1,vagans,Female,MONFIS,,,
Nachusa2020_2351,7/29/2020,big_jump_east,4,CRD,9:25:00 AM,9:50:00 AM,77,1,1,impatiens,Female,MONFIS,,,
Nachusa2020_2352,7/29/2020,big_jump_east,4,CRD,9:25:00 AM,9:50:00 AM,77,1,1,impatiens,Female,MONFIS,,,
Nachusa2020_2353,7/29/2020,big_jump_east,4,CRD,9:25:00 AM,9:50:00 AM,77,1,1,impatiens,Female,MONFIS,,,
Nachusa2020_2354,7/29/2020,big_jump_east,4,CRD,9:25:00 AM,9:50:00 AM,77,1,1,impatiens,Female,MONFIS,,,
Nachusa2020_2355,7/29/2020,big_jump_east,4,CRD,9:25:00 AM,9:50:00 AM,77,1,1,impatiens,Female,MONFIS,,,
Nachusa2020_2356,7/29/2020,big_jump_east,4,CRD,9:25:00 AM,9:50:00 AM,77,1,1,impatiens,Female,MONFIS,,,
Nachusa2020_2357,7/29/2020,big_jump_east,4,CRD,9:25:00 AM,9:50:00 AM,77,1,1,impatiens,Female,MONFIS,,,
Nachusa2020_2358,7/29/2020,big_jump_east,4,CRD,9:25:00 AM,9:50:00 AM,77,1,1,bimaculatus,Female,MONFIS,,,
Nachusa2020_2359,7/29/2020,big_jump_east,4,CRD,9:25:00 AM,9:50:00 AM,77,1,1,impatiens,Female,MONFIS,,,
Nachusa2020_2360,7/29/2020,big_jump_east,4,CRD,9:25:00 AM,9:50:00 AM,77,1,1,impatiens,Female,MONFIS,,,
Nachusa2020_2361,7/29/2020,big_jump_east,4,CRD,9:25:00 AM,9:50:00 AM,77,1,1,impatiens,Female,MONFIS,,,
Nachusa2020_2362,7/29/2020,big_jump_east,4,CRD,9:25:00 AM,9:50:00 AM,77,1,1,impatiens,Female,MONFIS,,,
Nachusa2020_2363,7/29/2020,big_jump_east,4,CRD,9:25:00 AM,9:50:00 AM,77,1,1,impatiens,Female,MONFIS,,,
Nachusa2020_2364,7/29/2020,big_jump_east,4,CRD,9:25:00 AM,9:50:00 AM,77,1,1,impatiens,Female,MONFIS,,,
Nachusa2020_2365,7/29/2020,big_jump_east,4,CRD,9:25:00 AM,9:50:00 AM,77,1,1,vagans,Female,MONFIS,,,
Nachusa2020_2366,7/29/2020,big_jump_east,4,CRD,9:25:00 AM,9:50:00 AM,77,1,1,vagans,Female,MONFIS,,,
Nachusa2020_2367,7/29/2020,big_jump_east,4,CRD,9:25:00 AM,9:50:00 AM,77,1,1,impatiens,Female,MONFIS,,,
Nachusa2020_2368,7/29/2020,big_jump_east,4,CRD,9:25:00 AM,9:50:00 AM,77,1,1,impatiens,Female,MONFIS,,,
Nachusa2020_2369,7/29/2020,big_jump_east,4,CRD,9:25:00 AM,9:50:00 AM,77,1,1,impatiens,Female,MONFIS,,,
Nachusa2020_2370,7/29/2020,big_jump_east,4,CRD,9:25:00 AM,9:50:00 AM,77,1,1,impatiens,Female,MONFIS,,,
Nachusa2020_2371,7/29/2020,big_jump_east,4,CRD,9:25:00 AM,9:50:00 AM,77,1,1,impatiens,Female,MONFIS,,,
Nachusa2020_2372,7/29/2020,big_jump_east,4,CRD,9:25:00 AM,9:50:00 AM,77,1,1,impatiens,Female,MONFIS,,,
Nachusa2020_2373,7/29/2020,big_jump_east,4,CRD,9:25:00 AM,9:50:00 AM,77,1,1,griseocollis,Female,MONFIS,,,
Nachusa2020_2374,7/29/2020,big_jump_east,4,CRD,9:25:00 AM,9:50:00 AM,77,1,1,griseocollis,Female,MONFIS,,,
Nachusa2020_2375,7/29/2020,big_jump_east,4,CRD,9:25:00 AM,9:50:00 AM,77,1,1,vagans,Female,MONFIS,,,
Nachusa2020_2376,7/29/2020,big_jump_east,4,CRD,9:25:00 AM,9:50:00 AM,77,1,1,impatiens,Female,MONFIS,,,
Nachusa2020_2377,7/29/2020,big_jump_east,4,CRD,9:25:00 AM,9:50:00 AM,77,1,1,impatiens,Female,MONFIS,,,
Nachusa2020_2378,7/29/2020,big_jump_east,4,CRD,9:25:00 AM,9:50:00 AM,77,1,1,auricomus,Female,MONFIS,,,
Nachusa2020_2379,7/29/2020,big_jump_east,4,CRD,9:25:00 AM,9:50:00 AM,77,1,1,impatiens,Female,MONFIS,,,
Nachusa2020_2380,7/29/2020,big_jump_east,4,CRD,9:25:00 AM,9:50:00 AM,77,1,1,impatiens,Female,MONFIS,,,
Nachusa2020_2381,7/29/2020,big_jump_east,4,CRD,9:25:00 AM,9:50:00 AM,77,1,1,impatiens,Female,MONFIS,,,
Nachusa2020_2382,7/29/2020,big_jump_east,4,CRD,9:25:00 AM,9:50:00 AM,77,1,1,vagans,Female,MONFIS,,,
Nachusa2020_2383,7/29/2020,big_jump_center,2,CRD,12:13:00 PM,12:35:00 PM,83,1,1,griseocollis,Male,MONFIS,,,
Nachusa2020_2384,7/29/2020,big_jump_center,2,CRD,12:13:00 PM,12:35:00 PM,83,1,1,impatiens,Female,MONFIS,,,
Nachusa2020_2385,7/29/2020,big_jump_center,2,CRD,12:13:00 PM,12:35:00 PM,83,1,1,auricomus,Female,MONFIS,,,
Nachusa2020_2386,7/29/2020,big_jump_center,2,CRD,12:13:00 PM,12:35:00 PM,83,1,1,impatiens,Female,MONFIS,,,
Nachusa2020_2387,7/29/2020,big_jump_center,2,CRD,12:13:00 PM,12:35:00 PM,83,1,1,impatiens,Female,MONFIS,,,
Nachusa2020_2388,7/29/2020,big_jump_center,2,CRD,12:13:00 PM,12:35:00 PM,83,1,1,impatiens,Female,MONFIS,,,
Nachusa2020_2389,7/29/2020,big_jump_center,2,CRD,12:13:00 PM,12:35:00 PM,83,1,1,vagans,Female,MONFIS,,,
Nachusa2020_2390,7/29/2020,big_jump_center,2,CRD,12:13:00 PM,12:35:00 PM,83,1,1,impatiens,Female,MONFIS,,,
Nachusa2020_2391,7/29/2020,big_jump_center,2,CRD,12:13:00 PM,12:35:00 PM,83,1,1,griseocollis,Female,MONFIS,,,
Nachusa2020_2392,7/29/2020,big_jump_center,2,CRD,12:13:00 PM,12:35:00 PM,83,1,1,auricomus,Male,MONFIS,,,
Nachusa2020_2393,7/29/2020,big_jump_center,2,CRD,12:13:00 PM,12:35:00 PM,83,1,1,griseocollis,Male,MONFIS,,,
Nachusa2020_2394,7/29/2020,big_jump_center,2,CRD,12:13:00 PM,12:35:00 PM,83,1,1,impatiens,Female,MONFIS,,,
Nachusa2020_2395,7/29/2020,big_jump_center,2,CRD,12:13:00 PM,12:35:00 PM,83,1,1,impatiens,Female,MONFIS,,,
Nachusa2020_2396,7/29/2020,big_jump_center,2,CRD,12:13:00 PM,12:35:00 PM,83,1,1,impatiens,Female,MONFIS,,,
Nachusa2020_2397,7/29/2020,big_jump_center,2,CRD,12:13:00 PM,12:35:00 PM,83,1,1,impatiens,Female,MONFIS,,,
Nachusa2020_2398,7/29/2020,big_jump_center,2,CRD,12:13:00 PM,12:35:00 PM,83,1,1,griseocollis,Female,MONFIS,,,
Nachusa2020_2399,7/29/2020,big_jump_center,2,CRD,12:13:00 PM,12:35:00 PM,83,1,1,impatiens,Female,MONFIS,,,
Nachusa2020_2400,7/29/2020,big_jump_center,2,CRD,12:13:00 PM,12:35:00 PM,83,1,1,auricomus,Female,MONFIS,,,
Nachusa2020_2401,7/29/2020,big_jump_center,2,CRD,12:13:00 PM,12:35:00 PM,83,1,1,griseocollis,Female,MONFIS,,,
Nachusa2020_2402,7/29/2020,big_jump_center,2,CRD,12:13:00 PM,12:35:00 PM,83,1,1,auricomus,Female,MONFIS,,,
Nachusa2020_2403,7/29/2020,big_jump_center,2,CRD,12:13:00 PM,12:35:00 PM,83,1,1,impatiens,Female,MONFIS,,,
Nachusa2020_2404,7/29/2020,big_jump_center,2,CRD,12:13:00 PM,12:35:00 PM,83,1,1,impatiens,Female,MONFIS,,,
Nachusa2020_2405,7/29/2020,big_jump_center,2,CRD,12:13:00 PM,12:35:00 PM,83,1,1,griseocollis,Female,MONFIS,,,
Nachusa2020_2406,7/29/2020,big_jump_center,2,CRD,12:13:00 PM,12:35:00 PM,83,1,1,auricomus,Female,MONFIS,,,
Nachusa2020_2407,7/29/2020,big_jump_center,2,CRD,12:13:00 PM,12:35:00 PM,83,1,1,griseocollis,Male,MONFIS,,,
Nachusa2020_2408,7/29/2020,big_jump_center,2,CRD,12:13:00 PM,12:35:00 PM,83,1,1,griseocollis,Male,MONFIS,,,
Nachusa2020_2409,7/29/2020,big_jump_center,2,CRD,12:13:00 PM,12:35:00 PM,83,1,1,impatiens,Female,MONFIS,,,
Nachusa2020_2410,7/29/2020,big_jump_center,2,CRD,12:13:00 PM,12:35:00 PM,83,1,1,griseocollis,Male,MONFIS,,,
Nachusa2020_2411,7/29/2020,big_jump_center,2,CRD,12:13:00 PM,12:35:00 PM,83,1,1,griseocollis,Male,MONFIS,,,
Nachusa2020_2412,7/29/2020,big_jump_center,2,CRD,12:13:00 PM,12:35:00 PM,83,1,1,auricomus,Female,MONFIS,,,
Nachusa2020_2413,7/29/2020,big_jump_center,2,CRD,12:13:00 PM,12:35:00 PM,83,1,1,impatiens,Male,MONFIS,,,
Nachusa2020_2414,7/29/2020,big_jump_center,2,CRD,12:13:00 PM,12:35:00 PM,83,1,1,impatiens,Male,MONFIS,,,
Nachusa2020_2415,7/29/2020,big_jump_center,2,CRD,12:13:00 PM,12:35:00 PM,83,1,1,griseocollis,Female,MONFIS,,,
Nachusa2020_2416,7/29/2020,big_jump_center,2,CRD,12:13:00 PM,12:35:00 PM,83,1,1,griseocollis,Female,MONFIS,,,
Nachusa2020_2417,7/29/2020,big_jump_center,2,CRD,12:13:00 PM,12:35:00 PM,83,1,1,griseocollis,Female,MONFIS,,,
Nachusa2020_2418,7/29/2020,big_jump_center,2,CRD,12:13:00 PM,12:35:00 PM,83,1,1,griseocollis,Male,MONFIS,,,
Nachusa2020_2419,7/29/2020,big_jump_center,2,CRD,12:13:00 PM,12:35:00 PM,83,1,1,griseocollis,Female,MONFIS,,,
Nachusa2020_2420,7/29/2020,big_jump_center,2,CRD,12:13:00 PM,12:35:00 PM,83,1,1,griseocollis,Female,MONFIS,,,
Nachusa2020_2421,7/29/2020,big_jump_center,2,CRD,12:13:00 PM,12:35:00 PM,83,1,1,griseocollis,Female,MONFIS,,,
Nachusa2020_2422,7/29/2020,big_jump_center,2,CRD,12:13:00 PM,12:35:00 PM,83,1,1,impatiens,Female,MONFIS,,,
Nachusa2020_2423,7/29/2020,big_jump_center,2,CRD,12:13:00 PM,12:35:00 PM,83,1,1,impatiens,Female,MONFIS,,,
Nachusa2020_2424,7/29/2020,big_jump_center,2,CRD,12:13:00 PM,12:35:00 PM,83,1,1,impatiens,Female,MONFIS,,,
Nachusa2020_2425,7/29/2020,big_jump_center,2,CRD,12:13:00 PM,12:35:00 PM,83,1,1,impatiens,Female,MONFIS,,,
Nachusa2020_2426,7/29/2020,big_jump_center,2,CRD,12:13:00 PM,12:35:00 PM,83,1,1,impatiens,Female,MONFIS,,,
Nachusa2020_2427,7/29/2020,big_jump_center,2,CRD,12:13:00 PM,12:35:00 PM,83,1,1,impatiens,Female,MONFIS,,,
Nachusa2020_2428,7/29/2020,big_jump_center,2,CRD,12:13:00 PM,12:35:00 PM,83,1,1,auricomus,Male,MONFIS,,,
Nachusa2020_2429,7/29/2020,big_jump_center,2,CRD,12:13:00 PM,12:35:00 PM,83,1,1,impatiens,Female,MONFIS,,,
Nachusa2020_2430,7/29/2020,big_jump_center,2,CRD,12:13:00 PM,12:35:00 PM,83,1,1,impatiens,Female,MONFIS,,,
Nachusa2020_2431,7/29/2020,big_jump_center,2,CRD,12:13:00 PM,12:35:00 PM,83,1,1,impatiens,Female,MONFIS,,,
Nachusa2020_2432,7/29/2020,big_jump_center,2,CRD,12:13:00 PM,12:35:00 PM,83,1,1,griseocollis,Male,MONFIS,,,
Nachusa2020_2433,7/29/2020,big_jump_center,2,CRD,12:13:00 PM,12:35:00 PM,83,1,1,auricomus,Male,RATPIN,,,Perched
Nachusa2020_2434,7/29/2020,no_name_knob,3,CRD,2:30:00 PM,2:53:00 PM,84,2,2,auricomus,Female,MONFIS,,,
Nachusa2020_2435,7/29/2020,no_name_knob,3,CRD,2:30:00 PM,2:53:00 PM,84,2,2,auricomus,Female,MONFIS,,,
Nachusa2020_2436,7/29/2020,no_name_knob,3,CRD,2:30:00 PM,2:53:00 PM,84,2,2,griseocollis,Male,RATPIN,,,nectaring
Nachusa2020_2437,7/29/2020,no_name_knob,3,CRD,2:30:00 PM,2:53:00 PM,84,2,2,rufocinctus,Female,RATPIN,,,photo
Nachusa2020_2438,7/29/2020,no_name_knob,3,CRD,2:30:00 PM,2:53:00 PM,84,2,2,rufocinctus,Male,RATPIN,,,photo
Nachusa2020_2439,7/29/2020,no_name_knob,3,CRD,2:30:00 PM,2:53:00 PM,84,2,2,vagans,Female,RATPIN,,,
Nachusa2020_2440,7/29/2020,no_name_knob,3,CRD,2:30:00 PM,2:53:00 PM,84,2,2,rufocinctus,Female,RATPIN,,,
Nachusa2020_2441,7/29/2020,no_name_knob,3,CRD,2:30:00 PM,2:53:00 PM,84,2,2,rufocinctus,Female,RATPIN,,,
Nachusa2020_2442,7/29/2020,no_name_knob,3,CRD,2:30:00 PM,2:53:00 PM,84,2,2,rufocinctus,Female,RATPIN,,,
Nachusa2020_2443,7/29/2020,no_name_knob,3,CRD,2:30:00 PM,2:53:00 PM,84,2,2,griseocollis,Male,RATPIN,,,
Nachusa2020_2444,7/29/2020,no_name_knob,3,CRD,2:30:00 PM,2:53:00 PM,84,2,2,rufocinctus,Female,RATPIN,,,
Nachusa2020_2445,7/29/2020,no_name_knob,3,CRD,2:30:00 PM,2:53:00 PM,84,2,2,rufo/vagans,Female,RATPIN,,,
Nachusa2020_2446,7/29/2020,no_name_knob,3,CRD,2:30:00 PM,2:53:00 PM,84,2,2,rufocinctus,Female,RATPIN,,,
Nachusa2020_2447,7/30/2020,big_jump_east,5,CRD,2:36:00 PM,3:01:00 PM,80,2,2,impatiens,Female,MONFIS,,,
Nachusa2020_2448,7/30/2020,big_jump_east,5,CRD,2:36:00 PM,3:01:00 PM,80,2,2,impatiens,Female,MONFIS,,,
Nachusa2020_2449,7/30/2020,big_jump_east,5,CRD,2:36:00 PM,3:01:00 PM,80,2,2,impatiens,Female,MONFIS,,,
Nachusa2020_2450,7/30/2020,big_jump_east,5,CRD,2:36:00 PM,3:01:00 PM,80,2,2,impatiens,Female,MONFIS,,,
Nachusa2020_2451,7/30/2020,big_jump_east,5,CRD,2:36:00 PM,3:01:00 PM,80,2,2,impatiens,Female,MONFIS,,,
Nachusa2020_2452,7/30/2020,big_jump_east,5,CRD,2:36:00 PM,3:01:00 PM,80,2,2,impatiens,Female,MONFIS,,,
Nachusa2020_2453,7/30/2020,big_jump_east,5,CRD,2:36:00 PM,3:01:00 PM,80,2,2,griseocollis,Female,MONFIS,,,
Nachusa2020_2454,7/30/2020,big_jump_east,5,CRD,2:36:00 PM,3:01:00 PM,80,2,2,griseocollis,Female,MONFIS,,,
Nachusa2020_2455,7/30/2020,big_jump_east,5,CRD,2:36:00 PM,3:01:00 PM,80,2,2,auricomus,Female,MONFIS,,,
Nachusa2020_2456,7/30/2020,big_jump_east,5,CRD,2:36:00 PM,3:01:00 PM,80,2,2,impatiens,Female,MONFIS,,,
Nachusa2020_2457,7/30/2020,big_jump_east,5,CRD,2:36:00 PM,3:01:00 PM,80,2,2,impatiens,Female,MONFIS,,,
Nachusa2020_2458,7/30/2020,big_jump_east,5,CRD,2:36:00 PM,3:01:00 PM,80,2,2,impatiens,Female,MONFIS,,,
Nachusa2020_2459,7/30/2020,big_jump_east,5,CRD,2:36:00 PM,3:01:00 PM,80,2,2,impatiens,Female,MONFIS,,,
Nachusa2020_2460,7/30/2020,big_jump_east,5,CRD,2:36:00 PM,3:01:00 PM,80,2,2,impatiens,Female,MONFIS,,,
Nachusa2020_2461,7/30/2020,big_jump_east,5,CRD,2:36:00 PM,3:01:00 PM,80,2,2,impatiens,Female,MONFIS,,,
Nachusa2020_2462,7/30/2020,big_jump_east,5,CRD,2:36:00 PM,3:01:00 PM,80,2,2,impatiens,Female,MONFIS,,,
Nachusa2020_2463,7/30/2020,big_jump_east,5,CRD,2:36:00 PM,3:01:00 PM,80,2,2,impatiens,Female,MONFIS,,,
Nachusa2020_2464,7/30/2020,big_jump_east,5,CRD,2:36:00 PM,3:01:00 PM,80,2,2,impatiens,Female,MONFIS,,,
Nachusa2020_2465,7/30/2020,big_jump_east,5,CRD,2:36:00 PM,3:01:00 PM,80,2,2,impatiens,Female,MONFIS,,,
Nachusa2020_2466,7/30/2020,big_jump_east,5,CRD,2:36:00 PM,3:01:00 PM,80,2,2,impatiens,Female,MONFIS,,,
Nachusa2020_2467,7/30/2020,big_jump_east,5,CRD,2:36:00 PM,3:01:00 PM,80,2,2,impatiens,Female,MONFIS,,,
Nachusa2020_2468,7/30/2020,big_jump_east,5,CRD,2:36:00 PM,3:01:00 PM,80,2,2,impatiens,Female,MONFIS,,,
Nachusa2020_2469,7/30/2020,big_jump_east,5,CRD,2:36:00 PM,3:01:00 PM,80,2,2,griseocollis,Male,MONFIS,,,
Nachusa2020_2470,7/30/2020,big_jump_east,5,CRD,2:36:00 PM,3:01:00 PM,80,2,2,griseocollis,Male,MONFIS,,,
Nachusa2020_2471,7/30/2020,big_jump_east,5,CRD,2:36:00 PM,3:01:00 PM,80,2,2,griseocollis,Male,MONFIS,,,
Nachusa2020_2472,7/30/2020,big_jump_east,5,CRD,2:36:00 PM,3:01:00 PM,80,2,2,auricomus,Male,MONFIS,,,
Nachusa2020_2473,7/30/2020,big_jump_east,5,CRD,2:36:00 PM,3:01:00 PM,80,2,2,auricomus,Female,MONFIS,,,
Nachusa2020_2474,7/30/2020,big_jump_east,5,CRD,2:36:00 PM,3:01:00 PM,80,2,2,impatiens,Female,MONFIS,,,
Nachusa2020_2475,7/30/2020,big_jump_east,5,CRD,2:36:00 PM,3:01:00 PM,80,2,2,impatiens,Female,MONFIS,,,
Nachusa2020_2476,7/30/2020,big_jump_east,5,CRD,2:36:00 PM,3:01:00 PM,80,2,2,impatiens,Female,MONFIS,,,
Nachusa2020_2477,7/30/2020,big_jump_east,5,CRD,2:36:00 PM,3:01:00 PM,80,2,2,impatiens,Male,MONFIS,,,
Nachusa2020_2478,7/30/2020,big_jump_east,5,CRD,2:36:00 PM,3:01:00 PM,80,2,2,impatiens,Female,MONFIS,,,
Nachusa2020_2479,7/30/2020,big_jump_east,5,CRD,2:36:00 PM,3:01:00 PM,80,2,2,impatiens,Female,MONFIS,,,
Nachusa2020_2480,7/30/2020,big_jump_east,5,CRD,2:36:00 PM,3:01:00 PM,80,2,2,impatiens,Female,MONFIS,,,
Nachusa2020_2481,7/30/2020,big_jump_east,5,CRD,2:36:00 PM,3:01:00 PM,80,2,2,griseocollis,Male,MONFIS,,,
Nachusa2020_2482,7/30/2020,big_jump_east,5,CRD,2:36:00 PM,3:01:00 PM,80,2,2,griseocollis,Male,MONFIS,,,
Nachusa2020_2483,7/30/2020,big_jump_east,5,CRD,2:36:00 PM,3:01:00 PM,80,2,2,griseocollis,Male,MONFIS,,,
Nachusa2020_2484,7/30/2020,big_jump_east,5,CRD,2:36:00 PM,3:01:00 PM,80,2,2,griseocollis,Female,MONFIS,,,
Nachusa2020_2485,7/30/2020,big_jump_east,5,CRD,2:36:00 PM,3:01:00 PM,80,2,2,bimaculatus,Female,MONFIS,,,
Nachusa2020_2486,7/30/2020,big_jump_east,5,CRD,2:36:00 PM,3:01:00 PM,80,2,2,impatiens,Female,MONFIS,,,
Nachusa2020_2487,7/30/2020,big_jump_east,5,CRD,2:36:00 PM,3:01:00 PM,80,2,2,impatiens,Female,MONFIS,,,
Nachusa2020_2488,7/30/2020,big_jump_east,5,CRD,2:36:00 PM,3:01:00 PM,80,2,2,impatiens,Female,MONFIS,,,
Nachusa2020_2489,7/30/2020,big_jump_east,5,CRD,2:36:00 PM,3:01:00 PM,80,2,2,impatiens,Female,MONFIS,,,
Nachusa2020_2490,7/30/2020,big_jump_east,5,CRD,2:36:00 PM,3:01:00 PM,80,2,2,impatiens,Female,MONFIS,,,
Nachusa2020_2491,7/30/2020,big_jump_east,5,CRD,2:36:00 PM,3:01:00 PM,80,2,2,impatiens,Female,MONFIS,,,
Nachusa2020_2492,7/30/2020,big_jump_east,5,CRD,2:36:00 PM,3:01:00 PM,80,2,2,impatiens,Female,MONFIS,,,
Nachusa2020_2493,7/30/2020,big_jump_east,5,CRD,2:36:00 PM,3:01:00 PM,80,2,2,impatiens,Female,MONFIS,,,
Nachusa2020_2494,7/30/2020,big_jump_east,5,CRD,2:36:00 PM,3:01:00 PM,80,2,2,impatiens,Female,MONFIS,,,
Nachusa2020_2495,7/30/2020,big_jump_east,5,CRD,2:36:00 PM,3:01:00 PM,80,2,2,rufocinctus,Female,MONFIS,,,
Nachusa2020_2496,7/30/2020,big_jump_east,5,CRD,2:36:00 PM,3:01:00 PM,80,2,2,griseocollis,Female,MONFIS,,,
Nachusa2020_2497,7/30/2020,big_jump_east,5,CRD,2:36:00 PM,3:01:00 PM,80,2,2,impatiens,Female,MONFIS,,,
Nachusa2020_2498,7/30/2020,big_jump_east,5,CRD,2:36:00 PM,3:01:00 PM,80,2,2,impatiens,Female,MONFIS,,,
Nachusa2020_2499,7/30/2020,big_jump_east,5,CRD,2:36:00 PM,3:01:00 PM,80,2,2,impatiens,Female,MONFIS,,,
Nachusa2020_2500,7/30/2020,big_jump_east,5,CRD,2:36:00 PM,3:01:00 PM,80,2,2,impatiens,Female,MONFIS,,,
Nachusa2020_2501,7/30/2020,big_jump_east,5,CRD,2:36:00 PM,3:01:00 PM,80,2,2,impatiens,Female,MONFIS,,,
Nachusa2020_2502,7/30/2020,big_jump_east,5,CRD,2:36:00 PM,3:01:00 PM,80,2,2,impatiens,Female,MONFIS,,,
Nachusa2020_2503,7/30/2020,big_jump_east,5,CRD,2:36:00 PM,3:01:00 PM,80,2,2,impatiens,Female,MONFIS,,,
Nachusa2020_2504,7/30/2020,big_jump_east,5,CRD,2:36:00 PM,3:01:00 PM,80,2,2,impatiens,Female,MONFIS,,,
Nachusa2020_2505,7/30/2020,big_jump_east,5,CRD,2:36:00 PM,3:01:00 PM,80,2,2,impatiens,Female,MONFIS,,,
Nachusa2020_2506,7/30/2020,big_jump_east,5,CRD,2:36:00 PM,3:01:00 PM,80,2,2,griseocollis,Male,MONFIS,,,
Nachusa2020_2507,7/30/2020,big_jump_east,5,CRD,2:36:00 PM,3:01:00 PM,80,2,2,griseocollis,Male,MONFIS,,,
Nachusa2020_2508,7/30/2020,big_jump_east,5,CRD,2:36:00 PM,3:01:00 PM,80,2,2,griseocollis,Male,MONFIS,,,
Nachusa2020_2509,7/30/2020,big_jump_east,5,CRD,2:36:00 PM,3:01:00 PM,80,2,2,griseocollis,Male,MONFIS,,,
Nachusa2020_2510,7/30/2020,big_jump_east,5,CRD,2:36:00 PM,3:01:00 PM,80,2,2,griseocollis,Male,MONFIS,,,
Nachusa2020_2511,7/30/2020,big_jump_east,5,CRD,2:36:00 PM,3:01:00 PM,80,2,2,griseocollis,Male,MONFIS,,,
Nachusa2020_2512,7/30/2020,big_jump_east,5,CRD,2:36:00 PM,3:01:00 PM,80,2,2,griseocollis,Male,MONFIS,,,
Nachusa2020_2513,7/30/2020,big_jump_east,5,CRD,2:36:00 PM,3:01:00 PM,80,2,2,griseocollis,Male,MONFIS,,,
Nachusa2020_2514,7/30/2020,big_jump_east,5,CRD,2:36:00 PM,3:01:00 PM,80,2,2,griseocollis,Male,MONFIS,,,
Nachusa2020_2515,7/30/2020,big_jump_east,5,CRD,2:36:00 PM,3:01:00 PM,80,2,2,fervidus,Female,MONFIS,,,
Nachusa2020_2516,7/30/2020,big_jump_east,5,CRD,2:36:00 PM,3:01:00 PM,80,2,2,griseocollis,Female,MONFIS,,,
Nachusa2020_2517,7/30/2020,big_jump_east,5,CRD,2:36:00 PM,3:01:00 PM,80,2,2,griseocollis,Female,MONFIS,,,
Nachusa2020_2518,7/30/2020,big_jump_east,5,CRD,2:36:00 PM,3:01:00 PM,80,2,2,griseocollis,Female,MONFIS,,,
Nachusa2020_2519,7/30/2020,big_jump_east,5,CRD,2:36:00 PM,3:01:00 PM,80,2,2,griseocollis,Female,MONFIS,,,
Nachusa2020_2520,7/30/2020,big_jump_east,5,CRD,2:36:00 PM,3:01:00 PM,80,2,2,griseocollis,Female,MONFIS,,,
Nachusa2020_2521,7/30/2020,big_jump_east,5,CRD,2:36:00 PM,3:01:00 PM,80,2,2,vagans,Female,MONFIS,,,
Nachusa2020_2522,7/30/2020,big_jump_east,5,CRD,2:36:00 PM,3:01:00 PM,80,2,2,impatiens,Female,MONFIS,,,
Nachusa2020_2523,7/30/2020,big_jump_east,5,CRD,2:36:00 PM,3:01:00 PM,80,2,2,impatiens,Female,MONFIS,,,
Nachusa2020_2524,7/30/2020,big_jump_east,5,CRD,2:36:00 PM,3:01:00 PM,80,2,2,impatiens,Female,MONFIS,,,
Nachusa2020_2525,7/30/2020,big_jump_east,5,CRD,2:36:00 PM,3:01:00 PM,80,2,2,impatiens,Female,MONFIS,,,
Nachusa2020_2526,7/30/2020,big_jump_east,5,CRD,2:36:00 PM,3:01:00 PM,80,2,2,impatiens,Female,MONFIS,,,
Nachusa2020_2527,7/30/2020,big_jump_east,5,CRD,2:36:00 PM,3:01:00 PM,80,2,2,impatiens,Female,MONFIS,,,
Nachusa2020_2528,7/30/2020,big_jump_east,5,CRD,2:36:00 PM,3:01:00 PM,80,2,2,impatiens,Female,MONFIS,,,
Nachusa2020_2529,7/30/2020,big_jump_east,5,CRD,2:36:00 PM,3:01:00 PM,80,2,2,impatiens,Female,MONFIS,,,
Nachusa2020_2530,7/30/2020,big_jump_east,5,CRD,2:36:00 PM,3:01:00 PM,80,2,2,impatiens,Female,MONFIS,,,
Nachusa2020_2531,7/30/2020,big_jump_east,5,CRD,2:36:00 PM,3:01:00 PM,80,2,2,impatiens,Female,MONFIS,,,
Nachusa2020_2532,7/30/2020,big_jump_east,5,CRD,2:36:00 PM,3:01:00 PM,80,2,2,rufocinctus,unknown,RATPIN,,,
Nachusa2020_2533,7/30/2020,big_jump_east,5,CRD,2:36:00 PM,3:01:00 PM,80,2,2,impatiens,Female,MONFIS,,,
Nachusa2020_2534,7/30/2020,big_jump_east,5,CRD,2:36:00 PM,3:01:00 PM,80,2,2,impatiens,Female,MONFIS,,,
Nachusa2020_2535,7/30/2020,big_jump_east,5,CRD,2:36:00 PM,3:01:00 PM,80,2,2,impatiens,Female,MONFIS,,,
Nachusa2020_2536,7/30/2020,big_jump_east,5,CRD,2:36:00 PM,3:01:00 PM,80,2,2,impatiens,Female,MONFIS,,,
Nachusa2020_2537,7/30/2020,big_jump_east,5,CRD,2:36:00 PM,3:01:00 PM,80,2,2,affinis,Female,MONFIS,,,photos
Nachusa2020_2538,7/30/2020,big_jump_east,5,CRD,2:36:00 PM,3:01:00 PM,80,2,2,griseocollis,Female,MONFIS,,,
Nachusa2020_2539,7/30/2020,big_jump_east,5,CRD,2:36:00 PM,3:01:00 PM,80,2,2,griseocollis,Female,MONFIS,,,
Nachusa2020_2540,7/30/2020,big_jump_east,5,CRD,2:36:00 PM,3:01:00 PM,80,2,2,impatiens,Female,MONFIS,,,
Nachusa2020_2541,7/30/2020,big_jump_east,5,CRD,2:36:00 PM,3:01:00 PM,80,2,2,impatiens,Female,MONFIS,,,
Nachusa2020_2542,7/30/2020,big_jump_east,5,CRD,2:36:00 PM,3:01:00 PM,80,2,2,impatiens,Female,MONFIS,,,
Nachusa2020_2543,7/30/2020,big_jump_east,5,CRD,2:36:00 PM,3:01:00 PM,80,2,2,impatiens,Female,MONFIS,,,
Nachusa2020_2544,7/30/2020,big_jump_east,5,CRD,2:36:00 PM,3:01:00 PM,80,2,2,impatiens,Female,MONFIS,,,
Nachusa2020_2545,7/30/2020,big_jump_east,5,CRD,2:36:00 PM,3:01:00 PM,80,2,2,impatiens,Female,MONFIS,,,
Nachusa2020_2546,7/30/2020,big_jump_east,5,CRD,2:36:00 PM,3:01:00 PM,80,2,2,impatiens,Female,MONFIS,,,
Nachusa2020_2547,7/30/2020,big_jump_east,5,CRD,2:36:00 PM,3:01:00 PM,80,2,2,impatiens,Female,MONFIS,,,
Nachusa2020_2548,7/30/2020,big_jump_east,5,CRD,2:36:00 PM,3:01:00 PM,80,2,2,impatiens,Female,MONFIS,,,
Nachusa2020_2549,7/30/2020,big_jump_east,5,CRD,2:36:00 PM,3:01:00 PM,80,2,2,griseocollis,Male,MONFIS,,,
Nachusa2020_2550,7/30/2020,big_jump_east,5,CRD,2:36:00 PM,3:01:00 PM,80,2,2,griseocollis,Male,MONFIS,,,
Nachusa2020_2551,7/30/2020,big_jump_east,5,CRD,2:36:00 PM,3:01:00 PM,80,2,2,griseocollis,Male,MONFIS,,,
Nachusa2020_2552,7/30/2020,big_jump_east,5,CRD,2:36:00 PM,3:01:00 PM,80,2,2,griseocollis,Male,MONFIS,,,
Nachusa2020_2553,7/30/2020,big_jump_east,5,CRD,2:36:00 PM,3:01:00 PM,80,2,2,griseocollis,Male,MONFIS,,,
Nachusa2020_2554,7/30/2020,big_jump_east,5,CRD,2:36:00 PM,3:01:00 PM,80,2,2,griseocollis,Male,MONFIS,,,
Nachusa2020_2555,7/30/2020,big_jump_east,5,CRD,2:36:00 PM,3:01:00 PM,80,2,2,griseocollis,Male,MONFIS,,,
Nachusa2020_2556,7/30/2020,big_jump_east,5,CRD,2:36:00 PM,3:01:00 PM,80,2,2,griseocollis,Female,MONFIS,,,
Nachusa2020_2557,7/30/2020,big_jump_east,5,CRD,2:36:00 PM,3:01:00 PM,80,2,2,griseocollis,Female,MONFIS,,,
Nachusa2020_2558,7/30/2020,big_jump_east,5,CRD,2:36:00 PM,3:01:00 PM,80,2,2,griseocollis,Female,MONFIS,,,
Nachusa2020_2559,7/30/2020,big_jump_east,5,CRD,2:36:00 PM,3:01:00 PM,80,2,2,impatiens,Female,MONFIS,,,
Nachusa2020_2560,7/30/2020,big_jump_east,5,CRD,2:36:00 PM,3:01:00 PM,80,2,2,impatiens,Female,MONFIS,,,
Nachusa2020_2561,7/30/2020,big_jump_east,5,CRD,2:36:00 PM,3:01:00 PM,80,2,2,impatiens,Female,MONFIS,,,
Nachusa2020_2562,7/30/2020,big_jump_east,5,CRD,2:36:00 PM,3:01:00 PM,80,2,2,impatiens,Female,MONFIS,,,
Nachusa2020_2563,7/30/2020,big_jump_east,5,CRD,2:36:00 PM,3:01:00 PM,80,2,2,impatiens,Female,MONFIS,,,
Nachusa2020_2564,7/30/2020,big_jump_east,5,CRD,2:36:00 PM,3:01:00 PM,80,2,2,impatiens,Female,MONFIS,,,
Nachusa2020_2565,7/30/2020,big_jump_east,5,CRD,2:36:00 PM,3:01:00 PM,80,2,2,impatiens,Female,MONFIS,,,
Nachusa2020_2566,7/30/2020,big_jump_east,5,CRD,2:36:00 PM,3:01:00 PM,80,2,2,impatiens,Female,MONFIS,,,
Nachusa2020_2567,7/30/2020,big_jump_east,5,CRD,2:36:00 PM,3:01:00 PM,80,2,2,impatiens,Female,MONFIS,,,
Nachusa2020_2568,7/30/2020,big_jump_east,5,CRD,2:36:00 PM,3:01:00 PM,80,2,2,impatiens,Female,MONFIS,,,
Nachusa2020_2569,7/30/2020,big_jump_east,5,CRD,2:36:00 PM,3:01:00 PM,80,2,2,impatiens,Female,MONFIS,,,
Nachusa2020_2570,7/30/2020,big_jump_east,5,CRD,2:36:00 PM,3:01:00 PM,80,2,2,impatiens,Female,MONFIS,,,
Nachusa2020_2571,7/30/2020,big_jump_east,5,CRD,2:36:00 PM,3:01:00 PM,80,2,2,impatiens,Female,MONFIS,,,
Nachusa2020_2572,7/30/2020,big_jump_east,5,CRD,2:36:00 PM,3:01:00 PM,80,2,2,impatiens,Female,MONFIS,,,
Nachusa2020_2573,7/30/2020,big_jump_east,5,CRD,2:36:00 PM,3:01:00 PM,80,2,2,vagans,Female,MONFIS,,,
Nachusa2020_2574,7/30/2020,big_jump_east,5,CRD,2:36:00 PM,3:01:00 PM,80,2,2,auricomus,Female,MONFIS,,,
Nachusa2020_2575,7/30/2020,big_jump_east,5,CRD,2:36:00 PM,3:01:00 PM,80,2,2,auricomus,Female,MONFIS,,,
Nachusa2020_2576,7/30/2020,big_jump_east,5,CRD,2:36:00 PM,3:01:00 PM,80,2,2,auricomus,Female,MONFIS,,,
Nachusa2020_2577,7/30/2020,big_jump_east,5,CRD,2:36:00 PM,3:01:00 PM,80,2,2,auricomus,Female,MONFIS,,,
Nachusa2020_2578,7/30/2020,big_jump_east,5,CRD,2:36:00 PM,3:01:00 PM,80,2,2,impatiens,Female,MONFIS,,,
Nachusa2020_2579,7/30/2020,big_jump_east,5,CRD,2:36:00 PM,3:01:00 PM,80,2,2,impatiens,Female,MONFIS,,,
Nachusa2020_2580,7/30/2020,big_jump_east,5,CRD,2:36:00 PM,3:01:00 PM,80,2,2,impatiens,Female,MONFIS,,,
Nachusa2020_2581,7/30/2020,big_jump_east,5,CRD,2:36:00 PM,3:01:00 PM,80,2,2,impatiens,Female,MONFIS,,,
Nachusa2020_2582,7/30/2020,big_jump_east,5,CRD,2:36:00 PM,3:01:00 PM,80,2,2,impatiens,Female,MONFIS,,,
Nachusa2020_2583,7/30/2020,big_jump_east,5,CRD,2:36:00 PM,3:01:00 PM,80,2,2,impatiens,Female,MONFIS,,,
Nachusa2020_2584,7/30/2020,big_jump_east,5,CRD,2:36:00 PM,3:01:00 PM,80,2,2,impatiens,Female,MONFIS,,,
Nachusa2020_2585,7/30/2020,big_jump_east,5,CRD,2:36:00 PM,3:01:00 PM,80,2,2,griseocollis,Female,MONFIS,,,
Nachusa2020_2586,7/30/2020,big_jump_east,5,CRD,2:36:00 PM,3:01:00 PM,80,2,2,griseocollis,Female,MONFIS,,,
Nachusa2020_2587,7/30/2020,big_jump_east,5,CRD,2:36:00 PM,3:01:00 PM,80,2,2,griseocollis,Female,MONFIS,,,
Nachusa2020_2588,7/30/2020,big_jump_east,5,CRD,2:36:00 PM,3:01:00 PM,80,2,2,griseocollis,Female,MONFIS,,,
Nachusa2020_2589,7/30/2020,big_jump_east,5,CRD,2:36:00 PM,3:01:00 PM,80,2,2,griseocollis,Female,MONFIS,,,
Nachusa2020_2590,7/30/2020,big_jump_east,5,CRD,2:36:00 PM,3:01:00 PM,80,2,2,griseocollis,Female,MONFIS,,,
Nachusa2020_2591,7/30/2020,big_jump_east,5,CRD,2:36:00 PM,3:01:00 PM,80,2,2,griseocollis,Female,MONFIS,,,
Nachusa2020_2592,7/30/2020,big_jump_east,5,CRD,2:36:00 PM,3:01:00 PM,80,2,2,griseocollis,Female,MONFIS,,,
Nachusa2020_2593,7/30/2020,big_jump_east,5,CRD,2:36:00 PM,3:01:00 PM,80,2,2,griseocollis,Female,MONFIS,,,
Nachusa2020_2594,7/30/2020,big_jump_east,5,CRD,2:36:00 PM,3:01:00 PM,80,2,2,griseocollis,Female,MONFIS,,,
Nachusa2020_2595,7/30/2020,big_jump_east,5,CRD,2:36:00 PM,3:01:00 PM,80,2,2,auricomus,Female,MONFIS,,,specimen taken
Nachusa2020_2596,7/30/2020,big_jump_east,5,CRD,2:36:00 PM,3:01:00 PM,80,2,2,bimaculatus,Female,MONFIS,,,
Nachusa2020_2597,7/30/2020,big_jump_east,5,CRD,2:36:00 PM,3:01:00 PM,80,2,2,impatiens,Female,MONFIS,,,
Nachusa2020_2598,7/30/2020,big_jump_east,5,CRD,2:36:00 PM,3:01:00 PM,80,2,2,impatiens,Female,MONFIS,,,
Nachusa2020_2599,7/30/2020,big_jump_east,5,CRD,2:36:00 PM,3:01:00 PM,80,2,2,impatiens,Female,MONFIS,,,
Nachusa2020_2600,7/30/2020,big_jump_east,5,CRD,2:36:00 PM,3:01:00 PM,80,2,2,impatiens,Female,MONFIS,,,
Nachusa2020_2601,7/30/2020,big_jump_east,5,CRD,2:36:00 PM,3:01:00 PM,80,2,2,impatiens,Female,MONFIS,,,
Nachusa2020_2602,7/30/2020,big_jump_east,5,CRD,2:36:00 PM,3:01:00 PM,80,2,2,impatiens,Female,MONFIS,,,
Nachusa2020_2603,7/30/2020,big_jump_east,5,CRD,2:36:00 PM,3:01:00 PM,80,2,2,impatiens,Female,MONFIS,,,
Nachusa2020_2604,7/30/2020,big_jump_east,5,CRD,2:36:00 PM,3:01:00 PM,80,2,2,impatiens,Female,MONFIS,,,
Nachusa2020_2605,7/30/2020,big_jump_east,5,CRD,2:36:00 PM,3:01:00 PM,80,2,2,impatiens,Female,MONFIS,,,
Nachusa2020_2606,7/30/2020,big_jump_east,5,CRD,2:36:00 PM,3:01:00 PM,80,2,2,impatiens,Female,MONFIS,,,
Nachusa2020_2607,7/30/2020,big_jump_east,5,CRD,2:36:00 PM,3:01:00 PM,80,2,2,impatiens,Female,MONFIS,,,
Nachusa2020_2608,7/30/2020,big_jump_east,5,CRD,2:36:00 PM,3:01:00 PM,80,2,2,impatiens,Female,MONFIS,,,
Nachusa2020_2609,7/30/2020,big_jump_east,5,CRD,2:36:00 PM,3:01:00 PM,80,2,2,impatiens,Female,MONFIS,,,
Nachusa2020_2610,7/30/2020,big_jump_east,5,CRD,2:36:00 PM,3:01:00 PM,80,2,2,impatiens,Female,MONFIS,,,
Nachusa2020_2611,7/30/2020,big_jump_east,5,CRD,2:36:00 PM,3:01:00 PM,80,2,2,impatiens,Female,MONFIS,,,
Nachusa2020_2612,7/30/2020,big_jump_east,5,CRD,2:36:00 PM,3:01:00 PM,80,2,2,impatiens,Female,MONFIS,,,
Nachusa2020_2613,7/30/2020,big_jump_east,5,CRD,2:36:00 PM,3:01:00 PM,80,2,2,impatiens,Female,MONFIS,,,
Nachusa2020_2614,7/30/2020,big_jump_east,5,CRD,2:36:00 PM,3:01:00 PM,80,2,2,impatiens,Female,MONFIS,,,
Nachusa2020_2615,7/30/2020,big_jump_east,5,CRD,2:36:00 PM,3:01:00 PM,80,2,2,auricomus,Female,MONFIS,,,
Nachusa2020_2616,7/30/2020,big_jump_center,3,CRD,1:08:00 PM,1:32:00 PM,79,2,2,griseocollis,Male,MONFIS,,,
Nachusa2020_2617,7/30/2020,big_jump_center,3,CRD,1:08:00 PM,1:32:00 PM,79,2,2,impatiens,Female,MONFIS,,,
Nachusa2020_2618,7/30/2020,big_jump_center,3,CRD,1:08:00 PM,1:32:00 PM,79,2,2,griseocollis,Male,MONFIS,,,
Nachusa2020_2619,7/30/2020,big_jump_center,3,CRD,1:08:00 PM,1:32:00 PM,79,2,2,impatiens,Female,MONFIS,,,
Nachusa2020_2620,7/30/2020,big_jump_center,3,CRD,1:08:00 PM,1:32:00 PM,79,2,2,auri/pens,Female,MONFIS,,,
Nachusa2020_2621,7/30/2020,big_jump_center,3,CRD,1:08:00 PM,1:32:00 PM,79,2,2,impatiens,Female,MONFIS,,,
Nachusa2020_2622,7/30/2020,big_jump_center,3,CRD,1:08:00 PM,1:32:00 PM,79,2,2,impatiens,Female,MONFIS,,,
Nachusa2020_2623,7/30/2020,big_jump_center,3,CRD,1:08:00 PM,1:32:00 PM,79,2,2,impatiens,Female,MONFIS,,,
Nachusa2020_2624,7/30/2020,big_jump_center,3,CRD,1:08:00 PM,1:32:00 PM,79,2,2,griseocollis,Female,MONFIS,,,
Nachusa2020_2625,7/30/2020,big_jump_center,3,CRD,1:08:00 PM,1:32:00 PM,79,2,2,auricomus,Male,None,,,
Nachusa2020_2626,7/30/2020,big_jump_center,3,CRD,1:08:00 PM,1:32:00 PM,79,2,2,impatiens,Female,MONFIS,,,
Nachusa2020_2627,7/30/2020,big_jump_center,3,CRD,1:08:00 PM,1:32:00 PM,79,2,2,impatiens,Female,MONFIS,,,
Nachusa2020_2628,7/30/2020,big_jump_center,3,CRD,1:08:00 PM,1:32:00 PM,79,2,2,vagans,Female,MONFIS,,,
Nachusa2020_2629,7/30/2020,big_jump_center,3,CRD,1:08:00 PM,1:32:00 PM,79,2,2,impatiens,Female,MONFIS,,,
Nachusa2020_2630,7/30/2020,big_jump_center,3,CRD,1:08:00 PM,1:32:00 PM,79,2,2,impatiens,Female,MONFIS,,,
Nachusa2020_2631,7/30/2020,big_jump_center,3,CRD,1:08:00 PM,1:32:00 PM,79,2,2,impatiens,Female,MONFIS,,,
Nachusa2020_2632,7/30/2020,big_jump_center,3,CRD,1:08:00 PM,1:32:00 PM,79,2,2,griseocollis,Female,MONFIS,,,
Nachusa2020_2633,7/30/2020,big_jump_center,3,CRD,1:08:00 PM,1:32:00 PM,79,2,2,auricomus,Female,MONFIS,,,
Nachusa2020_2634,7/30/2020,big_jump_center,3,CRD,1:08:00 PM,1:32:00 PM,79,2,2,griseocollis,Female,MONFIS,,,
Nachusa2020_2635,7/30/2020,big_jump_center,3,CRD,1:08:00 PM,1:32:00 PM,79,2,2,griseocollis,Female,MONFIS,,,
Nachusa2020_2636,7/30/2020,big_jump_center,3,CRD,1:08:00 PM,1:32:00 PM,79,2,2,impatiens,Female,MONFIS,,,
Nachusa2020_2637,7/30/2020,big_jump_center,3,CRD,1:08:00 PM,1:32:00 PM,79,2,2,impatiens,Female,MONFIS,,,
Nachusa2020_2638,7/30/2020,big_jump_center,3,CRD,1:08:00 PM,1:32:00 PM,79,2,2,impatiens,Female,MONFIS,,,
Nachusa2020_2639,7/30/2020,big_jump_center,3,CRD,1:08:00 PM,1:32:00 PM,79,2,2,impatiens,Female,MONFIS,,,
Nachusa2020_2640,7/30/2020,big_jump_center,3,CRD,1:08:00 PM,1:32:00 PM,79,2,2,impatiens,Female,MONFIS,,,
Nachusa2020_2641,7/30/2020,big_jump_center,3,CRD,1:08:00 PM,1:32:00 PM,79,2,2,impatiens,Female,MONFIS,,,
Nachusa2020_2642,7/30/2020,big_jump_center,3,CRD,1:08:00 PM,1:32:00 PM,79,2,2,griseocollis,Female,MONFIS,,,
Nachusa2020_2643,7/30/2020,big_jump_center,3,CRD,1:08:00 PM,1:32:00 PM,79,2,2,griseocollis,Female,MONFIS,,,
Nachusa2020_2644,7/30/2020,big_jump_center,3,CRD,1:08:00 PM,1:32:00 PM,79,2,2,vagans,Female,MONFIS,,,
Nachusa2020_2645,7/30/2020,big_jump_center,3,CRD,1:08:00 PM,1:32:00 PM,79,2,2,impatiens,Female,MONFIS,,,
Nachusa2020_2646,7/30/2020,big_jump_center,3,CRD,1:08:00 PM,1:32:00 PM,79,2,2,impatiens,Female,MONFIS,,,
Nachusa2020_2647,7/30/2020,big_jump_center,3,CRD,1:08:00 PM,1:32:00 PM,79,2,2,impatiens,Female,MONFIS,,,
Nachusa2020_2648,7/30/2020,big_jump_center,3,CRD,1:08:00 PM,1:32:00 PM,79,2,2,impatiens,Female,MONFIS,,,
Nachusa2020_2649,7/30/2020,big_jump_center,3,CRD,1:08:00 PM,1:32:00 PM,79,2,2,impatiens,Female,MONFIS,,,
Nachusa2020_2650,7/30/2020,big_jump_center,3,CRD,1:08:00 PM,1:32:00 PM,79,2,2,impatiens,Female,MONFIS,,,
Nachusa2020_2651,7/30/2020,big_jump_center,3,CRD,1:08:00 PM,1:32:00 PM,79,2,2,impatiens,Female,MONFIS,,,
Nachusa2020_2652,7/30/2020,big_jump_center,3,CRD,1:08:00 PM,1:32:00 PM,79,2,2,griseocollis,Female,MONFIS,,,
Nachusa2020_2653,7/30/2020,big_jump_center,3,CRD,1:08:00 PM,1:32:00 PM,79,2,2,griseocollis,Female,MONFIS,,,
Nachusa2020_2654,7/30/2020,big_jump_center,3,CRD,1:08:00 PM,1:32:00 PM,79,2,2,vagans,Female,MONFIS,,,
Nachusa2020_2655,7/30/2020,big_jump_center,3,CRD,1:08:00 PM,1:32:00 PM,79,2,2,auricomus,Female,MONFIS,,,
Nachusa2020_2656,7/30/2020,big_jump_center,3,CRD,1:08:00 PM,1:32:00 PM,79,2,2,auri/pens,Female,MONFIS,,,
Nachusa2020_2657,7/30/2020,big_jump_center,3,CRD,1:08:00 PM,1:32:00 PM,79,2,2,impatiens,Female,MONFIS,,,
Nachusa2020_2658,7/30/2020,big_jump_center,3,CRD,1:08:00 PM,1:32:00 PM,79,2,2,impatiens,Female,MONFIS,,,
Nachusa2020_2659,7/30/2020,big_jump_center,3,CRD,1:08:00 PM,1:32:00 PM,79,2,2,impatiens,Female,MONFIS,,,
Nachusa2020_2660,7/30/2020,big_jump_center,3,CRD,1:08:00 PM,1:32:00 PM,79,2,2,griseocollis,Male,MONFIS,,,
Nachusa2020_2661,7/30/2020,big_jump_center,3,CRD,1:08:00 PM,1:32:00 PM,79,2,2,auri/pens,Female,MONFIS,,,
Nachusa2020_2662,7/30/2020,big_jump_center,3,CRD,1:08:00 PM,1:32:00 PM,79,2,2,griseocollis,Female,MONFIS,,,
Nachusa2020_2663,7/30/2020,big_jump_center,3,CRD,1:08:00 PM,1:32:00 PM,79,2,2,impatiens,Female,TEUCAN,,,
Nachusa2020_2664,7/30/2020,big_jump_center,3,CRD,1:08:00 PM,1:32:00 PM,79,2,2,griseocollis,Male,MONFIS,,,
Nachusa2020_2665,7/30/2020,big_jump_center,3,CRD,1:08:00 PM,1:32:00 PM,79,2,2,griseocollis,Female,MONFIS,,,
Nachusa2020_2666,7/30/2020,big_jump_center,3,CRD,1:08:00 PM,1:32:00 PM,79,2,2,impatiens,Female,MONFIS,,,
Nachusa2020_2667,7/30/2020,big_jump_center,3,CRD,1:08:00 PM,1:32:00 PM,79,2,2,griseocollis,Female,MONFIS,,,
Nachusa2020_2668,7/30/2020,big_jump_center,3,CRD,1:08:00 PM,1:32:00 PM,79,2,2,impatiens,Female,TEUCAN,,,
Nachusa2020_2669,7/30/2020,big_jump_center,3,CRD,1:08:00 PM,1:32:00 PM,79,2,2,auricomus,Female,MONFIS,,,
Nachusa2020_2670,7/30/2020,big_jump_center,3,CRD,1:08:00 PM,1:32:00 PM,79,2,2,impatiens,Female,MONFIS,,,
Nachusa2020_2671,7/30/2020,big_jump_center,3,CRD,1:08:00 PM,1:32:00 PM,79,2,2,impatiens,Female,MONFIS,,,
Nachusa2020_2672,7/30/2020,big_jump_center,3,CRD,1:08:00 PM,1:32:00 PM,79,2,2,griseocollis,Female,MONFIS,,,
Nachusa2020_2673,7/30/2020,big_jump_center,3,CRD,1:08:00 PM,1:32:00 PM,79,2,2,impatiens,Female,MONFIS,,,
Nachusa2020_2674,7/30/2020,big_jump_center,3,CRD,1:08:00 PM,1:32:00 PM,79,2,2,impatiens,Female,MONFIS,,,
Nachusa2020_2675,7/30/2020,big_jump_center,3,CRD,1:08:00 PM,1:32:00 PM,79,2,2,vagans,Female,MONFIS,,,
Nachusa2020_2676,7/30/2020,big_jump_center,3,CRD,1:08:00 PM,1:32:00 PM,79,2,2,griseocollis,Male,MONFIS,,,
Nachusa2020_2677,7/30/2020,big_jump_center,3,CRD,1:08:00 PM,1:32:00 PM,79,2,2,griseocollis,Male,MONFIS,,,
Nachusa2020_2678,7/30/2020,big_jump_center,3,CRD,1:08:00 PM,1:32:00 PM,79,2,2,fervidus,Female,MONFIS,,,
Nachusa2020_2679,7/30/2020,big_jump_center,3,CRD,1:08:00 PM,1:32:00 PM,79,2,2,impatiens,Female,MONFIS,,,
Nachusa2020_2680,7/30/2020,big_jump_center,3,CRD,1:08:00 PM,1:32:00 PM,79,2,2,impatiens,Female,MONFIS,,,
Nachusa2020_2681,7/30/2020,big_jump_center,3,CRD,1:08:00 PM,1:32:00 PM,79,2,2,impatiens,Female,MONFIS,,,
Nachusa2020_2682,7/30/2020,big_jump_center,3,CRD,1:08:00 PM,1:32:00 PM,79,2,2,impatiens,Female,MONFIS,,,
Nachusa2020_2683,7/30/2020,big_jump_center,3,CRD,1:08:00 PM,1:32:00 PM,79,2,2,impatiens,Female,MONFIS,,,
Nachusa2020_2684,7/30/2020,big_jump_center,3,CRD,1:08:00 PM,1:32:00 PM,79,2,2,impatiens,Female,MONFIS,,,
Nachusa2020_2685,7/30/2020,big_jump_center,3,CRD,1:08:00 PM,1:32:00 PM,79,2,2,impatiens,Female,MONFIS,,,
Nachusa2020_2686,7/30/2020,big_jump_center,3,CRD,1:08:00 PM,1:32:00 PM,79,2,2,impatiens,Female,MONFIS,,,
Nachusa2020_2687,7/30/2020,big_jump_center,3,CRD,1:08:00 PM,1:32:00 PM,79,2,2,impatiens,Female,MONFIS,,,
Nachusa2020_2688,7/30/2020,big_jump_center,3,CRD,1:08:00 PM,1:32:00 PM,79,2,2,griseocollis,Male,MONFIS,,,
Nachusa2020_2689,7/30/2020,big_jump_center,3,CRD,1:08:00 PM,1:32:00 PM,79,2,2,griseocollis,Male,MONFIS,,,
Nachusa2020_2690,7/30/2020,big_jump_center,3,CRD,1:08:00 PM,1:32:00 PM,79,2,2,griseocollis,Male,MONFIS,,,
Nachusa2020_2691,7/30/2020,big_jump_center,3,CRD,1:08:00 PM,1:32:00 PM,79,2,2,griseocollis,Male,MONFIS,,,
Nachusa2020_2692,7/30/2020,big_jump_center,3,CRD,1:08:00 PM,1:32:00 PM,79,2,2,griseocollis,Male,MONFIS,,,
Nachusa2020_2693,7/30/2020,big_jump_center,3,CRD,1:08:00 PM,1:32:00 PM,79,2,2,griseocollis,Male,MONFIS,,,
Nachusa2020_2694,7/30/2020,big_jump_center,3,CRD,1:08:00 PM,1:32:00 PM,79,2,2,griseocollis,Male,MONFIS,,,
Nachusa2020_2695,7/30/2020,big_jump_center,3,CRD,1:08:00 PM,1:32:00 PM,79,2,2,griseocollis,Male,MONFIS,,,
Nachusa2020_2696,7/30/2020,big_jump_center,3,CRD,1:08:00 PM,1:32:00 PM,79,2,2,griseocollis,Male,MONFIS,,,
Nachusa2020_2697,7/30/2020,big_jump_center,3,CRD,1:08:00 PM,1:32:00 PM,79,2,2,griseocollis,Male,MONFIS,,,
Nachusa2020_2698,7/30/2020,big_jump_center,3,CRD,1:08:00 PM,1:32:00 PM,79,2,2,griseocollis,Male,MONFIS,,,
Nachusa2020_2699,7/30/2020,big_jump_center,3,CRD,1:08:00 PM,1:32:00 PM,79,2,2,griseocollis,Male,MONFIS,,,
Nachusa2020_2700,7/30/2020,big_jump_center,3,CRD,1:08:00 PM,1:32:00 PM,79,2,2,griseocollis,Male,MONFIS,,,
Nachusa2020_2701,7/30/2020,big_jump_center,3,CRD,1:08:00 PM,1:32:00 PM,79,2,2,griseocollis,Female,MONFIS,,,
Nachusa2020_2702,7/30/2020,big_jump_center,3,CRD,1:08:00 PM,1:32:00 PM,79,2,2,griseocollis,Female,MONFIS,,,
Nachusa2020_2703,7/30/2020,big_jump_center,3,CRD,1:08:00 PM,1:32:00 PM,79,2,2,griseocollis,Female,MONFIS,,,
Nachusa2020_2704,7/30/2020,big_jump_center,3,CRD,1:08:00 PM,1:32:00 PM,79,2,2,impatiens,Female,MONFIS,,,
Nachusa2020_2705,7/30/2020,big_jump_center,3,CRD,1:08:00 PM,1:32:00 PM,79,2,2,impatiens,Female,MONFIS,,,
Nachusa2020_2706,7/30/2020,big_jump_center,3,CRD,1:08:00 PM,1:32:00 PM,79,2,2,impatiens,Female,MONFIS,,,
Nachusa2020_2707,7/30/2020,big_jump_center,3,CRD,1:08:00 PM,1:32:00 PM,79,2,2,impatiens,Female,MONFIS,,,
Nachusa2020_2708,7/30/2020,big_jump_center,3,CRD,1:08:00 PM,1:32:00 PM,79,2,2,impatiens,Female,MONFIS,,,
Nachusa2020_2709,7/30/2020,big_jump_center,3,CRD,1:08:00 PM,1:32:00 PM,79,2,2,impatiens,Female,MONFIS,,,
Nachusa2020_2710,7/30/2020,big_jump_center,3,CRD,1:08:00 PM,1:32:00 PM,79,2,2,impatiens,Female,MONFIS,,,
Nachusa2020_2711,7/30/2020,big_jump_center,3,CRD,1:08:00 PM,1:32:00 PM,79,2,2,auri/pens,Female,MONFIS,,,
Nachusa2020_2712,7/30/2020,big_jump_center,3,CRD,1:08:00 PM,1:32:00 PM,79,2,2,auricomus,Male,MONFIS,,,
Nachusa2020_2713,7/30/2020,big_jump_center,3,CRD,1:08:00 PM,1:32:00 PM,79,2,2,auricomus,Male,MONFIS,,,
Nachusa2020_2714,7/30/2020,big_jump_center,3,CRD,1:08:00 PM,1:32:00 PM,79,2,2,vagans,Female,MONFIS,,,
Nachusa2020_2715,7/30/2020,big_jump_center,3,CRD,1:08:00 PM,1:32:00 PM,79,2,2,vagans,Female,MONFIS,,,
Nachusa2020_2716,7/30/2020,big_jump_center,3,CRD,1:08:00 PM,1:32:00 PM,79,2,2,vagans,Female,MONFIS,,,
Nachusa2020_2717,7/30/2020,big_jump_center,3,CRD,1:08:00 PM,1:32:00 PM,79,2,2,impatiens,Female,MONFIS,,,
Nachusa2020_2718,7/30/2020,big_jump_center,3,CRD,1:08:00 PM,1:32:00 PM,79,2,2,impatiens,Female,MONFIS,,,
Nachusa2020_2719,7/30/2020,big_jump_center,3,CRD,1:08:00 PM,1:32:00 PM,79,2,2,impatiens,Female,MONFIS,,,
Nachusa2020_2720,7/30/2020,big_jump_center,3,CRD,1:08:00 PM,1:32:00 PM,79,2,2,impatiens,Female,MONFIS,,,
Nachusa2020_2721,7/30/2020,big_jump_center,3,CRD,1:08:00 PM,1:32:00 PM,79,2,2,griseocollis,Female,MONFIS,,,
Nachusa2020_2722,7/30/2020,big_jump_center,3,CRD,1:08:00 PM,1:32:00 PM,79,2,2,griseocollis,Female,MONFIS,,,
Nachusa2020_2723,7/30/2020,big_jump_center,3,CRD,1:08:00 PM,1:32:00 PM,79,2,2,griseocollis,Female,MONFIS,,,
Nachusa2020_2724,7/30/2020,big_jump_center,3,CRD,1:08:00 PM,1:32:00 PM,79,2,2,griseocollis,Female,MONFIS,,,
Nachusa2020_2725,7/30/2020,big_jump_center,3,CRD,1:08:00 PM,1:32:00 PM,79,2,2,griseocollis,Female,MONFIS,,,
Nachusa2020_2726,7/30/2020,big_jump_center,3,CRD,1:08:00 PM,1:32:00 PM,79,2,2,griseocollis,Female,MONFIS,,,
Nachusa2020_2727,7/30/2020,big_jump_center,3,CRD,1:08:00 PM,1:32:00 PM,79,2,2,griseocollis,Female,MONFIS,,,
Nachusa2020_2728,7/30/2020,big_jump_center,3,CRD,1:08:00 PM,1:32:00 PM,79,2,2,griseocollis,Female,MONFIS,,,
Nachusa2020_2729,7/30/2020,big_jump_center,3,CRD,1:08:00 PM,1:32:00 PM,79,2,2,griseocollis,Female,MONFIS,,,
Nachusa2020_2730,7/30/2020,big_jump_center,3,CRD,1:08:00 PM,1:32:00 PM,79,2,2,griseocollis,Female,MONFIS,,,
Nachusa2020_2731,7/30/2020,big_jump_center,3,CRD,1:08:00 PM,1:32:00 PM,79,2,2,impatiens,Male,MONFIS,,,
Nachusa2020_2732,7/30/2020,big_jump_center,3,CRD,1:08:00 PM,1:32:00 PM,79,2,2,impatiens,Female,MONFIS,,,
Nachusa2020_2733,7/30/2020,big_jump_center,3,CRD,1:08:00 PM,1:32:00 PM,79,2,2,impatiens,Female,MONFIS,,,
Nachusa2020_2734,7/30/2020,big_jump_center,3,CRD,1:08:00 PM,1:32:00 PM,79,2,2,impatiens,Female,MONFIS,,,
Nachusa2020_2735,7/30/2020,big_jump_center,3,CRD,1:08:00 PM,1:32:00 PM,79,2,2,impatiens,Female,MONFIS,,,
Nachusa2020_2736,7/30/2020,big_jump_center,3,CRD,1:08:00 PM,1:32:00 PM,79,2,2,impatiens,Female,MONFIS,,,
Nachusa2020_2737,7/30/2020,big_jump_center,3,CRD,1:08:00 PM,1:32:00 PM,79,2,2,impatiens,Female,MONFIS,,,
Nachusa2020_2738,7/30/2020,big_jump_center,3,CRD,1:08:00 PM,1:32:00 PM,79,2,2,bimaculatus,Female,MONFIS,,,
Nachusa2020_2739,7/31/2020,big_jump_center,4,CRD,1:02:00 PM,1:22:00 PM,78,2,2,griseocollis,Male,MONFIS,,,
Nachusa2020_2740,7/31/2020,big_jump_center,4,CRD,1:02:00 PM,1:22:00 PM,78,2,2,impatiens,Female,MONFIS,,,
Nachusa2020_2741,7/31/2020,big_jump_center,4,CRD,1:02:00 PM,1:22:00 PM,78,2,2,impatiens,Female,MONFIS,,,
Nachusa2020_2742,7/31/2020,big_jump_center,4,CRD,1:02:00 PM,1:22:00 PM,78,2,2,impatiens,Female,MONFIS,,,
Nachusa2020_2743,7/31/2020,big_jump_center,4,CRD,1:02:00 PM,1:22:00 PM,78,2,2,impatiens,Female,MONFIS,,,
Nachusa2020_2744,7/31/2020,big_jump_center,4,CRD,1:02:00 PM,1:22:00 PM,78,2,2,impatiens,Female,DESCAN,,,
Nachusa2020_2745,7/31/2020,big_jump_center,4,CRD,1:02:00 PM,1:22:00 PM,78,2,2,impatiens,Female,DESCAN,,,
Nachusa2020_2746,7/31/2020,big_jump_center,4,CRD,1:02:00 PM,1:22:00 PM,78,2,2,impatiens,Female,DESCAN,,,
Nachusa2020_2747,7/31/2020,big_jump_center,4,CRD,1:02:00 PM,1:22:00 PM,78,2,2,impatiens,Male,MONFIS,,,
Nachusa2020_2748,7/31/2020,big_jump_center,4,CRD,1:02:00 PM,1:22:00 PM,78,2,2,griseocollis,Female,MONFIS,,,
Nachusa2020_2749,7/31/2020,big_jump_center,4,CRD,1:02:00 PM,1:22:00 PM,78,2,2,griseocollis,Female,MONFIS,,,
Nachusa2020_2750,7/31/2020,big_jump_center,4,CRD,1:02:00 PM,1:22:00 PM,78,2,2,impatiens,Female,MONFIS,,,
Nachusa2020_2751,7/31/2020,big_jump_center,4,CRD,1:02:00 PM,1:22:00 PM,78,2,2,impatiens,Female,MONFIS,,,
Nachusa2020_2752,7/31/2020,big_jump_center,4,CRD,1:02:00 PM,1:22:00 PM,78,2,2,impatiens,Female,MONFIS,,,
Nachusa2020_2753,7/31/2020,big_jump_center,4,CRD,1:02:00 PM,1:22:00 PM,78,2,2,auricomus,Female,MONFIS,,,
Nachusa2020_2754,7/31/2020,big_jump_center,4,CRD,1:02:00 PM,1:22:00 PM,78,2,2,griseocollis,Male,MONFIS,,,
Nachusa2020_2755,7/31/2020,big_jump_center,4,CRD,1:02:00 PM,1:22:00 PM,78,2,2,griseocollis,Male,MONFIS,,,
Nachusa2020_2756,7/31/2020,big_jump_center,4,CRD,1:02:00 PM,1:22:00 PM,78,2,2,griseocollis,Male,MONFIS,,,
Nachusa2020_2757,7/31/2020,big_jump_center,4,CRD,1:02:00 PM,1:22:00 PM,78,2,2,griseocollis,Male,MONFIS,,,
Nachusa2020_2758,7/31/2020,big_jump_center,4,CRD,1:02:00 PM,1:22:00 PM,78,2,2,griseocollis,Male,MONFIS,,,
Nachusa2020_2759,7/31/2020,big_jump_center,4,CRD,1:02:00 PM,1:22:00 PM,78,2,2,griseocollis,Male,MONFIS,,,
Nachusa2020_2760,7/31/2020,big_jump_center,4,CRD,1:02:00 PM,1:22:00 PM,78,2,2,griseocollis,Male,MONFIS,,,
Nachusa2020_2761,7/31/2020,big_jump_center,4,CRD,1:02:00 PM,1:22:00 PM,78,2,2,impatiens,Female,DESCAN,,,
Nachusa2020_2762,7/31/2020,big_jump_center,4,CRD,1:02:00 PM,1:22:00 PM,78,2,2,impatiens,Female,MONFIS,,,
Nachusa2020_2763,7/31/2020,big_jump_center,4,CRD,1:02:00 PM,1:22:00 PM,78,2,2,impatiens,Female,MONFIS,,,
Nachusa2020_2764,7/31/2020,big_jump_center,4,CRD,1:02:00 PM,1:22:00 PM,78,2,2,impatiens,Female,MONFIS,,,
Nachusa2020_2765,7/31/2020,big_jump_center,4,CRD,1:02:00 PM,1:22:00 PM,78,2,2,impatiens,Female,MONFIS,,,
Nachusa2020_2766,7/31/2020,big_jump_center,4,CRD,1:02:00 PM,1:22:00 PM,78,2,2,impatiens,Female,MONFIS,,,
Nachusa2020_2767,7/31/2020,big_jump_center,4,CRD,1:02:00 PM,1:22:00 PM,78,2,2,impatiens,Female,MONFIS,,,
Nachusa2020_2768,7/31/2020,big_jump_center,4,CRD,1:02:00 PM,1:22:00 PM,78,2,2,impatiens,Female,MONFIS,,,
Nachusa2020_2769,7/31/2020,big_jump_center,4,CRD,1:02:00 PM,1:22:00 PM,78,2,2,impatiens,Female,MONFIS,,,
Nachusa2020_2770,7/31/2020,big_jump_center,4,CRD,1:02:00 PM,1:22:00 PM,78,2,2,impatiens,Female,MONFIS,,,
Nachusa2020_2771,7/31/2020,big_jump_center,4,CRD,1:02:00 PM,1:22:00 PM,78,2,2,impatiens,Female,MONFIS,,,
Nachusa2020_2772,7/31/2020,big_jump_center,4,CRD,1:02:00 PM,1:22:00 PM,78,2,2,impatiens,Female,MONFIS,,,
Nachusa2020_2773,7/31/2020,big_jump_center,4,CRD,1:02:00 PM,1:22:00 PM,78,2,2,impatiens,Female,MONFIS,,,
Nachusa2020_2774,7/31/2020,big_jump_center,4,CRD,1:02:00 PM,1:22:00 PM,78,2,2,griseocollis,Male,MONFIS,,,
Nachusa2020_2775,7/31/2020,big_jump_center,4,CRD,1:02:00 PM,1:22:00 PM,78,2,2,griseocollis,Male,MONFIS,,,
Nachusa2020_2776,7/31/2020,big_jump_center,4,CRD,1:02:00 PM,1:22:00 PM,78,2,2,bimaculatus,Female,MONFIS,,,
Nachusa2020_2777,7/31/2020,big_jump_center,4,CRD,1:02:00 PM,1:22:00 PM,78,2,2,impatiens,Female,MONFIS,,,
Nachusa2020_2778,7/31/2020,big_jump_center,4,CRD,1:02:00 PM,1:22:00 PM,78,2,2,impatiens,Female,MONFIS,,,
Nachusa2020_2779,7/31/2020,big_jump_center,4,CRD,1:02:00 PM,1:22:00 PM,78,2,2,impatiens,Female,MONFIS,,,
Nachusa2020_2780,7/31/2020,big_jump_center,4,CRD,1:02:00 PM,1:22:00 PM,78,2,2,impatiens,Female,MONFIS,,,
Nachusa2020_2781,7/31/2020,big_jump_center,4,CRD,1:02:00 PM,1:22:00 PM,78,2,2,impatiens,Female,MONFIS,,,
Nachusa2020_2782,7/31/2020,big_jump_center,4,CRD,1:02:00 PM,1:22:00 PM,78,2,2,impatiens,Female,MONFIS,,,
Nachusa2020_2783,7/31/2020,big_jump_center,4,CRD,1:02:00 PM,1:22:00 PM,78,2,2,impatiens,Female,MONFIS,,,
Nachusa2020_2784,7/31/2020,big_jump_center,4,CRD,1:02:00 PM,1:22:00 PM,78,2,2,impatiens,Female,DESCAN,,,
Nachusa2020_2785,7/31/2020,big_jump_center,4,CRD,1:02:00 PM,1:22:00 PM,78,2,2,griseocollis,Female,MONFIS,,,
Nachusa2020_2786,7/31/2020,big_jump_center,4,CRD,1:02:00 PM,1:22:00 PM,78,2,2,griseocollis,Female,MONFIS,,,
Nachusa2020_2787,7/31/2020,big_jump_center,4,CRD,1:02:00 PM,1:22:00 PM,78,2,2,griseocollis,Male,MONFIS,,,
Nachusa2020_2788,7/31/2020,big_jump_center,4,CRD,1:02:00 PM,1:22:00 PM,78,2,2,griseocollis,Male,MONFIS,,,
Nachusa2020_2789,7/31/2020,big_jump_center,4,CRD,1:02:00 PM,1:22:00 PM,78,2,2,griseocollis,Male,MONFIS,,,
Nachusa2020_2790,7/31/2020,big_jump_center,4,CRD,1:02:00 PM,1:22:00 PM,78,2,2,auricomus,Male,DESILL,,,Perched
Nachusa2020_2791,7/31/2020,big_jump_center,4,CRD,1:02:00 PM,1:22:00 PM,78,2,2,auri/pens,Female,MONFIS,,,
Nachusa2020_2792,7/31/2020,big_jump_center,4,CRD,1:02:00 PM,1:22:00 PM,78,2,2,griseocollis,Female,MONFIS,,,
Nachusa2020_2793,7/31/2020,big_jump_center,4,CRD,1:02:00 PM,1:22:00 PM,78,2,2,rufocinctus,Female,RATPIN,,,
Nachusa2020_2794,7/31/2020,big_jump_center,4,CRD,1:02:00 PM,1:22:00 PM,78,2,2,auri/pens,Female,MONFIS,,,
Nachusa2020_2795,7/31/2020,big_jump_center,4,CRD,1:02:00 PM,1:22:00 PM,78,2,2,auricomus,Female,MONFIS,,,
Nachusa2020_2796,7/31/2020,big_jump_center,4,CRD,1:02:00 PM,1:22:00 PM,78,2,2,auricomus,Female,MONFIS,,,
Nachusa2020_2797,7/31/2020,big_jump_center,4,CRD,1:02:00 PM,1:22:00 PM,78,2,2,impatiens,Female,MONFIS,,,
Nachusa2020_2798,7/31/2020,big_jump_center,4,CRD,1:02:00 PM,1:22:00 PM,78,2,2,impatiens,Female,MONFIS,,,
Nachusa2020_2799,7/31/2020,big_jump_center,4,CRD,1:02:00 PM,1:22:00 PM,78,2,2,impatiens,Female,MONFIS,,,
Nachusa2020_2800,7/31/2020,big_jump_center,4,CRD,1:02:00 PM,1:22:00 PM,78,2,2,griseocollis,Male,MONFIS,,,
Nachusa2020_2801,8/3/2020,holland_prairie_east,5,CRD,1:26:00 PM,1:55:00 PM,64,2,2,impatiens,Female,PYCTEN,,,
Nachusa2020_2802,8/3/2020,holland_prairie_east,5,CRD,1:26:00 PM,1:55:00 PM,64,2,2,impatiens,Female,MONFIS,,,
Nachusa2020_2803,8/3/2020,holland_prairie_east,5,CRD,1:26:00 PM,1:55:00 PM,64,2,2,impatiens,Female,MONFIS,,,
Nachusa2020_2804,8/3/2020,holland_prairie_east,5,CRD,1:26:00 PM,1:55:00 PM,64,2,2,impatiens,Female,MONFIS,,,
Nachusa2020_2805,8/3/2020,holland_prairie_east,5,CRD,1:26:00 PM,1:55:00 PM,64,2,2,griseocollis,Female,MONFIS,,,
Nachusa2020_2806,8/3/2020,holland_prairie_east,5,CRD,1:26:00 PM,1:55:00 PM,64,2,2,impatiens,Female,PYCTEN,,,
Nachusa2020_2807,8/3/2020,holland_prairie_east,5,CRD,1:26:00 PM,1:55:00 PM,64,2,2,impatiens,Female,PYCTEN,,,
Nachusa2020_2808,8/3/2020,holland_prairie_east,5,CRD,1:26:00 PM,1:55:00 PM,64,2,2,griseocollis,Female,MONFIS,,,
Nachusa2020_2809,8/3/2020,holland_prairie_east,5,CRD,1:26:00 PM,1:55:00 PM,64,2,2,griseocollis,Female,MONFIS,,,
Nachusa2020_2810,8/3/2020,holland_prairie_east,5,CRD,1:26:00 PM,1:55:00 PM,64,2,2,impatiens,Female,MONFIS,,,
Nachusa2020_2811,8/3/2020,holland_prairie_east,5,CRD,1:26:00 PM,1:55:00 PM,64,2,2,impatiens,Female,MONFIS,,,
Nachusa2020_2812,8/3/2020,holland_prairie_east,5,CRD,1:26:00 PM,1:55:00 PM,64,2,2,auricomus,Female,MONFIS,,,
Nachusa2020_2813,8/3/2020,holland_prairie_east,5,CRD,1:26:00 PM,1:55:00 PM,64,2,2,auricomus,Female,MONFIS,,,
Nachusa2020_2814,8/3/2020,holland_prairie_east,5,CRD,1:26:00 PM,1:55:00 PM,64,2,2,griseocollis,Female,MONFIS,,,
Nachusa2020_2815,8/3/2020,holland_prairie_east,5,CRD,1:26:00 PM,1:55:00 PM,64,2,2,griseocollis,Female,MONFIS,,,
Nachusa2020_2816,8/3/2020,holland_prairie_east,5,CRD,1:26:00 PM,1:55:00 PM,64,2,2,auricomus,Female,MONFIS,,,
Nachusa2020_2817,8/3/2020,holland_prairie_east,5,CRD,1:26:00 PM,1:55:00 PM,64,2,2,impatiens,Female,MONFIS,,,
Nachusa2020_2818,8/3/2020,holland_prairie_east,5,CRD,1:26:00 PM,1:55:00 PM,64,2,2,impatiens,Female,MONFIS,,,
Nachusa2020_2819,8/3/2020,holland_prairie_east,5,CRD,1:26:00 PM,1:55:00 PM,64,2,2,impatiens,Female,MONFIS,,,
Nachusa2020_2820,8/3/2020,holland_prairie_east,5,CRD,1:26:00 PM,1:55:00 PM,64,2,2,impatiens,Female,MONFIS,,,
Nachusa2020_2821,8/3/2020,holland_prairie_east,5,CRD,1:26:00 PM,1:55:00 PM,64,2,2,impatiens,Female,MONFIS,,,
Nachusa2020_2822,8/3/2020,holland_prairie_east,5,CRD,1:26:00 PM,1:55:00 PM,64,2,2,impatiens,Female,MONFIS,,,
Nachusa2020_2823,8/3/2020,holland_prairie_east,5,CRD,1:26:00 PM,1:55:00 PM,64,2,2,impatiens,Female,MONFIS,,,
Nachusa2020_2824,8/3/2020,holland_prairie_east,5,CRD,1:26:00 PM,1:55:00 PM,64,2,2,impatiens,Female,MONFIS,,,
Nachusa2020_2825,8/3/2020,holland_prairie_east,5,CRD,1:26:00 PM,1:55:00 PM,64,2,2,griseocollis,Female,MONFIS,,,
Nachusa2020_2826,8/3/2020,holland_prairie_east,5,CRD,1:26:00 PM,1:55:00 PM,64,2,2,griseocollis,Female,MONFIS,,,
Nachusa2020_2827,8/3/2020,holland_prairie_east,5,CRD,1:26:00 PM,1:55:00 PM,64,2,2,griseocollis,Female,MONFIS,,,
Nachusa2020_2828,8/3/2020,holland_prairie_east,5,CRD,1:26:00 PM,1:55:00 PM,64,2,2,griseocollis,Female,MONFIS,,,
Nachusa2020_2829,8/3/2020,holland_prairie_east,5,CRD,1:26:00 PM,1:55:00 PM,64,2,2,rufocinctus,Male,SILPER,,,photo
Nachusa2020_2830,8/3/2020,holland_prairie_east,5,CRD,1:26:00 PM,1:55:00 PM,64,2,2,griseocollis,Female,MONFIS,,,
Nachusa2020_2831,8/3/2020,holland_prairie_east,5,CRD,1:26:00 PM,1:55:00 PM,64,2,2,griseocollis,Female,MONFIS,,,
Nachusa2020_2832,8/3/2020,holland_prairie_east,5,CRD,1:26:00 PM,1:55:00 PM,64,2,2,griseocollis,Female,MONFIS,,,
Nachusa2020_2833,8/3/2020,holland_prairie_east,5,CRD,1:26:00 PM,1:55:00 PM,64,2,2,impatiens,Female,MONFIS,,,
Nachusa2020_2834,8/3/2020,holland_prairie_east,5,CRD,1:26:00 PM,1:55:00 PM,64,2,2,impatiens,Female,MONFIS,,,
Nachusa2020_2835,8/3/2020,holland_prairie_east,5,CRD,1:26:00 PM,1:55:00 PM,64,2,2,impatiens,Female,MONFIS,,,
Nachusa2020_2836,8/3/2020,holland_prairie_east,5,CRD,1:26:00 PM,1:55:00 PM,64,2,2,impatiens,Female,MONFIS,,,
Nachusa2020_2837,8/3/2020,holland_prairie_east,5,CRD,1:26:00 PM,1:55:00 PM,64,2,2,impatiens,Female,MONFIS,,,
Nachusa2020_2838,8/3/2020,holland_prairie_east,5,CRD,1:26:00 PM,1:55:00 PM,64,2,2,auricomus,Female,MONFIS,,,
Nachusa2020_2839,8/3/2020,holland_prairie_east,5,CRD,1:26:00 PM,1:55:00 PM,64,2,2,auricomus,Female,MONFIS,,,
Nachusa2020_2840,8/3/2020,holland_prairie_east,5,CRD,1:26:00 PM,1:55:00 PM,64,2,2,impatiens,Female,MONFIS,,,
Nachusa2020_2841,8/3/2020,holland_prairie_east,5,CRD,1:26:00 PM,1:55:00 PM,64,2,2,impatiens,Female,MONFIS,,,
Nachusa2020_2842,8/3/2020,holland_prairie_east,5,CRD,1:26:00 PM,1:55:00 PM,64,2,2,impatiens,Female,MONFIS,,,
Nachusa2020_2843,8/3/2020,holland_prairie_east,5,CRD,1:26:00 PM,1:55:00 PM,64,2,2,impatiens,Female,MONFIS,,,
Nachusa2020_2844,8/3/2020,holland_prairie_east,5,CRD,1:26:00 PM,1:55:00 PM,64,2,2,impatiens,Female,MONFIS,,,
Nachusa2020_2845,8/3/2020,holland_prairie_east,5,CRD,1:26:00 PM,1:55:00 PM,64,2,2,impatiens,Female,MONFIS,,,
Nachusa2020_2846,8/3/2020,holland_prairie_east,5,CRD,1:26:00 PM,1:55:00 PM,64,2,2,impatiens,Female,PYCTEN,,,
Nachusa2020_2847,8/3/2020,holland_prairie_east,5,CRD,1:26:00 PM,1:55:00 PM,64,2,2,impatiens,Female,ALLCER,,,
Nachusa2020_2848,8/3/2020,holland_prairie_east,5,CRD,1:26:00 PM,1:55:00 PM,64,2,2,griseocollis,Male,MONFIS,,,
Nachusa2020_2849,8/3/2020,holland_prairie_east,5,CRD,1:26:00 PM,1:55:00 PM,64,2,2,impatiens,Female,MONFIS,,,
Nachusa2020_2850,8/3/2020,holland_prairie_east,5,CRD,1:26:00 PM,1:55:00 PM,64,2,2,impatiens,Female,MONFIS,,,
Nachusa2020_2851,8/3/2020,holland_prairie_east,5,CRD,1:26:00 PM,1:55:00 PM,64,2,2,impatiens,Female,MONFIS,,,
Nachusa2020_2852,8/3/2020,holland_prairie_east,5,CRD,1:26:00 PM,1:55:00 PM,64,2,2,impatiens,Female,MONFIS,,,
Nachusa2020_2853,8/3/2020,holland_prairie_east,5,CRD,1:26:00 PM,1:55:00 PM,64,2,2,impatiens,Female,MONFIS,,,
Nachusa2020_2854,8/3/2020,holland_prairie_east,5,CRD,1:26:00 PM,1:55:00 PM,64,2,2,impatiens,Female,MONFIS,,,
Nachusa2020_2855,8/3/2020,holland_prairie_east,5,CRD,1:26:00 PM,1:55:00 PM,64,2,2,impatiens,Female,MONFIS,,,
Nachusa2020_2856,8/3/2020,holland_prairie_east,5,CRD,1:26:00 PM,1:55:00 PM,64,2,2,impatiens,Female,MONFIS,,,
Nachusa2020_2857,8/3/2020,holland_prairie_east,5,CRD,1:26:00 PM,1:55:00 PM,64,2,2,impatiens,Female,MONFIS,,,
Nachusa2020_2858,8/3/2020,holland_prairie_east,5,CRD,1:26:00 PM,1:55:00 PM,64,2,2,impatiens,Female,MONFIS,,,
Nachusa2020_2859,8/3/2020,holland_prairie_east,5,CRD,1:26:00 PM,1:55:00 PM,64,2,2,impatiens,Female,MONFIS,,,
Nachusa2020_2860,8/3/2020,holland_prairie_east,5,CRD,1:26:00 PM,1:55:00 PM,64,2,2,impatiens,Female,MONFIS,,,
Nachusa2020_2861,8/3/2020,holland_prairie_east,5,CRD,1:26:00 PM,1:55:00 PM,64,2,2,impatiens,Female,MONFIS,,,
Nachusa2020_2862,8/3/2020,holland_prairie_east,5,CRD,1:26:00 PM,1:55:00 PM,64,2,2,impatiens,Female,MONFIS,,,
Nachusa2020_2863,8/3/2020,holland_prairie_east,5,CRD,1:26:00 PM,1:55:00 PM,64,2,2,auricomus,Female,MONFIS,,,
Nachusa2020_2864,8/3/2020,holland_prairie_east,5,CRD,1:26:00 PM,1:55:00 PM,64,2,2,auricomus,Female,MONFIS,,,
Nachusa2020_2865,8/3/2020,holland_prairie_east,5,CRD,1:26:00 PM,1:55:00 PM,64,2,2,auricomus,Female,MONFIS,,,
Nachusa2020_2866,8/3/2020,holland_prairie_east,5,CRD,1:26:00 PM,1:55:00 PM,64,2,2,auricomus,Female,MONFIS,,,
Nachusa2020_2867,8/3/2020,holland_prairie_east,5,CRD,1:26:00 PM,1:55:00 PM,64,2,2,auricomus,Female,MONFIS,,,
Nachusa2020_2868,8/3/2020,holland_prairie_east,5,CRD,1:26:00 PM,1:55:00 PM,64,2,2,griseocollis,Female,MONFIS,,,
Nachusa2020_2869,8/3/2020,holland_prairie_east,5,CRD,1:26:00 PM,1:55:00 PM,64,2,2,impatiens,Female,SILPER,,,
Nachusa2020_2870,8/3/2020,holland_prairie_east,5,CRD,1:26:00 PM,1:55:00 PM,64,2,2,impatiens,Female,SILPER,,,
Nachusa2020_2871,8/3/2020,holland_prairie_east,5,CRD,1:26:00 PM,1:55:00 PM,64,2,2,impatiens,Female,SILPER,,,
Nachusa2020_2872,8/3/2020,holland_prairie_east,5,CRD,1:26:00 PM,1:55:00 PM,64,2,2,impatiens,Female,MONFIS,,,
Nachusa2020_2873,8/3/2020,holland_prairie_east,5,CRD,1:26:00 PM,1:55:00 PM,64,2,2,impatiens,Female,MONFIS,,,
Nachusa2020_2874,8/3/2020,holland_prairie_east,5,CRD,1:26:00 PM,1:55:00 PM,64,2,2,impatiens,Female,MONFIS,,,
Nachusa2020_2875,8/3/2020,holland_prairie_east,5,CRD,1:26:00 PM,1:55:00 PM,64,2,2,impatiens,Female,SILPER,,,
Nachusa2020_2876,8/3/2020,holland_prairie_east,5,CRD,1:26:00 PM,1:55:00 PM,64,2,2,impatiens,Female,SILPER,,,
Nachusa2020_2877,8/3/2020,holland_prairie_east,5,CRD,1:26:00 PM,1:55:00 PM,64,2,2,impatiens,Female,SILPER,,,
Nachusa2020_2878,8/3/2020,holland_prairie_east,5,CRD,1:26:00 PM,1:55:00 PM,64,2,2,impatiens,Female,SILPER,,,
Nachusa2020_2879,8/3/2020,holland_prairie_east,5,CRD,1:26:00 PM,1:55:00 PM,64,2,2,impatiens,Female,MONFIS,,,
Nachusa2020_2880,8/3/2020,holland_prairie_east,5,CRD,1:26:00 PM,1:55:00 PM,64,2,2,impatiens,Female,MONFIS,,,
Nachusa2020_2881,8/3/2020,holland_prairie_east,5,CRD,1:26:00 PM,1:55:00 PM,64,2,2,impatiens,Female,MONFIS,,,
Nachusa2020_2882,8/3/2020,holland_prairie_east,5,CRD,1:26:00 PM,1:55:00 PM,64,2,2,griseocollis,Female,MONFIS,,,
Nachusa2020_2883,8/3/2020,holland_prairie_east,5,CRD,1:26:00 PM,1:55:00 PM,64,2,2,griseocollis,Female,MONFIS,,,
Nachusa2020_2884,8/3/2020,holland_prairie_east,5,CRD,1:26:00 PM,1:55:00 PM,64,2,2,griseocollis,Female,MONFIS,,,
Nachusa2020_2885,8/3/2020,holland_prairie_east,5,CRD,1:26:00 PM,1:55:00 PM,64,2,2,auri/pens,Female,MONFIS,,,
Nachusa2020_2886,8/3/2020,holland_prairie_east,5,CRD,1:26:00 PM,1:55:00 PM,64,2,2,auricomus,Female,MONFIS,,,
Nachusa2020_2887,8/3/2020,holland_prairie_east,5,CRD,1:26:00 PM,1:55:00 PM,64,2,2,auricomus,Female,MONFIS,,,
Nachusa2020_2888,8/3/2020,holland_prairie_east,5,CRD,1:26:00 PM,1:55:00 PM,64,2,2,auricomus,Female,MONFIS,,,
Nachusa2020_2889,8/3/2020,holland_prairie_east,5,CRD,1:26:00 PM,1:55:00 PM,64,2,2,rufocinctus,Male,MONFIS,,,
Nachusa2020_2890,8/3/2020,holland_prairie_east,5,CRD,1:26:00 PM,1:55:00 PM,64,2,2,impatiens,Female,SILPER,,,
Nachusa2020_2891,8/3/2020,holland_prairie_east,5,CRD,1:26:00 PM,1:55:00 PM,64,2,2,griseocollis,Female,MONFIS,,,
Nachusa2020_2892,8/3/2020,holland_prairie_east,5,CRD,1:26:00 PM,1:55:00 PM,64,2,2,impatiens,Female,MONFIS,,,
Nachusa2020_2893,8/3/2020,holland_prairie_east,5,CRD,1:26:00 PM,1:55:00 PM,64,2,2,impatiens,Female,MONFIS,,,
Nachusa2020_2894,8/3/2020,holland_prairie_east,5,CRD,1:26:00 PM,1:55:00 PM,64,2,2,impatiens,Female,MONFIS,,,
Nachusa2020_2895,8/3/2020,holland_prairie_east,5,CRD,1:26:00 PM,1:55:00 PM,64,2,2,auricomus,Female,MONFIS,,,
Nachusa2020_2896,8/3/2020,holland_prairie_east,5,CRD,1:26:00 PM,1:55:00 PM,64,2,2,griseocollis,Female,MONFIS,,,
Nachusa2020_2897,8/3/2020,holland_prairie_east,5,CRD,1:26:00 PM,1:55:00 PM,64,2,2,griseocollis,Female,MONFIS,,,
Nachusa2020_2898,8/3/2020,holland_prairie_east,5,CRD,1:26:00 PM,1:55:00 PM,64,2,2,griseocollis,Female,MONFIS,,,
Nachusa2020_2899,8/3/2020,holland_prairie_east,5,CRD,1:26:00 PM,1:55:00 PM,64,2,2,fervidus,Female,MONFIS,,,
Nachusa2020_2900,8/3/2020,holland_prairie_east,5,CRD,1:26:00 PM,1:55:00 PM,64,2,2,impatiens,Female,MONFIS,,,
Nachusa2020_2901,8/3/2020,holland_prairie_east,5,CRD,1:26:00 PM,1:55:00 PM,64,2,2,impatiens,Female,MONFIS,,,
Nachusa2020_2902,8/3/2020,holland_prairie_east,5,CRD,1:26:00 PM,1:55:00 PM,64,2,2,impatiens,Female,MONFIS,,,
Nachusa2020_2903,8/3/2020,holland_prairie_east,5,CRD,1:26:00 PM,1:55:00 PM,64,2,2,impatiens,Female,MONFIS,,,
Nachusa2020_2904,8/3/2020,holland_prairie_east,5,CRD,1:26:00 PM,1:55:00 PM,64,2,2,impatiens,Female,SILPER,,,
Nachusa2020_2905,8/3/2020,holland_prairie_east,5,CRD,1:26:00 PM,1:55:00 PM,64,2,2,impatiens,Female,MONFIS,,,
Nachusa2020_2906,8/3/2020,holland_prairie_east,5,CRD,1:26:00 PM,1:55:00 PM,64,2,2,griseocollis,Female,MONFIS,,,
Nachusa2020_2907,8/3/2020,holland_prairie_east,5,CRD,1:26:00 PM,1:55:00 PM,64,2,2,griseocollis,Female,MONFIS,,,
Nachusa2020_2908,8/3/2020,holland_prairie_east,5,CRD,1:26:00 PM,1:55:00 PM,64,2,2,griseocollis,Female,MONFIS,,,
Nachusa2020_2909,8/3/2020,holland_prairie_east,5,CRD,1:26:00 PM,1:55:00 PM,64,2,2,griseocollis,Female,MONFIS,,,
Nachusa2020_2910,8/3/2020,holland_prairie_east,5,CRD,1:26:00 PM,1:55:00 PM,64,2,2,griseocollis,Female,MONFIS,,,
Nachusa2020_2911,8/3/2020,holland_prairie_east,5,CRD,1:26:00 PM,1:55:00 PM,64,2,2,griseocollis,Female,MONFIS,,,
Nachusa2020_2912,8/3/2020,holland_prairie_east,5,CRD,1:26:00 PM,1:55:00 PM,64,2,2,griseocollis,Male,MONFIS,,,
Nachusa2020_2913,8/3/2020,holland_prairie_east,5,CRD,1:26:00 PM,1:55:00 PM,64,2,2,impatiens,Female,MONFIS,,,
Nachusa2020_2914,8/3/2020,holland_prairie_east,5,CRD,1:26:00 PM,1:55:00 PM,64,2,2,impatiens,Female,MONFIS,,,
Nachusa2020_2915,8/3/2020,holland_prairie_east,5,CRD,1:26:00 PM,1:55:00 PM,64,2,2,impatiens,Female,MONFIS,,,
Nachusa2020_2916,8/3/2020,holland_prairie_east,5,CRD,1:26:00 PM,1:55:00 PM,64,2,2,impatiens,Female,MONFIS,,,
Nachusa2020_2917,8/3/2020,holland_prairie_east,5,CRD,1:26:00 PM,1:55:00 PM,64,2,2,impatiens,Female,MONFIS,,,
Nachusa2020_2918,8/3/2020,holland_prairie_east,5,CRD,1:26:00 PM,1:55:00 PM,64,2,2,impatiens,Female,SILPER,,,
Nachusa2020_2919,8/3/2020,holland_prairie_east,5,CRD,1:26:00 PM,1:55:00 PM,64,2,2,auricomus,Male,MONFIS,,,
Nachusa2020_2920,8/3/2020,holland_prairie_east,5,CRD,1:26:00 PM,1:55:00 PM,64,2,2,impatiens,Male,MONFIS,,,
Nachusa2020_2921,8/3/2020,trap_release_prairie,2,CRD,2:41:00 PM,3:02:00 PM,65,2,2,impatiens,Female,MONFIS,,,
Nachusa2020_2922,8/3/2020,trap_release_prairie,2,CRD,2:41:00 PM,3:02:00 PM,65,2,2,impatiens,Female,MONFIS,,,
Nachusa2020_2923,8/3/2020,trap_release_prairie,2,CRD,2:41:00 PM,3:02:00 PM,65,2,2,impatiens,Female,MONFIS,,,
Nachusa2020_2924,8/3/2020,trap_release_prairie,2,CRD,2:41:00 PM,3:02:00 PM,65,2,2,impatiens,Female,MONFIS,,,
Nachusa2020_2925,8/3/2020,trap_release_prairie,2,CRD,2:41:00 PM,3:02:00 PM,65,2,2,impatiens,Female,MONFIS,,,
Nachusa2020_2926,8/3/2020,trap_release_prairie,2,CRD,2:41:00 PM,3:02:00 PM,65,2,2,impatiens,Female,MONFIS,,,
Nachusa2020_2927,8/3/2020,trap_release_prairie,2,CRD,2:41:00 PM,3:02:00 PM,65,2,2,impatiens,Female,MONFIS,,,
Nachusa2020_2928,8/3/2020,trap_release_prairie,2,CRD,2:41:00 PM,3:02:00 PM,65,2,2,impatiens,Female,MONFIS,,,
Nachusa2020_2929,8/3/2020,trap_release_prairie,2,CRD,2:41:00 PM,3:02:00 PM,65,2,2,impatiens,Female,MONFIS,,,
Nachusa2020_2930,8/3/2020,trap_release_prairie,2,CRD,2:41:00 PM,3:02:00 PM,65,2,2,impatiens,Female,MONFIS,,,
Nachusa2020_2931,8/3/2020,trap_release_prairie,2,CRD,2:41:00 PM,3:02:00 PM,65,2,2,impatiens,Female,MONFIS,,,
Nachusa2020_2932,8/3/2020,trap_release_prairie,2,CRD,2:41:00 PM,3:02:00 PM,65,2,2,impatiens,Female,MONFIS,,,
Nachusa2020_2933,8/3/2020,trap_release_prairie,2,CRD,2:41:00 PM,3:02:00 PM,65,2,2,impatiens,Female,MONFIS,,,
Nachusa2020_2934,8/3/2020,trap_release_prairie,2,CRD,2:41:00 PM,3:02:00 PM,65,2,2,impatiens,Female,MONFIS,,,
Nachusa2020_2935,8/3/2020,trap_release_prairie,2,CRD,2:41:00 PM,3:02:00 PM,65,2,2,impatiens,Female,MONFIS,,,
Nachusa2020_2936,8/3/2020,trap_release_prairie,2,CRD,2:41:00 PM,3:02:00 PM,65,2,2,impatiens,Female,MONFIS,,,
Nachusa2020_2937,8/3/2020,trap_release_prairie,2,CRD,2:41:00 PM,3:02:00 PM,65,2,2,impatiens,Female,MONFIS,,,
Nachusa2020_2938,8/3/2020,trap_release_prairie,2,CRD,2:41:00 PM,3:02:00 PM,65,2,2,impatiens,Female,MONFIS,,,
Nachusa2020_2939,8/3/2020,trap_release_prairie,2,CRD,2:41:00 PM,3:02:00 PM,65,2,2,impatiens,Female,MONFIS,,,
Nachusa2020_2940,8/3/2020,trap_release_prairie,2,CRD,2:41:00 PM,3:02:00 PM,65,2,2,impatiens,Female,MONFIS,,,
Nachusa2020_2941,8/3/2020,trap_release_prairie,2,CRD,2:41:00 PM,3:02:00 PM,65,2,2,impatiens,Female,MONFIS,,,
Nachusa2020_2942,8/3/2020,trap_release_prairie,2,CRD,2:41:00 PM,3:02:00 PM,65,2,2,impatiens,Female,MONFIS,,,
Nachusa2020_2943,8/3/2020,trap_release_prairie,2,CRD,2:41:00 PM,3:02:00 PM,65,2,2,impatiens,Female,MONFIS,,,
Nachusa2020_2944,8/3/2020,trap_release_prairie,2,CRD,2:41:00 PM,3:02:00 PM,65,2,2,impatiens,Female,MONFIS,,,
Nachusa2020_2945,8/3/2020,trap_release_prairie,2,CRD,2:41:00 PM,3:02:00 PM,65,2,2,impatiens,Female,MONFIS,,,
Nachusa2020_2946,8/3/2020,trap_release_prairie,2,CRD,2:41:00 PM,3:02:00 PM,65,2,2,impatiens,Female,MONFIS,,,
Nachusa2020_2947,8/3/2020,trap_release_prairie,2,CRD,2:41:00 PM,3:02:00 PM,65,2,2,impatiens,Female,MONFIS,,,
Nachusa2020_2948,8/3/2020,trap_release_prairie,2,CRD,2:41:00 PM,3:02:00 PM,65,2,2,impatiens,Female,MONFIS,,,
Nachusa2020_2949,8/3/2020,trap_release_prairie,2,CRD,2:41:00 PM,3:02:00 PM,65,2,2,impatiens,Female,MONFIS,,,
Nachusa2020_2950,8/3/2020,trap_release_prairie,2,CRD,2:41:00 PM,3:02:00 PM,65,2,2,impatiens,Female,MONFIS,,,
Nachusa2020_2951,8/3/2020,trap_release_prairie,2,CRD,2:41:00 PM,3:02:00 PM,65,2,2,impatiens,Female,MONFIS,,,
Nachusa2020_2952,8/3/2020,trap_release_prairie,2,CRD,2:41:00 PM,3:02:00 PM,65,2,2,impatiens,Female,MONFIS,,,
Nachusa2020_2953,8/3/2020,trap_release_prairie,2,CRD,2:41:00 PM,3:02:00 PM,65,2,2,impatiens,Female,MONFIS,,,
Nachusa2020_2954,8/3/2020,trap_release_prairie,2,CRD,2:41:00 PM,3:02:00 PM,65,2,2,impatiens,Female,MONFIS,,,
Nachusa2020_2955,8/3/2020,trap_release_prairie,2,CRD,2:41:00 PM,3:02:00 PM,65,2,2,impatiens,Female,MONFIS,,,
Nachusa2020_2956,8/3/2020,trap_release_prairie,2,CRD,2:41:00 PM,3:02:00 PM,65,2,2,impatiens,Female,MONFIS,,,
Nachusa2020_2957,8/3/2020,trap_release_prairie,2,CRD,2:41:00 PM,3:02:00 PM,65,2,2,impatiens,Female,MONFIS,,,
Nachusa2020_2958,8/3/2020,trap_release_prairie,2,CRD,2:41:00 PM,3:02:00 PM,65,2,2,impatiens,Female,MONFIS,,,
Nachusa2020_2959,8/3/2020,trap_release_prairie,2,CRD,2:41:00 PM,3:02:00 PM,65,2,2,impatiens,Female,MONFIS,,,
Nachusa2020_2960,8/3/2020,trap_release_prairie,2,CRD,2:41:00 PM,3:02:00 PM,65,2,2,impatiens,Female,MONFIS,,,
Nachusa2020_2961,8/3/2020,trap_release_prairie,2,CRD,2:41:00 PM,3:02:00 PM,65,2,2,impatiens,Female,MONFIS,,,
Nachusa2020_2962,8/3/2020,trap_release_prairie,2,CRD,2:41:00 PM,3:02:00 PM,65,2,2,impatiens,Female,MONFIS,,,
Nachusa2020_2963,8/3/2020,trap_release_prairie,2,CRD,2:41:00 PM,3:02:00 PM,65,2,2,impatiens,Female,MONFIS,,,
Nachusa2020_2964,8/3/2020,trap_release_prairie,2,CRD,2:41:00 PM,3:02:00 PM,65,2,2,impatiens,Female,MONFIS,,,
Nachusa2020_2965,8/3/2020,trap_release_prairie,2,CRD,2:41:00 PM,3:02:00 PM,65,2,2,impatiens,Female,MONFIS,,,
Nachusa2020_2966,8/3/2020,trap_release_prairie,2,CRD,2:41:00 PM,3:02:00 PM,65,2,2,impatiens,Female,MONFIS,,,
Nachusa2020_2967,8/3/2020,trap_release_prairie,2,CRD,2:41:00 PM,3:02:00 PM,65,2,2,impatiens,Female,MONFIS,,,
Nachusa2020_2968,8/3/2020,trap_release_prairie,2,CRD,2:41:00 PM,3:02:00 PM,65,2,2,impatiens,Female,MONFIS,,,
Nachusa2020_2969,8/3/2020,trap_release_prairie,2,CRD,2:41:00 PM,3:02:00 PM,65,2,2,impatiens,Female,MONFIS,,,
Nachusa2020_2970,8/3/2020,trap_release_prairie,2,CRD,2:41:00 PM,3:02:00 PM,65,2,2,impatiens,Female,MONFIS,,,
Nachusa2020_2971,8/3/2020,trap_release_prairie,2,CRD,2:41:00 PM,3:02:00 PM,65,2,2,impatiens,Female,MONFIS,,,
Nachusa2020_2972,8/3/2020,trap_release_prairie,2,CRD,2:41:00 PM,3:02:00 PM,65,2,2,impatiens,Female,MONFIS,,,
Nachusa2020_2973,8/3/2020,trap_release_prairie,2,CRD,2:41:00 PM,3:02:00 PM,65,2,2,impatiens,Female,MONFIS,,,
Nachusa2020_2974,8/3/2020,trap_release_prairie,2,CRD,2:41:00 PM,3:02:00 PM,65,2,2,impatiens,Female,MONFIS,,,
Nachusa2020_2975,8/3/2020,trap_release_prairie,2,CRD,2:41:00 PM,3:02:00 PM,65,2,2,impatiens,Female,MONFIS,,,
Nachusa2020_2976,8/3/2020,trap_release_prairie,2,CRD,2:41:00 PM,3:02:00 PM,65,2,2,impatiens,Female,MONFIS,,,
Nachusa2020_2977,8/3/2020,trap_release_prairie,2,CRD,2:41:00 PM,3:02:00 PM,65,2,2,impatiens,Female,MONFIS,,,
Nachusa2020_2978,8/3/2020,trap_release_prairie,2,CRD,2:41:00 PM,3:02:00 PM,65,2,2,impatiens,Female,MONFIS,,,
Nachusa2020_2979,8/3/2020,trap_release_prairie,2,CRD,2:41:00 PM,3:02:00 PM,65,2,2,impatiens,Female,MONFIS,,,
Nachusa2020_2980,8/3/2020,trap_release_prairie,2,CRD,2:41:00 PM,3:02:00 PM,65,2,2,impatiens,Female,MONFIS,,,
Nachusa2020_2981,8/3/2020,trap_release_prairie,2,CRD,2:41:00 PM,3:02:00 PM,65,2,2,impatiens,Female,MONFIS,,,
Nachusa2020_2982,8/3/2020,trap_release_prairie,2,CRD,2:41:00 PM,3:02:00 PM,65,2,2,impatiens,Female,MONFIS,,,
Nachusa2020_2983,8/3/2020,trap_release_prairie,2,CRD,2:41:00 PM,3:02:00 PM,65,2,2,impatiens,Female,MONFIS,,,
Nachusa2020_2984,8/3/2020,trap_release_prairie,2,CRD,2:41:00 PM,3:02:00 PM,65,2,2,impatiens,Female,MONFIS,,,
Nachusa2020_2985,8/3/2020,trap_release_prairie,2,CRD,2:41:00 PM,3:02:00 PM,65,2,2,impatiens,Female,MONFIS,,,
Nachusa2020_2986,8/3/2020,trap_release_prairie,2,CRD,2:41:00 PM,3:02:00 PM,65,2,2,impatiens,Female,MONFIS,,,
Nachusa2020_2987,8/3/2020,trap_release_prairie,2,CRD,2:41:00 PM,3:02:00 PM,65,2,2,impatiens,Female,MONFIS,,,
Nachusa2020_2988,8/3/2020,trap_release_prairie,2,CRD,2:41:00 PM,3:02:00 PM,65,2,2,impatiens,Female,MONFIS,,,
Nachusa2020_2989,8/3/2020,trap_release_prairie,2,CRD,2:41:00 PM,3:02:00 PM,65,2,2,impatiens,Female,MONFIS,,,
Nachusa2020_2990,8/3/2020,trap_release_prairie,2,CRD,2:41:00 PM,3:02:00 PM,65,2,2,impatiens,Female,MONFIS,,,
Nachusa2020_2991,8/3/2020,trap_release_prairie,2,CRD,2:41:00 PM,3:02:00 PM,65,2,2,impatiens,Female,MONFIS,,,
Nachusa2020_2992,8/3/2020,trap_release_prairie,2,CRD,2:41:00 PM,3:02:00 PM,65,2,2,impatiens,Female,MONFIS,,,
Nachusa2020_2993,8/3/2020,trap_release_prairie,2,CRD,2:41:00 PM,3:02:00 PM,65,2,2,impatiens,Female,MONFIS,,,
Nachusa2020_2994,8/3/2020,trap_release_prairie,2,CRD,2:41:00 PM,3:02:00 PM,65,2,2,impatiens,Female,MONFIS,,,
Nachusa2020_2995,8/3/2020,trap_release_prairie,2,CRD,2:41:00 PM,3:02:00 PM,65,2,2,impatiens,Female,MONFIS,,,
Nachusa2020_2996,8/3/2020,trap_release_prairie,2,CRD,2:41:00 PM,3:02:00 PM,65,2,2,impatiens,Female,MONFIS,,,
Nachusa2020_2997,8/3/2020,trap_release_prairie,2,CRD,2:41:00 PM,3:02:00 PM,65,2,2,impatiens,Female,MONFIS,,,
Nachusa2020_2998,8/3/2020,trap_release_prairie,2,CRD,2:41:00 PM,3:02:00 PM,65,2,2,impatiens,Female,MONFIS,,,
Nachusa2020_2999,8/3/2020,trap_release_prairie,2,CRD,2:41:00 PM,3:02:00 PM,65,2,2,impatiens,Female,MONFIS,,,
Nachusa2020_3000,8/3/2020,trap_release_prairie,2,CRD,2:41:00 PM,3:02:00 PM,65,2,2,impatiens,Female,MONFIS,,,
Nachusa2020_3001,8/3/2020,trap_release_prairie,2,CRD,2:41:00 PM,3:02:00 PM,65,2,2,impatiens,Female,MONFIS,,,
Nachusa2020_3002,8/3/2020,trap_release_prairie,2,CRD,2:41:00 PM,3:02:00 PM,65,2,2,impatiens,Female,MONFIS,,,
Nachusa2020_3003,8/3/2020,trap_release_prairie,2,CRD,2:41:00 PM,3:02:00 PM,65,2,2,impatiens,Female,MONFIS,,,
Nachusa2020_3004,8/3/2020,trap_release_prairie,2,CRD,2:41:00 PM,3:02:00 PM,65,2,2,impatiens,Female,MONFIS,,,
Nachusa2020_3005,8/3/2020,trap_release_prairie,2,CRD,2:41:00 PM,3:02:00 PM,65,2,2,impatiens,Female,MONFIS,,,
Nachusa2020_3006,8/3/2020,trap_release_prairie,2,CRD,2:41:00 PM,3:02:00 PM,65,2,2,impatiens,Female,MONFIS,,,
Nachusa2020_3007,8/3/2020,trap_release_prairie,2,CRD,2:41:00 PM,3:02:00 PM,65,2,2,impatiens,Female,MONFIS,,,
Nachusa2020_3008,8/3/2020,trap_release_prairie,2,CRD,2:41:00 PM,3:02:00 PM,65,2,2,impatiens,Female,MONFIS,,,
Nachusa2020_3009,8/3/2020,trap_release_prairie,2,CRD,2:41:00 PM,3:02:00 PM,65,2,2,impatiens,Female,MONFIS,,,
Nachusa2020_3010,8/3/2020,trap_release_prairie,2,CRD,2:41:00 PM,3:02:00 PM,65,2,2,impatiens,Female,MONFIS,,,
Nachusa2020_3011,8/3/2020,trap_release_prairie,2,CRD,2:41:00 PM,3:02:00 PM,65,2,2,griseocollis,Female,MONFIS,,,
Nachusa2020_3012,8/3/2020,trap_release_prairie,2,CRD,2:41:00 PM,3:02:00 PM,65,2,2,griseocollis,Female,MONFIS,,,
Nachusa2020_3013,8/3/2020,trap_release_prairie,2,CRD,2:41:00 PM,3:02:00 PM,65,2,2,griseocollis,Female,MONFIS,,,
Nachusa2020_3014,8/3/2020,trap_release_prairie,2,CRD,2:41:00 PM,3:02:00 PM,65,2,2,griseocollis,Female,MONFIS,,,
Nachusa2020_3015,8/3/2020,trap_release_prairie,2,CRD,2:41:00 PM,3:02:00 PM,65,2,2,griseocollis,Female,MONFIS,,,
Nachusa2020_3016,8/3/2020,trap_release_prairie,2,CRD,2:41:00 PM,3:02:00 PM,65,2,2,griseocollis,Female,MONFIS,,,
Nachusa2020_3017,8/3/2020,trap_release_prairie,2,CRD,2:41:00 PM,3:02:00 PM,65,2,2,griseocollis,Female,MONFIS,,,
Nachusa2020_3018,8/3/2020,trap_release_prairie,2,CRD,2:41:00 PM,3:02:00 PM,65,2,2,griseocollis,Female,MONFIS,,,
Nachusa2020_3019,8/3/2020,trap_release_prairie,2,CRD,2:41:00 PM,3:02:00 PM,65,2,2,griseocollis,Female,MONFIS,,,
Nachusa2020_3020,8/3/2020,trap_release_prairie,2,CRD,2:41:00 PM,3:02:00 PM,65,2,2,griseocollis,Female,MONFIS,,,
Nachusa2020_3021,8/3/2020,trap_release_prairie,2,CRD,2:41:00 PM,3:02:00 PM,65,2,2,griseocollis,Female,MONFIS,,,
Nachusa2020_3022,8/3/2020,trap_release_prairie,2,CRD,2:41:00 PM,3:02:00 PM,65,2,2,griseocollis,Female,MONFIS,,,
Nachusa2020_3023,8/3/2020,trap_release_prairie,2,CRD,2:41:00 PM,3:02:00 PM,65,2,2,griseocollis,Female,MONFIS,,,
Nachusa2020_3024,8/3/2020,trap_release_prairie,2,CRD,2:41:00 PM,3:02:00 PM,65,2,2,griseocollis,Female,MONFIS,,,
Nachusa2020_3025,8/3/2020,trap_release_prairie,2,CRD,2:41:00 PM,3:02:00 PM,65,2,2,griseocollis,Female,MONFIS,,,
Nachusa2020_3026,8/3/2020,trap_release_prairie,2,CRD,2:41:00 PM,3:02:00 PM,65,2,2,griseocollis,Female,MONFIS,,,
Nachusa2020_3027,8/3/2020,trap_release_prairie,2,CRD,2:41:00 PM,3:02:00 PM,65,2,2,griseocollis,Female,MONFIS,,,
Nachusa2020_3028,8/3/2020,trap_release_prairie,2,CRD,2:41:00 PM,3:02:00 PM,65,2,2,griseocollis,Female,MONFIS,,,
Nachusa2020_3029,8/3/2020,trap_release_prairie,2,CRD,2:41:00 PM,3:02:00 PM,65,2,2,griseocollis,Female,MONFIS,,,
Nachusa2020_3030,8/3/2020,trap_release_prairie,2,CRD,2:41:00 PM,3:02:00 PM,65,2,2,griseocollis,Female,MONFIS,,,
Nachusa2020_3031,8/3/2020,trap_release_prairie,2,CRD,2:41:00 PM,3:02:00 PM,65,2,2,griseocollis,Female,MONFIS,,,
Nachusa2020_3032,8/3/2020,trap_release_prairie,2,CRD,2:41:00 PM,3:02:00 PM,65,2,2,griseocollis,Female,MONFIS,,,
Nachusa2020_3033,8/3/2020,trap_release_prairie,2,CRD,2:41:00 PM,3:02:00 PM,65,2,2,griseocollis,Female,MONFIS,,,
Nachusa2020_3034,8/3/2020,trap_release_prairie,2,CRD,2:41:00 PM,3:02:00 PM,65,2,2,griseocollis,Female,MONFIS,,,
Nachusa2020_3035,8/3/2020,trap_release_prairie,2,CRD,2:41:00 PM,3:02:00 PM,65,2,2,griseocollis,Female,MONFIS,,,
Nachusa2020_3036,8/3/2020,trap_release_prairie,2,CRD,2:41:00 PM,3:02:00 PM,65,2,2,griseocollis,Female,MONFIS,,,
Nachusa2020_3037,8/3/2020,trap_release_prairie,2,CRD,2:41:00 PM,3:02:00 PM,65,2,2,griseocollis,Female,MONFIS,,,
Nachusa2020_3038,8/3/2020,trap_release_prairie,2,CRD,2:41:00 PM,3:02:00 PM,65,2,2,griseocollis,Female,MONFIS,,,
Nachusa2020_3039,8/3/2020,trap_release_prairie,2,CRD,2:41:00 PM,3:02:00 PM,65,2,2,griseocollis,Female,MONFIS,,,
Nachusa2020_3040,8/3/2020,trap_release_prairie,2,CRD,2:41:00 PM,3:02:00 PM,65,2,2,griseocollis,Female,MONFIS,,,
Nachusa2020_3041,8/3/2020,trap_release_prairie,2,CRD,2:41:00 PM,3:02:00 PM,65,2,2,griseocollis,Female,MONFIS,,,
Nachusa2020_3042,8/3/2020,trap_release_prairie,2,CRD,2:41:00 PM,3:02:00 PM,65,2,2,griseocollis,Female,MONFIS,,,
Nachusa2020_3043,8/3/2020,trap_release_prairie,2,CRD,2:41:00 PM,3:02:00 PM,65,2,2,griseocollis,Female,MONFIS,,,
Nachusa2020_3044,8/3/2020,trap_release_prairie,2,CRD,2:41:00 PM,3:02:00 PM,65,2,2,griseocollis,Female,MONFIS,,,
Nachusa2020_3045,8/3/2020,trap_release_prairie,2,CRD,2:41:00 PM,3:02:00 PM,65,2,2,griseocollis,Female,MONFIS,,,
Nachusa2020_3046,8/3/2020,trap_release_prairie,2,CRD,2:41:00 PM,3:02:00 PM,65,2,2,griseocollis,Female,MONFIS,,,
Nachusa2020_3047,8/3/2020,trap_release_prairie,2,CRD,2:41:00 PM,3:02:00 PM,65,2,2,griseocollis,Female,MONFIS,,,
Nachusa2020_3048,8/3/2020,trap_release_prairie,2,CRD,2:41:00 PM,3:02:00 PM,65,2,2,griseocollis,Female,MONFIS,,,
Nachusa2020_3049,8/3/2020,trap_release_prairie,2,CRD,2:41:00 PM,3:02:00 PM,65,2,2,griseocollis,Female,MONFIS,,,
Nachusa2020_3050,8/3/2020,trap_release_prairie,2,CRD,2:41:00 PM,3:02:00 PM,65,2,2,griseocollis,Female,MONFIS,,,
Nachusa2020_3051,8/3/2020,trap_release_prairie,2,CRD,2:41:00 PM,3:02:00 PM,65,2,2,griseocollis,Female,MONFIS,,,
Nachusa2020_3052,8/3/2020,trap_release_prairie,2,CRD,2:41:00 PM,3:02:00 PM,65,2,2,griseocollis,Female,MONFIS,,,
Nachusa2020_3053,8/3/2020,trap_release_prairie,2,CRD,2:41:00 PM,3:02:00 PM,65,2,2,auricomus,Female,MONFIS,,,
Nachusa2020_3054,8/3/2020,trap_release_prairie,2,CRD,2:41:00 PM,3:02:00 PM,65,2,2,auricomus,Female,MONFIS,,,
Nachusa2020_3055,8/3/2020,trap_release_prairie,2,CRD,2:41:00 PM,3:02:00 PM,65,2,2,auricomus,Female,MONFIS,,,
Nachusa2020_3056,8/3/2020,trap_release_prairie,2,CRD,2:41:00 PM,3:02:00 PM,65,2,2,auricomus,Female,MONFIS,,,
Nachusa2020_3057,8/3/2020,trap_release_prairie,2,CRD,2:41:00 PM,3:02:00 PM,65,2,2,auricomus,Female,MONFIS,,,
Nachusa2020_3058,8/3/2020,trap_release_prairie,2,CRD,2:41:00 PM,3:02:00 PM,65,2,2,auricomus,Female,MONFIS,,,
Nachusa2020_3059,8/3/2020,trap_release_prairie,2,CRD,2:41:00 PM,3:02:00 PM,65,2,2,auricomus,Female,MONFIS,,,
Nachusa2020_3060,8/3/2020,trap_release_prairie,2,CRD,2:41:00 PM,3:02:00 PM,65,2,2,auricomus,Female,MONFIS,,,
Nachusa2020_3061,8/3/2020,trap_release_prairie,2,CRD,2:41:00 PM,3:02:00 PM,65,2,2,auricomus,Female,MONFIS,,,
Nachusa2020_3062,8/3/2020,trap_release_prairie,2,CRD,2:41:00 PM,3:02:00 PM,65,2,2,auricomus,Female,MONFIS,,,
Nachusa2020_3063,8/3/2020,trap_release_prairie,2,CRD,2:41:00 PM,3:02:00 PM,65,2,2,auricomus,Female,MONFIS,,,
Nachusa2020_3064,8/3/2020,trap_release_prairie,2,CRD,2:41:00 PM,3:02:00 PM,65,2,2,auricomus,Female,MONFIS,,,
Nachusa2020_3065,8/3/2020,trap_release_prairie,2,CRD,2:41:00 PM,3:02:00 PM,65,2,2,auricomus,Female,MONFIS,,,
Nachusa2020_3066,8/3/2020,trap_release_prairie,2,CRD,2:41:00 PM,3:02:00 PM,65,2,2,auricomus,Female,MONFIS,,,
Nachusa2020_3067,8/3/2020,trap_release_prairie,2,CRD,2:41:00 PM,3:02:00 PM,65,2,2,auricomus,Female,MONFIS,,,
Nachusa2020_3068,8/3/2020,trap_release_prairie,2,CRD,2:41:00 PM,3:02:00 PM,65,2,2,auricomus,Female,MONFIS,,,
Nachusa2020_3069,8/3/2020,trap_release_prairie,2,CRD,2:41:00 PM,3:02:00 PM,65,2,2,auricomus,Female,MONFIS,,,
Nachusa2020_3070,8/3/2020,trap_release_prairie,2,CRD,2:41:00 PM,3:02:00 PM,65,2,2,auricomus,Female,MONFIS,,,
Nachusa2020_3071,8/3/2020,trap_release_prairie,2,CRD,2:41:00 PM,3:02:00 PM,65,2,2,auricomus,Female,MONFIS,,,
Nachusa2020_3072,8/3/2020,trap_release_prairie,2,CRD,2:41:00 PM,3:02:00 PM,65,2,2,auricomus,Female,MONFIS,,,
Nachusa2020_3073,8/3/2020,trap_release_prairie,2,CRD,2:41:00 PM,3:02:00 PM,65,2,2,auricomus,Female,MONFIS,,,
Nachusa2020_3074,8/3/2020,trap_release_prairie,2,CRD,2:41:00 PM,3:02:00 PM,65,2,2,auricomus,Female,MONFIS,,,
Nachusa2020_3075,8/3/2020,trap_release_prairie,2,CRD,2:41:00 PM,3:02:00 PM,65,2,2,auricomus,Female,MONFIS,,,
Nachusa2020_3076,8/3/2020,trap_release_prairie,2,CRD,2:41:00 PM,3:02:00 PM,65,2,2,auricomus,Female,MONFIS,,,
Nachusa2020_3077,8/3/2020,trap_release_prairie,2,CRD,2:41:00 PM,3:02:00 PM,65,2,2,auri/pens,Female,MONFIS,,,
Nachusa2020_3078,8/3/2020,trap_release_prairie,2,CRD,2:41:00 PM,3:02:00 PM,65,2,2,auri/pens,Female,MONFIS,,,
Nachusa2020_3079,8/3/2020,trap_release_prairie,2,CRD,2:41:00 PM,3:02:00 PM,65,2,2,auri/pens,Female,MONFIS,,,
Nachusa2020_3080,8/3/2020,trap_release_prairie,2,CRD,2:41:00 PM,3:02:00 PM,65,2,2,auri/pens,Female,MONFIS,,,
Nachusa2020_3081,8/3/2020,trap_release_prairie,2,CRD,2:41:00 PM,3:02:00 PM,65,2,2,griseocollis,Male,MONFIS,,,
Nachusa2020_3082,8/3/2020,trap_release_prairie,2,CRD,2:41:00 PM,3:02:00 PM,65,2,2,griseocollis,Male,MONFIS,,,
Nachusa2020_3083,8/3/2020,trap_release_prairie,2,CRD,2:41:00 PM,3:02:00 PM,65,2,2,griseocollis,Male,MONFIS,,,
Nachusa2020_3084,8/3/2020,trap_release_prairie,2,CRD,2:41:00 PM,3:02:00 PM,65,2,2,griseocollis,Male,MONFIS,,,
Nachusa2020_3085,8/3/2020,trap_release_prairie,2,CRD,2:41:00 PM,3:02:00 PM,65,2,2,griseocollis,Male,MONFIS,,,
Nachusa2020_3086,8/3/2020,trap_release_prairie,2,CRD,2:41:00 PM,3:02:00 PM,65,2,2,rufocinctus,Female,RATPIN,,,
Nachusa2020_3087,8/3/2020,trap_release_prairie,2,CRD,2:41:00 PM,3:02:00 PM,65,2,2,pensylvanicus,Female,MONFIS,,,photo
Nachusa2020_3088,8/3/2020,trap_release_prairie,2,CRD,2:41:00 PM,3:02:00 PM,65,2,2,fervidus,Female,MONFIS,,,
Nachusa2020_3089,8/3/2020,big_jump_east,6,CRD,3:47:00 PM,4:13:00 PM,66,2,2,impatiens,Female,MONFIS,,,
Nachusa2020_3090,8/3/2020,big_jump_east,6,CRD,3:47:00 PM,4:13:00 PM,66,2,2,impatiens,Female,MONFIS,,,
Nachusa2020_3091,8/3/2020,big_jump_east,6,CRD,3:47:00 PM,4:13:00 PM,66,2,2,impatiens,Female,MONFIS,,,
Nachusa2020_3092,8/3/2020,big_jump_east,6,CRD,3:47:00 PM,4:13:00 PM,66,2,2,impatiens,Female,MONFIS,,,
Nachusa2020_3093,8/3/2020,big_jump_east,6,CRD,3:47:00 PM,4:13:00 PM,66,2,2,impatiens,Female,MONFIS,,,
Nachusa2020_3094,8/3/2020,big_jump_east,6,CRD,3:47:00 PM,4:13:00 PM,66,2,2,impatiens,Female,MONFIS,,,
Nachusa2020_3095,8/3/2020,big_jump_east,6,CRD,3:47:00 PM,4:13:00 PM,66,2,2,impatiens,Female,MONFIS,,,
Nachusa2020_3096,8/3/2020,big_jump_east,6,CRD,3:47:00 PM,4:13:00 PM,66,2,2,impatiens,Female,MONFIS,,,
Nachusa2020_3097,8/3/2020,big_jump_east,6,CRD,3:47:00 PM,4:13:00 PM,66,2,2,impatiens,Female,MONFIS,,,
Nachusa2020_3098,8/3/2020,big_jump_east,6,CRD,3:47:00 PM,4:13:00 PM,66,2,2,impatiens,Female,MONFIS,,,
Nachusa2020_3099,8/3/2020,big_jump_east,6,CRD,3:47:00 PM,4:13:00 PM,66,2,2,impatiens,Female,MONFIS,,,
Nachusa2020_3100,8/3/2020,big_jump_east,6,CRD,3:47:00 PM,4:13:00 PM,66,2,2,impatiens,Female,MONFIS,,,
Nachusa2020_3101,8/3/2020,big_jump_east,6,CRD,3:47:00 PM,4:13:00 PM,66,2,2,impatiens,Female,MONFIS,,,
Nachusa2020_3102,8/3/2020,big_jump_east,6,CRD,3:47:00 PM,4:13:00 PM,66,2,2,impatiens,Female,MONFIS,,,
Nachusa2020_3103,8/3/2020,big_jump_east,6,CRD,3:47:00 PM,4:13:00 PM,66,2,2,impatiens,Female,MONFIS,,,
Nachusa2020_3104,8/3/2020,big_jump_east,6,CRD,3:47:00 PM,4:13:00 PM,66,2,2,impatiens,Female,MONFIS,,,
Nachusa2020_3105,8/3/2020,big_jump_east,6,CRD,3:47:00 PM,4:13:00 PM,66,2,2,impatiens,Female,MONFIS,,,
Nachusa2020_3106,8/3/2020,big_jump_east,6,CRD,3:47:00 PM,4:13:00 PM,66,2,2,impatiens,Female,MONFIS,,,
Nachusa2020_3107,8/3/2020,big_jump_east,6,CRD,3:47:00 PM,4:13:00 PM,66,2,2,impatiens,Female,MONFIS,,,
Nachusa2020_3108,8/3/2020,big_jump_east,6,CRD,3:47:00 PM,4:13:00 PM,66,2,2,impatiens,Female,MONFIS,,,
Nachusa2020_3109,8/3/2020,big_jump_east,6,CRD,3:47:00 PM,4:13:00 PM,66,2,2,impatiens,Female,MONFIS,,,
Nachusa2020_3110,8/3/2020,big_jump_east,6,CRD,3:47:00 PM,4:13:00 PM,66,2,2,impatiens,Female,MONFIS,,,
Nachusa2020_3111,8/3/2020,big_jump_east,6,CRD,3:47:00 PM,4:13:00 PM,66,2,2,impatiens,Female,MONFIS,,,
Nachusa2020_3112,8/3/2020,big_jump_east,6,CRD,3:47:00 PM,4:13:00 PM,66,2,2,impatiens,Female,MONFIS,,,
Nachusa2020_3113,8/3/2020,big_jump_east,6,CRD,3:47:00 PM,4:13:00 PM,66,2,2,impatiens,Female,MONFIS,,,
Nachusa2020_3114,8/3/2020,big_jump_east,6,CRD,3:47:00 PM,4:13:00 PM,66,2,2,impatiens,Female,MONFIS,,,
Nachusa2020_3115,8/3/2020,big_jump_east,6,CRD,3:47:00 PM,4:13:00 PM,66,2,2,impatiens,Female,MONFIS,,,
Nachusa2020_3116,8/3/2020,big_jump_east,6,CRD,3:47:00 PM,4:13:00 PM,66,2,2,impatiens,Female,MONFIS,,,
Nachusa2020_3117,8/3/2020,big_jump_east,6,CRD,3:47:00 PM,4:13:00 PM,66,2,2,impatiens,Female,MONFIS,,,
Nachusa2020_3118,8/3/2020,big_jump_east,6,CRD,3:47:00 PM,4:13:00 PM,66,2,2,impatiens,Female,MONFIS,,,
Nachusa2020_3119,8/3/2020,big_jump_east,6,CRD,3:47:00 PM,4:13:00 PM,66,2,2,impatiens,Female,MONFIS,,,
Nachusa2020_3120,8/3/2020,big_jump_east,6,CRD,3:47:00 PM,4:13:00 PM,66,2,2,impatiens,Female,MONFIS,,,
Nachusa2020_3121,8/3/2020,big_jump_east,6,CRD,3:47:00 PM,4:13:00 PM,66,2,2,impatiens,Female,MONFIS,,,
Nachusa2020_3122,8/3/2020,big_jump_east,6,CRD,3:47:00 PM,4:13:00 PM,66,2,2,impatiens,Female,MONFIS,,,
Nachusa2020_3123,8/3/2020,big_jump_east,6,CRD,3:47:00 PM,4:13:00 PM,66,2,2,impatiens,Female,MONFIS,,,
Nachusa2020_3124,8/3/2020,big_jump_east,6,CRD,3:47:00 PM,4:13:00 PM,66,2,2,impatiens,Female,MONFIS,,,
Nachusa2020_3125,8/3/2020,big_jump_east,6,CRD,3:47:00 PM,4:13:00 PM,66,2,2,impatiens,Female,MONFIS,,,
Nachusa2020_3126,8/3/2020,big_jump_east,6,CRD,3:47:00 PM,4:13:00 PM,66,2,2,impatiens,Female,MONFIS,,,
Nachusa2020_3127,8/3/2020,big_jump_east,6,CRD,3:47:00 PM,4:13:00 PM,66,2,2,impatiens,Female,MONFIS,,,
Nachusa2020_3128,8/3/2020,big_jump_east,6,CRD,3:47:00 PM,4:13:00 PM,66,2,2,impatiens,Female,MONFIS,,,
Nachusa2020_3129,8/3/2020,big_jump_east,6,CRD,3:47:00 PM,4:13:00 PM,66,2,2,impatiens,Female,MONFIS,,,
Nachusa2020_3130,8/3/2020,big_jump_east,6,CRD,3:47:00 PM,4:13:00 PM,66,2,2,impatiens,Female,MONFIS,,,
Nachusa2020_3131,8/3/2020,big_jump_east,6,CRD,3:47:00 PM,4:13:00 PM,66,2,2,impatiens,Female,MONFIS,,,
Nachusa2020_3132,8/3/2020,big_jump_east,6,CRD,3:47:00 PM,4:13:00 PM,66,2,2,impatiens,Female,MONFIS,,,
Nachusa2020_3133,8/3/2020,big_jump_east,6,CRD,3:47:00 PM,4:13:00 PM,66,2,2,impatiens,Female,MONFIS,,,
Nachusa2020_3134,8/3/2020,big_jump_east,6,CRD,3:47:00 PM,4:13:00 PM,66,2,2,impatiens,Female,MONFIS,,,
Nachusa2020_3135,8/3/2020,big_jump_east,6,CRD,3:47:00 PM,4:13:00 PM,66,2,2,impatiens,Female,MONFIS,,,
Nachusa2020_3136,8/3/2020,big_jump_east,6,CRD,3:47:00 PM,4:13:00 PM,66,2,2,impatiens,Female,MONFIS,,,
Nachusa2020_3137,8/3/2020,big_jump_east,6,CRD,3:47:00 PM,4:13:00 PM,66,2,2,impatiens,Female,MONFIS,,,
Nachusa2020_3138,8/3/2020,big_jump_east,6,CRD,3:47:00 PM,4:13:00 PM,66,2,2,impatiens,Female,MONFIS,,,
Nachusa2020_3139,8/3/2020,big_jump_east,6,CRD,3:47:00 PM,4:13:00 PM,66,2,2,impatiens,Female,MONFIS,,,
Nachusa2020_3140,8/3/2020,big_jump_east,6,CRD,3:47:00 PM,4:13:00 PM,66,2,2,impatiens,Female,MONFIS,,,
Nachusa2020_3141,8/3/2020,big_jump_east,6,CRD,3:47:00 PM,4:13:00 PM,66,2,2,impatiens,Female,MONFIS,,,
Nachusa2020_3142,8/3/2020,big_jump_east,6,CRD,3:47:00 PM,4:13:00 PM,66,2,2,impatiens,Female,MONFIS,,,
Nachusa2020_3143,8/3/2020,big_jump_east,6,CRD,3:47:00 PM,4:13:00 PM,66,2,2,impatiens,Female,MONFIS,,,
Nachusa2020_3144,8/3/2020,big_jump_east,6,CRD,3:47:00 PM,4:13:00 PM,66,2,2,impatiens,Female,MONFIS,,,
Nachusa2020_3145,8/3/2020,big_jump_east,6,CRD,3:47:00 PM,4:13:00 PM,66,2,2,impatiens,Female,MONFIS,,,
Nachusa2020_3146,8/3/2020,big_jump_east,6,CRD,3:47:00 PM,4:13:00 PM,66,2,2,impatiens,Female,MONFIS,,,
Nachusa2020_3147,8/3/2020,big_jump_east,6,CRD,3:47:00 PM,4:13:00 PM,66,2,2,impatiens,Female,MONFIS,,,
Nachusa2020_3148,8/3/2020,big_jump_east,6,CRD,3:47:00 PM,4:13:00 PM,66,2,2,impatiens,Female,MONFIS,,,
Nachusa2020_3149,8/3/2020,big_jump_east,6,CRD,3:47:00 PM,4:13:00 PM,66,2,2,impatiens,Female,MONFIS,,,
Nachusa2020_3150,8/3/2020,big_jump_east,6,CRD,3:47:00 PM,4:13:00 PM,66,2,2,impatiens,Female,MONFIS,,,
Nachusa2020_3151,8/3/2020,big_jump_east,6,CRD,3:47:00 PM,4:13:00 PM,66,2,2,impatiens,Female,MONFIS,,,
Nachusa2020_3152,8/3/2020,big_jump_east,6,CRD,3:47:00 PM,4:13:00 PM,66,2,2,impatiens,Female,MONFIS,,,
Nachusa2020_3153,8/3/2020,big_jump_east,6,CRD,3:47:00 PM,4:13:00 PM,66,2,2,impatiens,Female,MONFIS,,,
Nachusa2020_3154,8/3/2020,big_jump_east,6,CRD,3:47:00 PM,4:13:00 PM,66,2,2,impatiens,Female,MONFIS,,,
Nachusa2020_3155,8/3/2020,big_jump_east,6,CRD,3:47:00 PM,4:13:00 PM,66,2,2,impatiens,Female,MONFIS,,,
Nachusa2020_3156,8/3/2020,big_jump_east,6,CRD,3:47:00 PM,4:13:00 PM,66,2,2,impatiens,Female,MONFIS,,,
Nachusa2020_3157,8/3/2020,big_jump_east,6,CRD,3:47:00 PM,4:13:00 PM,66,2,2,impatiens,Female,MONFIS,,,
Nachusa2020_3158,8/3/2020,big_jump_east,6,CRD,3:47:00 PM,4:13:00 PM,66,2,2,impatiens,Female,MONFIS,,,
Nachusa2020_3159,8/3/2020,big_jump_east,6,CRD,3:47:00 PM,4:13:00 PM,66,2,2,impatiens,Female,MONFIS,,,
Nachusa2020_3160,8/3/2020,big_jump_east,6,CRD,3:47:00 PM,4:13:00 PM,66,2,2,impatiens,Female,MONFIS,,,
Nachusa2020_3161,8/3/2020,big_jump_east,6,CRD,3:47:00 PM,4:13:00 PM,66,2,2,impatiens,Female,MONFIS,,,
Nachusa2020_3162,8/3/2020,big_jump_east,6,CRD,3:47:00 PM,4:13:00 PM,66,2,2,impatiens,Female,MONFIS,,,
Nachusa2020_3163,8/3/2020,big_jump_east,6,CRD,3:47:00 PM,4:13:00 PM,66,2,2,impatiens,Female,MONFIS,,,
Nachusa2020_3164,8/3/2020,big_jump_east,6,CRD,3:47:00 PM,4:13:00 PM,66,2,2,impatiens,Female,MONFIS,,,
Nachusa2020_3165,8/3/2020,big_jump_east,6,CRD,3:47:00 PM,4:13:00 PM,66,2,2,griseocollis,Female,MONFIS,,,
Nachusa2020_3166,8/3/2020,big_jump_east,6,CRD,3:47:00 PM,4:13:00 PM,66,2,2,griseocollis,Female,MONFIS,,,
Nachusa2020_3167,8/3/2020,big_jump_east,6,CRD,3:47:00 PM,4:13:00 PM,66,2,2,griseocollis,Female,MONFIS,,,
Nachusa2020_3168,8/3/2020,big_jump_east,6,CRD,3:47:00 PM,4:13:00 PM,66,2,2,griseocollis,Female,MONFIS,,,
Nachusa2020_3169,8/3/2020,big_jump_east,6,CRD,3:47:00 PM,4:13:00 PM,66,2,2,griseocollis,Female,MONFIS,,,
Nachusa2020_3170,8/3/2020,big_jump_east,6,CRD,3:47:00 PM,4:13:00 PM,66,2,2,griseocollis,Female,MONFIS,,,
Nachusa2020_3171,8/3/2020,big_jump_east,6,CRD,3:47:00 PM,4:13:00 PM,66,2,2,griseocollis,Female,MONFIS,,,
Nachusa2020_3172,8/3/2020,big_jump_east,6,CRD,3:47:00 PM,4:13:00 PM,66,2,2,griseocollis,Female,MONFIS,,,
Nachusa2020_3173,8/3/2020,big_jump_east,6,CRD,3:47:00 PM,4:13:00 PM,66,2,2,griseocollis,Female,MONFIS,,,
Nachusa2020_3174,8/3/2020,big_jump_east,6,CRD,3:47:00 PM,4:13:00 PM,66,2,2,griseocollis,Female,MONFIS,,,
Nachusa2020_3175,8/3/2020,big_jump_east,6,CRD,3:47:00 PM,4:13:00 PM,66,2,2,griseocollis,Female,MONFIS,,,
Nachusa2020_3176,8/3/2020,big_jump_east,6,CRD,3:47:00 PM,4:13:00 PM,66,2,2,griseocollis,Female,MONFIS,,,
Nachusa2020_3177,8/3/2020,big_jump_east,6,CRD,3:47:00 PM,4:13:00 PM,66,2,2,griseocollis,Female,MONFIS,,,
Nachusa2020_3178,8/3/2020,big_jump_east,6,CRD,3:47:00 PM,4:13:00 PM,66,2,2,griseocollis,Female,MONFIS,,,
Nachusa2020_3179,8/3/2020,big_jump_east,6,CRD,3:47:00 PM,4:13:00 PM,66,2,2,griseocollis,Female,MONFIS,,,
Nachusa2020_3180,8/3/2020,big_jump_east,6,CRD,3:47:00 PM,4:13:00 PM,66,2,2,griseocollis,Male,MONFIS,,,
Nachusa2020_3181,8/3/2020,big_jump_east,6,CRD,3:47:00 PM,4:13:00 PM,66,2,2,griseocollis,Male,MONFIS,,,
Nachusa2020_3182,8/3/2020,big_jump_east,6,CRD,3:47:00 PM,4:13:00 PM,66,2,2,griseocollis,Male,MONFIS,,,
Nachusa2020_3183,8/3/2020,big_jump_east,6,CRD,3:47:00 PM,4:13:00 PM,66,2,2,griseocollis,Male,MONFIS,,,
Nachusa2020_3184,8/3/2020,big_jump_east,6,CRD,3:47:00 PM,4:13:00 PM,66,2,2,griseocollis,Male,MONFIS,,,
Nachusa2020_3185,8/3/2020,big_jump_east,6,CRD,3:47:00 PM,4:13:00 PM,66,2,2,griseocollis,Male,MONFIS,,,
Nachusa2020_3186,8/3/2020,big_jump_east,6,CRD,3:47:00 PM,4:13:00 PM,66,2,2,griseocollis,Male,MONFIS,,,
Nachusa2020_3187,8/3/2020,big_jump_east,6,CRD,3:47:00 PM,4:13:00 PM,66,2,2,griseocollis,Male,MONFIS,,,
Nachusa2020_3188,8/3/2020,big_jump_east,6,CRD,3:47:00 PM,4:13:00 PM,66,2,2,griseocollis,Male,MONFIS,,,
Nachusa2020_3189,8/3/2020,big_jump_east,6,CRD,3:47:00 PM,4:13:00 PM,66,2,2,griseocollis,Male,MONFIS,,,
Nachusa2020_3190,8/3/2020,big_jump_east,6,CRD,3:47:00 PM,4:13:00 PM,66,2,2,griseocollis,Male,MONFIS,,,
Nachusa2020_3191,8/3/2020,big_jump_east,6,CRD,3:47:00 PM,4:13:00 PM,66,2,2,griseocollis,Male,MONFIS,,,
Nachusa2020_3192,8/3/2020,big_jump_east,6,CRD,3:47:00 PM,4:13:00 PM,66,2,2,griseocollis,Male,MONFIS,,,
Nachusa2020_3193,8/3/2020,big_jump_east,6,CRD,3:47:00 PM,4:13:00 PM,66,2,2,griseocollis,Male,MONFIS,,,
Nachusa2020_3194,8/3/2020,big_jump_east,6,CRD,3:47:00 PM,4:13:00 PM,66,2,2,griseocollis,Male,MONFIS,,,
Nachusa2020_3195,8/3/2020,big_jump_east,6,CRD,3:47:00 PM,4:13:00 PM,66,2,2,griseocollis,Male,MONFIS,,,
Nachusa2020_3196,8/3/2020,big_jump_east,6,CRD,3:47:00 PM,4:13:00 PM,66,2,2,griseocollis,Male,MONFIS,,,
Nachusa2020_3197,8/3/2020,big_jump_east,6,CRD,3:47:00 PM,4:13:00 PM,66,2,2,griseocollis,Male,MONFIS,,,
Nachusa2020_3198,8/3/2020,big_jump_east,6,CRD,3:47:00 PM,4:13:00 PM,66,2,2,griseocollis,Male,MONFIS,,,
Nachusa2020_3199,8/3/2020,big_jump_east,6,CRD,3:47:00 PM,4:13:00 PM,66,2,2,griseocollis,Male,MONFIS,,,
Nachusa2020_3200,8/3/2020,big_jump_east,6,CRD,3:47:00 PM,4:13:00 PM,66,2,2,griseocollis,Male,MONFIS,,,
Nachusa2020_3201,8/3/2020,big_jump_east,6,CRD,3:47:00 PM,4:13:00 PM,66,2,2,griseocollis,Male,MONFIS,,,
Nachusa2020_3202,8/3/2020,big_jump_east,6,CRD,3:47:00 PM,4:13:00 PM,66,2,2,griseocollis,Male,MONFIS,,,
Nachusa2020_3203,8/3/2020,big_jump_east,6,CRD,3:47:00 PM,4:13:00 PM,66,2,2,griseocollis,Male,MONFIS,,,
Nachusa2020_3204,8/3/2020,big_jump_east,6,CRD,3:47:00 PM,4:13:00 PM,66,2,2,griseocollis,Male,MONFIS,,,
Nachusa2020_3205,8/3/2020,big_jump_east,6,CRD,3:47:00 PM,4:13:00 PM,66,2,2,griseocollis,Male,MONFIS,,,
Nachusa2020_3206,8/3/2020,big_jump_east,6,CRD,3:47:00 PM,4:13:00 PM,66,2,2,griseocollis,Male,MONFIS,,,
Nachusa2020_3207,8/3/2020,big_jump_east,6,CRD,3:47:00 PM,4:13:00 PM,66,2,2,auricomus,Female,MONFIS,,,
Nachusa2020_3208,8/3/2020,big_jump_east,6,CRD,3:47:00 PM,4:13:00 PM,66,2,2,auricomus,Female,MONFIS,,,
Nachusa2020_3209,8/3/2020,big_jump_east,6,CRD,3:47:00 PM,4:13:00 PM,66,2,2,auricomus,Female,MONFIS,,,
Nachusa2020_3210,8/3/2020,big_jump_east,6,CRD,3:47:00 PM,4:13:00 PM,66,2,2,auricomus,Female,MONFIS,,,
Nachusa2020_3211,8/3/2020,big_jump_east,6,CRD,3:47:00 PM,4:13:00 PM,66,2,2,auricomus,Female,MONFIS,,,
Nachusa2020_3212,8/3/2020,big_jump_east,6,CRD,3:47:00 PM,4:13:00 PM,66,2,2,auri/pens,Female,MONFIS,,,
Nachusa2020_3213,8/3/2020,big_jump_east,6,CRD,3:47:00 PM,4:13:00 PM,66,2,2,auri/pens,Female,MONFIS,,,
Nachusa2020_3214,8/3/2020,big_jump_east,6,CRD,3:47:00 PM,4:13:00 PM,66,2,2,auri/pens,Female,MONFIS,,,
Nachusa2020_3215,8/3/2020,big_jump_east,6,CRD,3:47:00 PM,4:13:00 PM,66,2,2,auri/pens,Female,MONFIS,,,
Nachusa2020_3216,8/3/2020,big_jump_east,6,CRD,3:47:00 PM,4:13:00 PM,66,2,2,bimaculatus,Female,MONFIS,,,
Nachusa2020_3217,8/3/2020,big_jump_east,6,CRD,3:47:00 PM,4:13:00 PM,66,2,2,bimaculatus,Female,MONFIS,,,
Nachusa2020_3218,8/3/2020,big_jump_east,6,CRD,3:47:00 PM,4:13:00 PM,66,2,2,impatiens,Male,MONFIS,,,
Nachusa2020_3219,8/3/2020,big_jump_east,6,CRD,3:47:00 PM,4:13:00 PM,66,2,2,fervidus,Female,MONFIS,,,
Nachusa2020_3220,8/3/2020,big_jump_east,6,CRD,3:47:00 PM,4:13:00 PM,66,2,2,fervidus,Female,MONFIS,,,
Nachusa2020_3221,8/3/2020,big_jump_east,6,CRD,3:47:00 PM,4:13:00 PM,66,2,2,fervidus,Female,MONFIS,,,
Nachusa2020_3222,8/3/2020,big_jump_east,6,CRD,3:47:00 PM,4:13:00 PM,66,2,2,fervidus,Female,MONFIS,,,
Nachusa2020_3223,8/3/2020,big_jump_east,6,CRD,3:47:00 PM,4:13:00 PM,66,2,2,rufocinctus,Female,MONFIS,,,
Nachusa2020_3224,8/3/2020,big_jump_east,6,CRD,3:47:00 PM,4:13:00 PM,66,2,2,rufocinctus,Male,RATPIN,,,
Nachusa2020_3225,8/3/2020,big_jump_east,6,CRD,3:47:00 PM,4:13:00 PM,66,2,2,rufocinctus,Male,RATPIN,,,
Nachusa2020_3226,8/3/2020,big_jump_east,6,CRD,3:47:00 PM,4:13:00 PM,66,2,2,rufocinctus,Female,RATPIN,,,
Nachusa2020_3227,8/3/2020,big_jump_east,6,CRD,3:47:00 PM,4:13:00 PM,66,2,2,rufocinctus,Male,RATPIN,,,
Nachusa2020_3228,8/3/2020,big_jump_east,6,CRD,3:47:00 PM,4:13:00 PM,66,2,2,rufocinctus,Female,RATPIN,,,
Nachusa2020_3229,8/3/2020,big_jump_east,6,CRD,3:47:00 PM,4:13:00 PM,66,2,2,pensylvanicus,Female,MONFIS,,,photo
Nachusa2020_3230,8/3/2020,big_jump_east,6,CRD,3:47:00 PM,4:13:00 PM,66,2,2,affinis,Female,MONFIS,,,photo
Nachusa2020_3231,8/3/2020,big_jump_east,6,CRD,3:47:00 PM,4:13:00 PM,66,2,2,vagans,Female,MONFIS,,,
Nachusa2020_3232,8/3/2020,big_jump_east,6,CRD,3:47:00 PM,4:13:00 PM,66,2,2,vagans,Female,MONFIS,,,
Nachusa2020_3233,8/4/2020,big_jump_east,7,CRD,11:14:00 AM,11:34:00 AM,67,1,1,impatiens,Female,MONFIS,,,
Nachusa2020_3234,8/4/2020,big_jump_east,7,CRD,11:14:00 AM,11:34:00 AM,67,1,1,impatiens,Female,MONFIS,,,
Nachusa2020_3235,8/4/2020,big_jump_east,7,CRD,11:14:00 AM,11:34:00 AM,67,1,1,impatiens,Female,MONFIS,,,
Nachusa2020_3236,8/4/2020,big_jump_east,7,CRD,11:14:00 AM,11:34:00 AM,67,1,1,impatiens,Female,MONFIS,,,
Nachusa2020_3237,8/4/2020,big_jump_east,7,CRD,11:14:00 AM,11:34:00 AM,67,1,1,impatiens,Female,MONFIS,,,
Nachusa2020_3238,8/4/2020,big_jump_east,7,CRD,11:14:00 AM,11:34:00 AM,67,1,1,impatiens,Female,MONFIS,,,
Nachusa2020_3239,8/4/2020,big_jump_east,7,CRD,11:14:00 AM,11:34:00 AM,67,1,1,impatiens,Female,MONFIS,,,
Nachusa2020_3240,8/4/2020,big_jump_east,7,CRD,11:14:00 AM,11:34:00 AM,67,1,1,impatiens,Female,MONFIS,,,
Nachusa2020_3241,8/4/2020,big_jump_east,7,CRD,11:14:00 AM,11:34:00 AM,67,1,1,impatiens,Female,MONFIS,,,
Nachusa2020_3242,8/4/2020,big_jump_east,7,CRD,11:14:00 AM,11:34:00 AM,67,1,1,impatiens,Female,MONFIS,,,
Nachusa2020_3243,8/4/2020,big_jump_east,7,CRD,11:14:00 AM,11:34:00 AM,67,1,1,impatiens,Female,MONFIS,,,
Nachusa2020_3244,8/4/2020,big_jump_east,7,CRD,11:14:00 AM,11:34:00 AM,67,1,1,impatiens,Female,MONFIS,,,
Nachusa2020_3245,8/4/2020,big_jump_east,7,CRD,11:14:00 AM,11:34:00 AM,67,1,1,impatiens,Female,MONFIS,,,
Nachusa2020_3246,8/4/2020,big_jump_east,7,CRD,11:14:00 AM,11:34:00 AM,67,1,1,impatiens,Female,MONFIS,,,
Nachusa2020_3247,8/4/2020,big_jump_east,7,CRD,11:14:00 AM,11:34:00 AM,67,1,1,impatiens,Female,MONFIS,,,
Nachusa2020_3248,8/4/2020,big_jump_east,7,CRD,11:14:00 AM,11:34:00 AM,67,1,1,impatiens,Female,MONFIS,,,
Nachusa2020_3249,8/4/2020,big_jump_east,7,CRD,11:14:00 AM,11:34:00 AM,67,1,1,impatiens,Female,MONFIS,,,
Nachusa2020_3250,8/4/2020,big_jump_east,7,CRD,11:14:00 AM,11:34:00 AM,67,1,1,impatiens,Female,MONFIS,,,
Nachusa2020_3251,8/4/2020,big_jump_east,7,CRD,11:14:00 AM,11:34:00 AM,67,1,1,impatiens,Female,MONFIS,,,
Nachusa2020_3252,8/4/2020,big_jump_east,7,CRD,11:14:00 AM,11:34:00 AM,67,1,1,impatiens,Female,MONFIS,,,
Nachusa2020_3253,8/4/2020,big_jump_east,7,CRD,11:14:00 AM,11:34:00 AM,67,1,1,impatiens,Female,MONFIS,,,
Nachusa2020_3254,8/4/2020,big_jump_east,7,CRD,11:14:00 AM,11:34:00 AM,67,1,1,impatiens,Female,MONFIS,,,
Nachusa2020_3255,8/4/2020,big_jump_east,7,CRD,11:14:00 AM,11:34:00 AM,67,1,1,impatiens,Female,MONFIS,,,
Nachusa2020_3256,8/4/2020,big_jump_east,7,CRD,11:14:00 AM,11:34:00 AM,67,1,1,impatiens,Female,MONFIS,,,
Nachusa2020_3257,8/4/2020,big_jump_east,7,CRD,11:14:00 AM,11:34:00 AM,67,1,1,impatiens,Female,MONFIS,,,
Nachusa2020_3258,8/4/2020,big_jump_east,7,CRD,11:14:00 AM,11:34:00 AM,67,1,1,impatiens,Female,MONFIS,,,
Nachusa2020_3259,8/4/2020,big_jump_east,7,CRD,11:14:00 AM,11:34:00 AM,67,1,1,impatiens,Female,MONFIS,,,
Nachusa2020_3260,8/4/2020,big_jump_east,7,CRD,11:14:00 AM,11:34:00 AM,67,1,1,impatiens,Female,MONFIS,,,
Nachusa2020_3261,8/4/2020,big_jump_east,7,CRD,11:14:00 AM,11:34:00 AM,67,1,1,impatiens,Female,MONFIS,,,
Nachusa2020_3262,8/4/2020,big_jump_east,7,CRD,11:14:00 AM,11:34:00 AM,67,1,1,impatiens,Female,MONFIS,,,
Nachusa2020_3263,8/4/2020,big_jump_east,7,CRD,11:14:00 AM,11:34:00 AM,67,1,1,impatiens,Female,MONFIS,,,
Nachusa2020_3264,8/4/2020,big_jump_east,7,CRD,11:14:00 AM,11:34:00 AM,67,1,1,impatiens,Female,MONFIS,,,
Nachusa2020_3265,8/4/2020,big_jump_east,7,CRD,11:14:00 AM,11:34:00 AM,67,1,1,impatiens,Female,MONFIS,,,
Nachusa2020_3266,8/4/2020,big_jump_east,7,CRD,11:14:00 AM,11:34:00 AM,67,1,1,impatiens,Female,MONFIS,,,
Nachusa2020_3267,8/4/2020,big_jump_east,7,CRD,11:14:00 AM,11:34:00 AM,67,1,1,impatiens,Female,MONFIS,,,
Nachusa2020_3268,8/4/2020,big_jump_east,7,CRD,11:14:00 AM,11:34:00 AM,67,1,1,impatiens,Female,MONFIS,,,
Nachusa2020_3269,8/4/2020,big_jump_east,7,CRD,11:14:00 AM,11:34:00 AM,67,1,1,impatiens,Female,MONFIS,,,
Nachusa2020_3270,8/4/2020,big_jump_east,7,CRD,11:14:00 AM,11:34:00 AM,67,1,1,impatiens,Female,MONFIS,,,
Nachusa2020_3271,8/4/2020,big_jump_east,7,CRD,11:14:00 AM,11:34:00 AM,67,1,1,impatiens,Female,MONFIS,,,
Nachusa2020_3272,8/4/2020,big_jump_east,7,CRD,11:14:00 AM,11:34:00 AM,67,1,1,impatiens,Female,MONFIS,,,
Nachusa2020_3273,8/4/2020,big_jump_east,7,CRD,11:14:00 AM,11:34:00 AM,67,1,1,impatiens,Female,MONFIS,,,
Nachusa2020_3274,8/4/2020,big_jump_east,7,CRD,11:14:00 AM,11:34:00 AM,67,1,1,impatiens,Female,MONFIS,,,
Nachusa2020_3275,8/4/2020,big_jump_east,7,CRD,11:14:00 AM,11:34:00 AM,67,1,1,impatiens,Female,MONFIS,,,
Nachusa2020_3276,8/4/2020,big_jump_east,7,CRD,11:14:00 AM,11:34:00 AM,67,1,1,impatiens,Female,MONFIS,,,
Nachusa2020_3277,8/4/2020,big_jump_east,7,CRD,11:14:00 AM,11:34:00 AM,67,1,1,impatiens,Female,MONFIS,,,
Nachusa2020_3278,8/4/2020,big_jump_east,7,CRD,11:14:00 AM,11:34:00 AM,67,1,1,impatiens,Female,MONFIS,,,
Nachusa2020_3279,8/4/2020,big_jump_east,7,CRD,11:14:00 AM,11:34:00 AM,67,1,1,impatiens,Female,MONFIS,,,
Nachusa2020_3280,8/4/2020,big_jump_east,7,CRD,11:14:00 AM,11:34:00 AM,67,1,1,impatiens,Female,MONFIS,,,
Nachusa2020_3281,8/4/2020,big_jump_east,7,CRD,11:14:00 AM,11:34:00 AM,67,1,1,impatiens,Female,MONFIS,,,
Nachusa2020_3282,8/4/2020,big_jump_east,7,CRD,11:14:00 AM,11:34:00 AM,67,1,1,impatiens,Female,MONFIS,,,
Nachusa2020_3283,8/4/2020,big_jump_east,7,CRD,11:14:00 AM,11:34:00 AM,67,1,1,impatiens,Female,MONFIS,,,
Nachusa2020_3284,8/4/2020,big_jump_east,7,CRD,11:14:00 AM,11:34:00 AM,67,1,1,impatiens,Female,MONFIS,,,
Nachusa2020_3285,8/4/2020,big_jump_east,7,CRD,11:14:00 AM,11:34:00 AM,67,1,1,impatiens,Female,MONFIS,,,
Nachusa2020_3286,8/4/2020,big_jump_east,7,CRD,11:14:00 AM,11:34:00 AM,67,1,1,impatiens,Female,MONFIS,,,
Nachusa2020_3287,8/4/2020,big_jump_east,7,CRD,11:14:00 AM,11:34:00 AM,67,1,1,impatiens,Female,MONFIS,,,
Nachusa2020_3288,8/4/2020,big_jump_east,7,CRD,11:14:00 AM,11:34:00 AM,67,1,1,impatiens,Female,MONFIS,,,
Nachusa2020_3289,8/4/2020,big_jump_east,7,CRD,11:14:00 AM,11:34:00 AM,67,1,1,impatiens,Female,MONFIS,,,
Nachusa2020_3290,8/4/2020,big_jump_east,7,CRD,11:14:00 AM,11:34:00 AM,67,1,1,impatiens,Female,MONFIS,,,
Nachusa2020_3291,8/4/2020,big_jump_east,7,CRD,11:14:00 AM,11:34:00 AM,67,1,1,impatiens,Female,MONFIS,,,
Nachusa2020_3292,8/4/2020,big_jump_east,7,CRD,11:14:00 AM,11:34:00 AM,67,1,1,impatiens,Female,MONFIS,,,
Nachusa2020_3293,8/4/2020,big_jump_east,7,CRD,11:14:00 AM,11:34:00 AM,67,1,1,impatiens,Female,MONFIS,,,
Nachusa2020_3294,8/4/2020,big_jump_east,7,CRD,11:14:00 AM,11:34:00 AM,67,1,1,impatiens,Female,MONFIS,,,
Nachusa2020_3295,8/4/2020,big_jump_east,7,CRD,11:14:00 AM,11:34:00 AM,67,1,1,impatiens,Female,MONFIS,,,
Nachusa2020_3296,8/4/2020,big_jump_east,7,CRD,11:14:00 AM,11:34:00 AM,67,1,1,impatiens,Female,MONFIS,,,
Nachusa2020_3297,8/4/2020,big_jump_east,7,CRD,11:14:00 AM,11:34:00 AM,67,1,1,impatiens,Male,MONFIS,,,
Nachusa2020_3298,8/4/2020,big_jump_east,7,CRD,11:14:00 AM,11:34:00 AM,67,1,1,impatiens,Male,MONFIS,,,
Nachusa2020_3299,8/4/2020,big_jump_east,7,CRD,11:14:00 AM,11:34:00 AM,67,1,1,griseocollis,Female,MONFIS,,,
Nachusa2020_3300,8/4/2020,big_jump_east,7,CRD,11:14:00 AM,11:34:00 AM,67,1,1,griseocollis,Female,MONFIS,,,
Nachusa2020_3301,8/4/2020,big_jump_east,7,CRD,11:14:00 AM,11:34:00 AM,67,1,1,griseocollis,Female,MONFIS,,,
Nachusa2020_3302,8/4/2020,big_jump_east,7,CRD,11:14:00 AM,11:34:00 AM,67,1,1,griseocollis,Female,MONFIS,,,
Nachusa2020_3303,8/4/2020,big_jump_east,7,CRD,11:14:00 AM,11:34:00 AM,67,1,1,griseocollis,Female,MONFIS,,,
Nachusa2020_3304,8/4/2020,big_jump_east,7,CRD,11:14:00 AM,11:34:00 AM,67,1,1,griseocollis,Female,MONFIS,,,
Nachusa2020_3305,8/4/2020,big_jump_east,7,CRD,11:14:00 AM,11:34:00 AM,67,1,1,griseocollis,Female,MONFIS,,,
Nachusa2020_3306,8/4/2020,big_jump_east,7,CRD,11:14:00 AM,11:34:00 AM,67,1,1,griseocollis,Female,MONFIS,,,
Nachusa2020_3307,8/4/2020,big_jump_east,7,CRD,11:14:00 AM,11:34:00 AM,67,1,1,griseocollis,Female,MONFIS,,,
Nachusa2020_3308,8/4/2020,big_jump_east,7,CRD,11:14:00 AM,11:34:00 AM,67,1,1,griseocollis,Female,MONFIS,,,
Nachusa2020_3309,8/4/2020,big_jump_east,7,CRD,11:14:00 AM,11:34:00 AM,67,1,1,griseocollis,Female,MONFIS,,,
Nachusa2020_3310,8/4/2020,big_jump_east,7,CRD,11:14:00 AM,11:34:00 AM,67,1,1,griseocollis,Female,MONFIS,,,
Nachusa2020_3311,8/4/2020,big_jump_east,7,CRD,11:14:00 AM,11:34:00 AM,67,1,1,griseocollis,Female,MONFIS,,,
Nachusa2020_3312,8/4/2020,big_jump_east,7,CRD,11:14:00 AM,11:34:00 AM,67,1,1,griseocollis,Female,MONFIS,,,
Nachusa2020_3313,8/4/2020,big_jump_east,7,CRD,11:14:00 AM,11:34:00 AM,67,1,1,griseocollis,Female,MONFIS,,,
Nachusa2020_3314,8/4/2020,big_jump_east,7,CRD,11:14:00 AM,11:34:00 AM,67,1,1,griseocollis,Female,MONFIS,,,
Nachusa2020_3315,8/4/2020,big_jump_east,7,CRD,11:14:00 AM,11:34:00 AM,67,1,1,griseocollis,Female,MONFIS,,,
Nachusa2020_3316,8/4/2020,big_jump_east,7,CRD,11:14:00 AM,11:34:00 AM,67,1,1,griseocollis,Female,MONFIS,,,
Nachusa2020_3317,8/4/2020,big_jump_east,7,CRD,11:14:00 AM,11:34:00 AM,67,1,1,auricomus,Female,MONFIS,,,
Nachusa2020_3318,8/4/2020,big_jump_east,7,CRD,11:14:00 AM,11:34:00 AM,67,1,1,auricomus,Female,MONFIS,,,
Nachusa2020_3319,8/4/2020,big_jump_east,7,CRD,11:14:00 AM,11:34:00 AM,67,1,1,auricomus,Female,MONFIS,,,
Nachusa2020_3320,8/4/2020,big_jump_east,7,CRD,11:14:00 AM,11:34:00 AM,67,1,1,auricomus,Female,MONFIS,,,
Nachusa2020_3321,8/4/2020,big_jump_east,7,CRD,11:14:00 AM,11:34:00 AM,67,1,1,auricomus,Female,MONFIS,,,
Nachusa2020_3322,8/4/2020,big_jump_east,7,CRD,11:14:00 AM,11:34:00 AM,67,1,1,auricomus,Female,MONFIS,,,
Nachusa2020_3323,8/4/2020,big_jump_east,7,CRD,11:14:00 AM,11:34:00 AM,67,1,1,auricomus,Female,MONFIS,,,
Nachusa2020_3324,8/4/2020,big_jump_east,7,CRD,11:14:00 AM,11:34:00 AM,67,1,1,griseocollis,Male,MONFIS,,,
Nachusa2020_3325,8/4/2020,big_jump_east,7,CRD,11:14:00 AM,11:34:00 AM,67,1,1,griseocollis,Male,MONFIS,,,
Nachusa2020_3326,8/4/2020,big_jump_east,7,CRD,11:14:00 AM,11:34:00 AM,67,1,1,griseocollis,Male,MONFIS,,,
Nachusa2020_3327,8/4/2020,big_jump_east,7,CRD,11:14:00 AM,11:34:00 AM,67,1,1,griseocollis,Male,MONFIS,,,
Nachusa2020_3328,8/4/2020,big_jump_east,7,CRD,11:14:00 AM,11:34:00 AM,67,1,1,griseocollis,Male,MONFIS,,,
Nachusa2020_3329,8/4/2020,big_jump_east,7,CRD,11:14:00 AM,11:34:00 AM,67,1,1,griseocollis,Male,MONFIS,,,
Nachusa2020_3330,8/4/2020,big_jump_east,7,CRD,11:14:00 AM,11:34:00 AM,67,1,1,griseocollis,Male,MONFIS,,,
Nachusa2020_3331,8/4/2020,big_jump_east,7,CRD,11:14:00 AM,11:34:00 AM,67,1,1,griseocollis,Male,MONFIS,,,
Nachusa2020_3332,8/4/2020,big_jump_east,7,CRD,11:14:00 AM,11:34:00 AM,67,1,1,griseocollis,Male,MONFIS,,,
Nachusa2020_3333,8/4/2020,big_jump_east,7,CRD,11:14:00 AM,11:34:00 AM,67,1,1,griseocollis,Male,MONFIS,,,
Nachusa2020_3334,8/4/2020,big_jump_east,7,CRD,11:14:00 AM,11:34:00 AM,67,1,1,griseocollis,Male,MONFIS,,,
Nachusa2020_3335,8/4/2020,big_jump_east,7,CRD,11:14:00 AM,11:34:00 AM,67,1,1,griseocollis,Male,MONFIS,,,
Nachusa2020_3336,8/4/2020,big_jump_east,7,CRD,11:14:00 AM,11:34:00 AM,67,1,1,griseocollis,Male,MONFIS,,,
Nachusa2020_3337,8/4/2020,big_jump_east,7,CRD,11:14:00 AM,11:34:00 AM,67,1,1,griseocollis,Male,MONFIS,,,
Nachusa2020_3338,8/4/2020,big_jump_east,7,CRD,11:14:00 AM,11:34:00 AM,67,1,1,griseocollis,Male,MONFIS,,,
Nachusa2020_3339,8/4/2020,big_jump_east,7,CRD,11:14:00 AM,11:34:00 AM,67,1,1,griseocollis,Male,MONFIS,,,
Nachusa2020_3340,8/4/2020,big_jump_east,7,CRD,11:14:00 AM,11:34:00 AM,67,1,1,griseocollis,Male,MONFIS,,,
Nachusa2020_3341,8/4/2020,big_jump_east,7,CRD,11:14:00 AM,11:34:00 AM,67,1,1,griseocollis,Male,MONFIS,,,
Nachusa2020_3342,8/4/2020,big_jump_east,7,CRD,11:14:00 AM,11:34:00 AM,67,1,1,griseocollis,Male,MONFIS,,,
Nachusa2020_3343,8/4/2020,big_jump_east,7,CRD,11:14:00 AM,11:34:00 AM,67,1,1,griseocollis,Male,MONFIS,,,
Nachusa2020_3344,8/4/2020,big_jump_east,7,CRD,11:14:00 AM,11:34:00 AM,67,1,1,vagans,Female,MONFIS,,,
Nachusa2020_3345,8/4/2020,big_jump_east,7,CRD,11:14:00 AM,11:34:00 AM,67,1,1,bimaculatus,Female,MONFIS,,,
Nachusa2020_3346,8/4/2020,big_jump_east,7,CRD,11:14:00 AM,11:34:00 AM,67,1,1,bimaculatus,Female,MONFIS,,,
Nachusa2020_3347,8/4/2020,big_jump_east,7,CRD,11:14:00 AM,11:34:00 AM,67,1,1,fervidus,Female,MONFIS,,,
Nachusa2020_3348,8/4/2020,big_jump_east,7,CRD,11:14:00 AM,11:34:00 AM,67,1,1,fervidus,Female,MONFIS,,,
Nachusa2020_3349,8/4/2020,big_jump_east,7,CRD,11:14:00 AM,11:34:00 AM,67,1,1,fervidus,Female,MONFIS,,,
Nachusa2020_3350,8/4/2020,big_jump_east,7,CRD,11:14:00 AM,11:34:00 AM,67,1,1,auri/pens,Female,MONFIS,,,
Nachusa2020_3351,8/4/2020,big_jump_east,7,CRD,11:14:00 AM,11:34:00 AM,67,1,1,rufocinctus,Male,RATPIN,,,
Nachusa2020_3352,8/4/2020,big_jump_east,7,CRD,11:14:00 AM,11:34:00 AM,67,1,1,rufocinctus,Male,RATPIN,,,
Nachusa2020_3353,8/4/2020,big_jump_east,7,CRD,11:14:00 AM,11:34:00 AM,67,1,1,rufocinctus,Male,RATPIN,,,
Nachusa2020_3354,8/4/2020,big_jump_east,7,CRD,11:14:00 AM,11:34:00 AM,67,1,1,rufocinctus,Male,RATPIN,,,
Nachusa2020_3355,8/4/2020,big_jump_east,7,CRD,11:14:00 AM,11:34:00 AM,67,1,1,rufocinctus,Male,RATPIN,,,
Nachusa2020_3356,8/4/2020,big_jump_east,7,CRD,11:14:00 AM,11:34:00 AM,67,1,1,rufocinctus,Female,RATPIN,,,
Nachusa2020_3357,8/4/2020,big_jump_east,7,CRD,11:14:00 AM,11:34:00 AM,67,1,1,auricomus,Male,MONFIS,,,
Nachusa2020_3358,8/4/2020,trap_release_prairie,3,CRD,12:13:00 PM,12:40:00 PM,67,1,1,impatiens,Female,MONFIS,,,
Nachusa2020_3359,8/4/2020,trap_release_prairie,3,CRD,12:13:00 PM,12:40:00 PM,67,1,1,impatiens,Female,MONFIS,,,
Nachusa2020_3360,8/4/2020,trap_release_prairie,3,CRD,12:13:00 PM,12:40:00 PM,67,1,1,impatiens,Female,MONFIS,,,
Nachusa2020_3361,8/4/2020,trap_release_prairie,3,CRD,12:13:00 PM,12:40:00 PM,67,1,1,impatiens,Female,MONFIS,,,
Nachusa2020_3362,8/4/2020,trap_release_prairie,3,CRD,12:13:00 PM,12:40:00 PM,67,1,1,impatiens,Female,MONFIS,,,
Nachusa2020_3363,8/4/2020,trap_release_prairie,3,CRD,12:13:00 PM,12:40:00 PM,67,1,1,impatiens,Female,MONFIS,,,
Nachusa2020_3364,8/4/2020,trap_release_prairie,3,CRD,12:13:00 PM,12:40:00 PM,67,1,1,impatiens,Female,MONFIS,,,
Nachusa2020_3365,8/4/2020,trap_release_prairie,3,CRD,12:13:00 PM,12:40:00 PM,67,1,1,impatiens,Female,MONFIS,,,
Nachusa2020_3366,8/4/2020,trap_release_prairie,3,CRD,12:13:00 PM,12:40:00 PM,67,1,1,impatiens,Female,MONFIS,,,
Nachusa2020_3367,8/4/2020,trap_release_prairie,3,CRD,12:13:00 PM,12:40:00 PM,67,1,1,impatiens,Female,MONFIS,,,
Nachusa2020_3368,8/4/2020,trap_release_prairie,3,CRD,12:13:00 PM,12:40:00 PM,67,1,1,impatiens,Female,MONFIS,,,
Nachusa2020_3369,8/4/2020,trap_release_prairie,3,CRD,12:13:00 PM,12:40:00 PM,67,1,1,impatiens,Female,MONFIS,,,
Nachusa2020_3370,8/4/2020,trap_release_prairie,3,CRD,12:13:00 PM,12:40:00 PM,67,1,1,impatiens,Female,MONFIS,,,
Nachusa2020_3371,8/4/2020,trap_release_prairie,3,CRD,12:13:00 PM,12:40:00 PM,67,1,1,impatiens,Female,MONFIS,,,
Nachusa2020_3372,8/4/2020,trap_release_prairie,3,CRD,12:13:00 PM,12:40:00 PM,67,1,1,impatiens,Female,MONFIS,,,
Nachusa2020_3373,8/4/2020,trap_release_prairie,3,CRD,12:13:00 PM,12:40:00 PM,67,1,1,impatiens,Female,MONFIS,,,
Nachusa2020_3374,8/4/2020,trap_release_prairie,3,CRD,12:13:00 PM,12:40:00 PM,67,1,1,impatiens,Female,MONFIS,,,
Nachusa2020_3375,8/4/2020,trap_release_prairie,3,CRD,12:13:00 PM,12:40:00 PM,67,1,1,impatiens,Female,MONFIS,,,
Nachusa2020_3376,8/4/2020,trap_release_prairie,3,CRD,12:13:00 PM,12:40:00 PM,67,1,1,impatiens,Female,MONFIS,,,
Nachusa2020_3377,8/4/2020,trap_release_prairie,3,CRD,12:13:00 PM,12:40:00 PM,67,1,1,impatiens,Female,MONFIS,,,
Nachusa2020_3378,8/4/2020,trap_release_prairie,3,CRD,12:13:00 PM,12:40:00 PM,67,1,1,impatiens,Female,MONFIS,,,
Nachusa2020_3379,8/4/2020,trap_release_prairie,3,CRD,12:13:00 PM,12:40:00 PM,67,1,1,impatiens,Female,MONFIS,,,
Nachusa2020_3380,8/4/2020,trap_release_prairie,3,CRD,12:13:00 PM,12:40:00 PM,67,1,1,impatiens,Female,MONFIS,,,
Nachusa2020_3381,8/4/2020,trap_release_prairie,3,CRD,12:13:00 PM,12:40:00 PM,67,1,1,impatiens,Female,MONFIS,,,
Nachusa2020_3382,8/4/2020,trap_release_prairie,3,CRD,12:13:00 PM,12:40:00 PM,67,1,1,impatiens,Female,MONFIS,,,
Nachusa2020_3383,8/4/2020,trap_release_prairie,3,CRD,12:13:00 PM,12:40:00 PM,67,1,1,impatiens,Female,MONFIS,,,
Nachusa2020_3384,8/4/2020,trap_release_prairie,3,CRD,12:13:00 PM,12:40:00 PM,67,1,1,impatiens,Female,MONFIS,,,
Nachusa2020_3385,8/4/2020,trap_release_prairie,3,CRD,12:13:00 PM,12:40:00 PM,67,1,1,impatiens,Female,MONFIS,,,
Nachusa2020_3386,8/4/2020,trap_release_prairie,3,CRD,12:13:00 PM,12:40:00 PM,67,1,1,impatiens,Female,MONFIS,,,
Nachusa2020_3387,8/4/2020,trap_release_prairie,3,CRD,12:13:00 PM,12:40:00 PM,67,1,1,impatiens,Female,MONFIS,,,
Nachusa2020_3388,8/4/2020,trap_release_prairie,3,CRD,12:13:00 PM,12:40:00 PM,67,1,1,impatiens,Female,MONFIS,,,
Nachusa2020_3389,8/4/2020,trap_release_prairie,3,CRD,12:13:00 PM,12:40:00 PM,67,1,1,impatiens,Female,MONFIS,,,
Nachusa2020_3390,8/4/2020,trap_release_prairie,3,CRD,12:13:00 PM,12:40:00 PM,67,1,1,impatiens,Female,MONFIS,,,
Nachusa2020_3391,8/4/2020,trap_release_prairie,3,CRD,12:13:00 PM,12:40:00 PM,67,1,1,impatiens,Female,MONFIS,,,
Nachusa2020_3392,8/4/2020,trap_release_prairie,3,CRD,12:13:00 PM,12:40:00 PM,67,1,1,impatiens,Female,MONFIS,,,
Nachusa2020_3393,8/4/2020,trap_release_prairie,3,CRD,12:13:00 PM,12:40:00 PM,67,1,1,impatiens,Female,MONFIS,,,
Nachusa2020_3394,8/4/2020,trap_release_prairie,3,CRD,12:13:00 PM,12:40:00 PM,67,1,1,impatiens,Female,MONFIS,,,
Nachusa2020_3395,8/4/2020,trap_release_prairie,3,CRD,12:13:00 PM,12:40:00 PM,67,1,1,impatiens,Female,MONFIS,,,
Nachusa2020_3396,8/4/2020,trap_release_prairie,3,CRD,12:13:00 PM,12:40:00 PM,67,1,1,impatiens,Female,MONFIS,,,
Nachusa2020_3397,8/4/2020,trap_release_prairie,3,CRD,12:13:00 PM,12:40:00 PM,67,1,1,impatiens,Female,MONFIS,,,
Nachusa2020_3398,8/4/2020,trap_release_prairie,3,CRD,12:13:00 PM,12:40:00 PM,67,1,1,impatiens,Female,MONFIS,,,
Nachusa2020_3399,8/4/2020,trap_release_prairie,3,CRD,12:13:00 PM,12:40:00 PM,67,1,1,impatiens,Female,MONFIS,,,
Nachusa2020_3400,8/4/2020,trap_release_prairie,3,CRD,12:13:00 PM,12:40:00 PM,67,1,1,impatiens,Female,MONFIS,,,
Nachusa2020_3401,8/4/2020,trap_release_prairie,3,CRD,12:13:00 PM,12:40:00 PM,67,1,1,impatiens,Female,MONFIS,,,
Nachusa2020_3402,8/4/2020,trap_release_prairie,3,CRD,12:13:00 PM,12:40:00 PM,67,1,1,impatiens,Female,MONFIS,,,
Nachusa2020_3403,8/4/2020,trap_release_prairie,3,CRD,12:13:00 PM,12:40:00 PM,67,1,1,impatiens,Female,MONFIS,,,
Nachusa2020_3404,8/4/2020,trap_release_prairie,3,CRD,12:13:00 PM,12:40:00 PM,67,1,1,impatiens,Female,MONFIS,,,
Nachusa2020_3405,8/4/2020,trap_release_prairie,3,CRD,12:13:00 PM,12:40:00 PM,67,1,1,impatiens,Female,MONFIS,,,
Nachusa2020_3406,8/4/2020,trap_release_prairie,3,CRD,12:13:00 PM,12:40:00 PM,67,1,1,impatiens,Female,MONFIS,,,
Nachusa2020_3407,8/4/2020,trap_release_prairie,3,CRD,12:13:00 PM,12:40:00 PM,67,1,1,impatiens,Female,MONFIS,,,
Nachusa2020_3408,8/4/2020,trap_release_prairie,3,CRD,12:13:00 PM,12:40:00 PM,67,1,1,impatiens,Female,MONFIS,,,
Nachusa2020_3409,8/4/2020,trap_release_prairie,3,CRD,12:13:00 PM,12:40:00 PM,67,1,1,impatiens,Female,MONFIS,,,
Nachusa2020_3410,8/4/2020,trap_release_prairie,3,CRD,12:13:00 PM,12:40:00 PM,67,1,1,impatiens,Female,MONFIS,,,
Nachusa2020_3411,8/4/2020,trap_release_prairie,3,CRD,12:13:00 PM,12:40:00 PM,67,1,1,impatiens,Female,MONFIS,,,
Nachusa2020_3412,8/4/2020,trap_release_prairie,3,CRD,12:13:00 PM,12:40:00 PM,67,1,1,impatiens,Female,MONFIS,,,
Nachusa2020_3413,8/4/2020,trap_release_prairie,3,CRD,12:13:00 PM,12:40:00 PM,67,1,1,impatiens,Female,MONFIS,,,
Nachusa2020_3414,8/4/2020,trap_release_prairie,3,CRD,12:13:00 PM,12:40:00 PM,67,1,1,impatiens,Female,MONFIS,,,
Nachusa2020_3415,8/4/2020,trap_release_prairie,3,CRD,12:13:00 PM,12:40:00 PM,67,1,1,impatiens,Female,MONFIS,,,
Nachusa2020_3416,8/4/2020,trap_release_prairie,3,CRD,12:13:00 PM,12:40:00 PM,67,1,1,impatiens,Female,MONFIS,,,
Nachusa2020_3417,8/4/2020,trap_release_prairie,3,CRD,12:13:00 PM,12:40:00 PM,67,1,1,impatiens,Female,MONFIS,,,
Nachusa2020_3418,8/4/2020,trap_release_prairie,3,CRD,12:13:00 PM,12:40:00 PM,67,1,1,impatiens,Female,MONFIS,,,
Nachusa2020_3419,8/4/2020,trap_release_prairie,3,CRD,12:13:00 PM,12:40:00 PM,67,1,1,impatiens,Female,MONFIS,,,
Nachusa2020_3420,8/4/2020,trap_release_prairie,3,CRD,12:13:00 PM,12:40:00 PM,67,1,1,impatiens,Female,MONFIS,,,
Nachusa2020_3421,8/4/2020,trap_release_prairie,3,CRD,12:13:00 PM,12:40:00 PM,67,1,1,impatiens,Female,MONFIS,,,
Nachusa2020_3422,8/4/2020,trap_release_prairie,3,CRD,12:13:00 PM,12:40:00 PM,67,1,1,impatiens,Female,MONFIS,,,
Nachusa2020_3423,8/4/2020,trap_release_prairie,3,CRD,12:13:00 PM,12:40:00 PM,67,1,1,impatiens,Female,MONFIS,,,
Nachusa2020_3424,8/4/2020,trap_release_prairie,3,CRD,12:13:00 PM,12:40:00 PM,67,1,1,impatiens,Female,MONFIS,,,
Nachusa2020_3425,8/4/2020,trap_release_prairie,3,CRD,12:13:00 PM,12:40:00 PM,67,1,1,impatiens,Female,MONFIS,,,
Nachusa2020_3426,8/4/2020,trap_release_prairie,3,CRD,12:13:00 PM,12:40:00 PM,67,1,1,impatiens,Female,MONFIS,,,
Nachusa2020_3427,8/4/2020,trap_release_prairie,3,CRD,12:13:00 PM,12:40:00 PM,67,1,1,impatiens,Female,MONFIS,,,
Nachusa2020_3428,8/4/2020,trap_release_prairie,3,CRD,12:13:00 PM,12:40:00 PM,67,1,1,impatiens,Female,MONFIS,,,
Nachusa2020_3429,8/4/2020,trap_release_prairie,3,CRD,12:13:00 PM,12:40:00 PM,67,1,1,impatiens,Female,MONFIS,,,
Nachusa2020_3430,8/4/2020,trap_release_prairie,3,CRD,12:13:00 PM,12:40:00 PM,67,1,1,impatiens,Female,MONFIS,,,
Nachusa2020_3431,8/4/2020,trap_release_prairie,3,CRD,12:13:00 PM,12:40:00 PM,67,1,1,impatiens,Female,MONFIS,,,
Nachusa2020_3432,8/4/2020,trap_release_prairie,3,CRD,12:13:00 PM,12:40:00 PM,67,1,1,impatiens,Female,MONFIS,,,
Nachusa2020_3433,8/4/2020,trap_release_prairie,3,CRD,12:13:00 PM,12:40:00 PM,67,1,1,impatiens,Female,MONFIS,,,
Nachusa2020_3434,8/4/2020,trap_release_prairie,3,CRD,12:13:00 PM,12:40:00 PM,67,1,1,impatiens,Female,MONFIS,,,
Nachusa2020_3435,8/4/2020,trap_release_prairie,3,CRD,12:13:00 PM,12:40:00 PM,67,1,1,impatiens,Female,MONFIS,,,
Nachusa2020_3436,8/4/2020,trap_release_prairie,3,CRD,12:13:00 PM,12:40:00 PM,67,1,1,impatiens,Female,MONFIS,,,
Nachusa2020_3437,8/4/2020,trap_release_prairie,3,CRD,12:13:00 PM,12:40:00 PM,67,1,1,impatiens,Female,MONFIS,,,
Nachusa2020_3438,8/4/2020,trap_release_prairie,3,CRD,12:13:00 PM,12:40:00 PM,67,1,1,griseocollis,Female,MONFIS,,,
Nachusa2020_3439,8/4/2020,trap_release_prairie,3,CRD,12:13:00 PM,12:40:00 PM,67,1,1,griseocollis,Female,MONFIS,,,
Nachusa2020_3440,8/4/2020,trap_release_prairie,3,CRD,12:13:00 PM,12:40:00 PM,67,1,1,griseocollis,Female,MONFIS,,,
Nachusa2020_3441,8/4/2020,trap_release_prairie,3,CRD,12:13:00 PM,12:40:00 PM,67,1,1,griseocollis,Female,MONFIS,,,
Nachusa2020_3442,8/4/2020,trap_release_prairie,3,CRD,12:13:00 PM,12:40:00 PM,67,1,1,griseocollis,Female,MONFIS,,,
Nachusa2020_3443,8/4/2020,trap_release_prairie,3,CRD,12:13:00 PM,12:40:00 PM,67,1,1,griseocollis,Female,MONFIS,,,
Nachusa2020_3444,8/4/2020,trap_release_prairie,3,CRD,12:13:00 PM,12:40:00 PM,67,1,1,griseocollis,Female,MONFIS,,,
Nachusa2020_3445,8/4/2020,trap_release_prairie,3,CRD,12:13:00 PM,12:40:00 PM,67,1,1,griseocollis,Female,MONFIS,,,
Nachusa2020_3446,8/4/2020,trap_release_prairie,3,CRD,12:13:00 PM,12:40:00 PM,67,1,1,griseocollis,Female,MONFIS,,,
Nachusa2020_3447,8/4/2020,trap_release_prairie,3,CRD,12:13:00 PM,12:40:00 PM,67,1,1,griseocollis,Female,MONFIS,,,
Nachusa2020_3448,8/4/2020,trap_release_prairie,3,CRD,12:13:00 PM,12:40:00 PM,67,1,1,griseocollis,Female,MONFIS,,,
Nachusa2020_3449,8/4/2020,trap_release_prairie,3,CRD,12:13:00 PM,12:40:00 PM,67,1,1,griseocollis,Female,MONFIS,,,
Nachusa2020_3450,8/4/2020,trap_release_prairie,3,CRD,12:13:00 PM,12:40:00 PM,67,1,1,griseocollis,Female,MONFIS,,,
Nachusa2020_3451,8/4/2020,trap_release_prairie,3,CRD,12:13:00 PM,12:40:00 PM,67,1,1,griseocollis,Female,MONFIS,,,
Nachusa2020_3452,8/4/2020,trap_release_prairie,3,CRD,12:13:00 PM,12:40:00 PM,67,1,1,griseocollis,Female,MONFIS,,,
Nachusa2020_3453,8/4/2020,trap_release_prairie,3,CRD,12:13:00 PM,12:40:00 PM,67,1,1,griseocollis,Female,MONFIS,,,
Nachusa2020_3454,8/4/2020,trap_release_prairie,3,CRD,12:13:00 PM,12:40:00 PM,67,1,1,griseocollis,Female,MONFIS,,,
Nachusa2020_3455,8/4/2020,trap_release_prairie,3,CRD,12:13:00 PM,12:40:00 PM,67,1,1,griseocollis,Female,MONFIS,,,
Nachusa2020_3456,8/4/2020,trap_release_prairie,3,CRD,12:13:00 PM,12:40:00 PM,67,1,1,griseocollis,Female,MONFIS,,,
Nachusa2020_3457,8/4/2020,trap_release_prairie,3,CRD,12:13:00 PM,12:40:00 PM,67,1,1,griseocollis,Female,MONFIS,,,
Nachusa2020_3458,8/4/2020,trap_release_prairie,3,CRD,12:13:00 PM,12:40:00 PM,67,1,1,griseocollis,Female,MONFIS,,,
Nachusa2020_3459,8/4/2020,trap_release_prairie,3,CRD,12:13:00 PM,12:40:00 PM,67,1,1,griseocollis,Female,MONFIS,,,
Nachusa2020_3460,8/4/2020,trap_release_prairie,3,CRD,12:13:00 PM,12:40:00 PM,67,1,1,griseocollis,Female,MONFIS,,,
Nachusa2020_3461,8/4/2020,trap_release_prairie,3,CRD,12:13:00 PM,12:40:00 PM,67,1,1,griseocollis,Female,MONFIS,,,
Nachusa2020_3462,8/4/2020,trap_release_prairie,3,CRD,12:13:00 PM,12:40:00 PM,67,1,1,griseocollis,Female,MONFIS,,,
Nachusa2020_3463,8/4/2020,trap_release_prairie,3,CRD,12:13:00 PM,12:40:00 PM,67,1,1,griseocollis,Female,MONFIS,,,
Nachusa2020_3464,8/4/2020,trap_release_prairie,3,CRD,12:13:00 PM,12:40:00 PM,67,1,1,griseocollis,Female,MONFIS,,,
Nachusa2020_3465,8/4/2020,trap_release_prairie,3,CRD,12:13:00 PM,12:40:00 PM,67,1,1,griseocollis,Female,MONFIS,,,
Nachusa2020_3466,8/4/2020,trap_release_prairie,3,CRD,12:13:00 PM,12:40:00 PM,67,1,1,griseocollis,Female,MONFIS,,,
Nachusa2020_3467,8/4/2020,trap_release_prairie,3,CRD,12:13:00 PM,12:40:00 PM,67,1,1,griseocollis,Female,MONFIS,,,
Nachusa2020_3468,8/4/2020,trap_release_prairie,3,CRD,12:13:00 PM,12:40:00 PM,67,1,1,griseocollis,Female,MONFIS,,,
Nachusa2020_3469,8/4/2020,trap_release_prairie,3,CRD,12:13:00 PM,12:40:00 PM,67,1,1,griseocollis,Female,MONFIS,,,
Nachusa2020_3470,8/4/2020,trap_release_prairie,3,CRD,12:13:00 PM,12:40:00 PM,67,1,1,griseocollis,Female,MONFIS,,,
Nachusa2020_3471,8/4/2020,trap_release_prairie,3,CRD,12:13:00 PM,12:40:00 PM,67,1,1,griseocollis,Female,MONFIS,,,
Nachusa2020_3472,8/4/2020,trap_release_prairie,3,CRD,12:13:00 PM,12:40:00 PM,67,1,1,griseocollis,Female,MONFIS,,,
Nachusa2020_3473,8/4/2020,trap_release_prairie,3,CRD,12:13:00 PM,12:40:00 PM,67,1,1,griseocollis,Female,MONFIS,,,
Nachusa2020_3474,8/4/2020,trap_release_prairie,3,CRD,12:13:00 PM,12:40:00 PM,67,1,1,griseocollis,Female,MONFIS,,,
Nachusa2020_3475,8/4/2020,trap_release_prairie,3,CRD,12:13:00 PM,12:40:00 PM,67,1,1,griseocollis,Female,MONFIS,,,
Nachusa2020_3476,8/4/2020,trap_release_prairie,3,CRD,12:13:00 PM,12:40:00 PM,67,1,1,griseocollis,Female,MONFIS,,,
Nachusa2020_3477,8/4/2020,trap_release_prairie,3,CRD,12:13:00 PM,12:40:00 PM,67,1,1,griseocollis,Female,MONFIS,,,
Nachusa2020_3478,8/4/2020,trap_release_prairie,3,CRD,12:13:00 PM,12:40:00 PM,67,1,1,griseocollis,Female,MONFIS,,,
Nachusa2020_3479,8/4/2020,trap_release_prairie,3,CRD,12:13:00 PM,12:40:00 PM,67,1,1,griseocollis,Female,MONFIS,,,
Nachusa2020_3480,8/4/2020,trap_release_prairie,3,CRD,12:13:00 PM,12:40:00 PM,67,1,1,griseocollis,Female,MONFIS,,,
Nachusa2020_3481,8/4/2020,trap_release_prairie,3,CRD,12:13:00 PM,12:40:00 PM,67,1,1,griseocollis,Female,MONFIS,,,
Nachusa2020_3482,8/4/2020,trap_release_prairie,3,CRD,12:13:00 PM,12:40:00 PM,67,1,1,griseocollis,Female,MONFIS,,,
Nachusa2020_3483,8/4/2020,trap_release_prairie,3,CRD,12:13:00 PM,12:40:00 PM,67,1,1,griseocollis,Female,MONFIS,,,
Nachusa2020_3484,8/4/2020,trap_release_prairie,3,CRD,12:13:00 PM,12:40:00 PM,67,1,1,griseocollis,Female,MONFIS,,,
Nachusa2020_3485,8/4/2020,trap_release_prairie,3,CRD,12:13:00 PM,12:40:00 PM,67,1,1,auricomus,Female,MONFIS,,,
Nachusa2020_3486,8/4/2020,trap_release_prairie,3,CRD,12:13:00 PM,12:40:00 PM,67,1,1,auricomus,Female,MONFIS,,,
Nachusa2020_3487,8/4/2020,trap_release_prairie,3,CRD,12:13:00 PM,12:40:00 PM,67,1,1,auricomus,Female,MONFIS,,,
Nachusa2020_3488,8/4/2020,trap_release_prairie,3,CRD,12:13:00 PM,12:40:00 PM,67,1,1,auricomus,Female,MONFIS,,,
Nachusa2020_3489,8/4/2020,trap_release_prairie,3,CRD,12:13:00 PM,12:40:00 PM,67,1,1,auricomus,Female,MONFIS,,,
Nachusa2020_3490,8/4/2020,trap_release_prairie,3,CRD,12:13:00 PM,12:40:00 PM,67,1,1,auricomus,Female,MONFIS,,,
Nachusa2020_3491,8/4/2020,trap_release_prairie,3,CRD,12:13:00 PM,12:40:00 PM,67,1,1,auricomus,Female,MONFIS,,,
Nachusa2020_3492,8/4/2020,trap_release_prairie,3,CRD,12:13:00 PM,12:40:00 PM,67,1,1,auricomus,Female,MONFIS,,,
Nachusa2020_3493,8/4/2020,trap_release_prairie,3,CRD,12:13:00 PM,12:40:00 PM,67,1,1,auricomus,Female,MONFIS,,,
Nachusa2020_3494,8/4/2020,trap_release_prairie,3,CRD,12:13:00 PM,12:40:00 PM,67,1,1,auricomus,Female,MONFIS,,,
Nachusa2020_3495,8/4/2020,trap_release_prairie,3,CRD,12:13:00 PM,12:40:00 PM,67,1,1,auricomus,Female,MONFIS,,,
Nachusa2020_3496,8/4/2020,trap_release_prairie,3,CRD,12:13:00 PM,12:40:00 PM,67,1,1,auricomus,Female,MONFIS,,,
Nachusa2020_3497,8/4/2020,trap_release_prairie,3,CRD,12:13:00 PM,12:40:00 PM,67,1,1,auricomus,Female,MONFIS,,,
Nachusa2020_3498,8/4/2020,trap_release_prairie,3,CRD,12:13:00 PM,12:40:00 PM,67,1,1,auricomus,Female,MONFIS,,,
Nachusa2020_3499,8/4/2020,trap_release_prairie,3,CRD,12:13:00 PM,12:40:00 PM,67,1,1,auricomus,Female,MONFIS,,,
Nachusa2020_3500,8/4/2020,trap_release_prairie,3,CRD,12:13:00 PM,12:40:00 PM,67,1,1,auricomus,Female,MONFIS,,,
Nachusa2020_3501,8/4/2020,trap_release_prairie,3,CRD,12:13:00 PM,12:40:00 PM,67,1,1,auricomus,Female,MONFIS,,,
Nachusa2020_3502,8/4/2020,trap_release_prairie,3,CRD,12:13:00 PM,12:40:00 PM,67,1,1,auricomus,Female,MONFIS,,,
Nachusa2020_3503,8/4/2020,trap_release_prairie,3,CRD,12:13:00 PM,12:40:00 PM,67,1,1,auricomus,Female,MONFIS,,,
Nachusa2020_3504,8/4/2020,trap_release_prairie,3,CRD,12:13:00 PM,12:40:00 PM,67,1,1,auricomus,Female,MONFIS,,,
Nachusa2020_3505,8/4/2020,trap_release_prairie,3,CRD,12:13:00 PM,12:40:00 PM,67,1,1,auricomus,Female,MONFIS,,,
Nachusa2020_3506,8/4/2020,trap_release_prairie,3,CRD,12:13:00 PM,12:40:00 PM,67,1,1,auricomus,Female,MONFIS,,,
Nachusa2020_3507,8/4/2020,trap_release_prairie,3,CRD,12:13:00 PM,12:40:00 PM,67,1,1,auricomus,Female,MONFIS,,,
Nachusa2020_3508,8/4/2020,trap_release_prairie,3,CRD,12:13:00 PM,12:40:00 PM,67,1,1,rufocinctus,Female,RATPIN,,,
Nachusa2020_3509,8/4/2020,trap_release_prairie,3,CRD,12:13:00 PM,12:40:00 PM,67,1,1,griseocollis,Male,MONFIS,,,
Nachusa2020_3510,8/4/2020,trap_release_prairie,3,CRD,12:13:00 PM,12:40:00 PM,67,1,1,griseocollis,Male,MONFIS,,,
Nachusa2020_3511,8/4/2020,trap_release_prairie,3,CRD,12:13:00 PM,12:40:00 PM,67,1,1,griseocollis,Male,MONFIS,,,
Nachusa2020_3512,8/4/2020,trap_release_prairie,3,CRD,12:13:00 PM,12:40:00 PM,67,1,1,affinis,Female,MONFIS,,,photo
Nachusa2020_3513,8/4/2020,holland_prairie_east,6,CRD,1:16:00 PM,1:42:00 PM,70,1,1,impatiens,Female,LIAPYC,,,
Nachusa2020_3514,8/4/2020,holland_prairie_east,6,CRD,1:16:00 PM,1:42:00 PM,70,1,1,impatiens,Female,LIAPYC,,,
Nachusa2020_3515,8/4/2020,holland_prairie_east,6,CRD,1:16:00 PM,1:42:00 PM,70,1,1,impatiens,Female,LIAPYC,,,
Nachusa2020_3516,8/4/2020,holland_prairie_east,6,CRD,1:16:00 PM,1:42:00 PM,70,1,1,impatiens,Female,LIAPYC,,,
Nachusa2020_3517,8/4/2020,holland_prairie_east,6,CRD,1:16:00 PM,1:42:00 PM,70,1,1,impatiens,Female,LIAPYC,,,
Nachusa2020_3518,8/4/2020,holland_prairie_east,6,CRD,1:16:00 PM,1:42:00 PM,70,1,1,impatiens,Female,LIAPYC,,,
Nachusa2020_3519,8/4/2020,holland_prairie_east,6,CRD,1:16:00 PM,1:42:00 PM,70,1,1,impatiens,Female,LIAPYC,,,
Nachusa2020_3520,8/4/2020,holland_prairie_east,6,CRD,1:16:00 PM,1:42:00 PM,70,1,1,impatiens,Female,LIAPYC,,,
Nachusa2020_3521,8/4/2020,holland_prairie_east,6,CRD,1:16:00 PM,1:42:00 PM,70,1,1,impatiens,Female,LIAPYC,,,
Nachusa2020_3522,8/4/2020,holland_prairie_east,6,CRD,1:16:00 PM,1:42:00 PM,70,1,1,impatiens,Female,LIAPYC,,,
Nachusa2020_3523,8/4/2020,holland_prairie_east,6,CRD,1:16:00 PM,1:42:00 PM,70,1,1,impatiens,Female,LIAPYC,,,
Nachusa2020_3524,8/4/2020,holland_prairie_east,6,CRD,1:16:00 PM,1:42:00 PM,70,1,1,impatiens,Female,LIAPYC,,,
Nachusa2020_3525,8/4/2020,holland_prairie_east,6,CRD,1:16:00 PM,1:42:00 PM,70,1,1,impatiens,Female,LIAPYC,,,
Nachusa2020_3526,8/4/2020,holland_prairie_east,6,CRD,1:16:00 PM,1:42:00 PM,70,1,1,impatiens,Female,LIAPYC,,,
Nachusa2020_3527,8/4/2020,holland_prairie_east,6,CRD,1:16:00 PM,1:42:00 PM,70,1,1,griseocollis,Female,LIAPYC,,,
Nachusa2020_3528,8/4/2020,holland_prairie_east,6,CRD,1:16:00 PM,1:42:00 PM,70,1,1,griseocollis,Female,LIAPYC,,,
Nachusa2020_3529,8/4/2020,holland_prairie_east,6,CRD,1:16:00 PM,1:42:00 PM,70,1,1,griseocollis,Female,LIAPYC,,,
Nachusa2020_3530,8/4/2020,holland_prairie_east,6,CRD,1:16:00 PM,1:42:00 PM,70,1,1,griseocollis,Female,LIAPYC,,,
Nachusa2020_3531,8/4/2020,holland_prairie_east,6,CRD,1:16:00 PM,1:42:00 PM,70,1,1,griseocollis,Female,LIAPYC,,,
Nachusa2020_3532,8/4/2020,holland_prairie_east,6,CRD,1:16:00 PM,1:42:00 PM,70,1,1,griseocollis,Female,LIAPYC,,,
Nachusa2020_3533,8/4/2020,holland_prairie_east,6,CRD,1:16:00 PM,1:42:00 PM,70,1,1,griseocollis,Female,LIAPYC,,,
Nachusa2020_3534,8/4/2020,holland_prairie_east,6,CRD,1:16:00 PM,1:42:00 PM,70,1,1,griseocollis,Female,DESCAN,,,
Nachusa2020_3535,8/4/2020,holland_prairie_east,6,CRD,1:16:00 PM,1:42:00 PM,70,1,1,griseocollis,Female,DESCAN,,,
Nachusa2020_3536,8/4/2020,holland_prairie_east,6,CRD,1:16:00 PM,1:42:00 PM,70,1,1,griseocollis,Female,DESCAN,,,
Nachusa2020_3537,8/4/2020,holland_prairie_east,6,CRD,1:16:00 PM,1:42:00 PM,70,1,1,impatiens,Female,CHAFAS,,,
Nachusa2020_3538,8/4/2020,holland_prairie_east,6,CRD,1:16:00 PM,1:42:00 PM,70,1,1,impatiens,Female,CHAFAS,,,
Nachusa2020_3539,8/4/2020,holland_prairie_east,6,CRD,1:16:00 PM,1:42:00 PM,70,1,1,impatiens,Female,PYCTEN,,,
Nachusa2020_3540,8/4/2020,holland_prairie_east,6,CRD,1:16:00 PM,1:42:00 PM,70,1,1,rufocinctus,Female,LIAPYC,,,
Nachusa2020_3541,8/4/2020,holland_prairie_east,6,CRD,1:16:00 PM,1:42:00 PM,70,1,1,impatiens,Female,ERIYUC,,,
Nachusa2020_3542,8/4/2020,holland_prairie_east,6,CRD,1:16:00 PM,1:42:00 PM,70,1,1,pensylvanicus,Female,TRIPRA,,,specimen taken; needs ID
Nachusa2020_3543,8/4/2020,holland_prairie_east,6,CRD,1:16:00 PM,1:42:00 PM,70,1,1,impatiens,Female,DESCAN,,,
Nachusa2020_3544,8/4/2020,holland_prairie_east,6,CRD,1:16:00 PM,1:42:00 PM,70,1,1,impatiens,Female,DESCAN,,,
Nachusa2020_3545,8/4/2020,holland_prairie_east,6,CRD,1:16:00 PM,1:42:00 PM,70,1,1,impatiens,Female,DESCAN,,,
Nachusa2020_3546,8/4/2020,holland_prairie_east,6,CRD,1:16:00 PM,1:42:00 PM,70,1,1,affinis,Female,LIAPYC,,,
Nachusa2020_3547,8/4/2020,holland_prairie_east,6,CRD,1:16:00 PM,1:42:00 PM,70,1,1,griseocollis,Male,LIAPYC,,,
Nachusa2020_3548,8/5/2020,holland_prairie_east,7,CRD,10:22:00 AM,10:42:00 AM,69,1,1,impatiens,Female,MONFIS,,,
Nachusa2020_3549,8/5/2020,holland_prairie_east,7,CRD,10:22:00 AM,10:42:00 AM,69,1,1,impatiens,Female,MONFIS,,,
Nachusa2020_3550,8/5/2020,holland_prairie_east,7,CRD,10:22:00 AM,10:42:00 AM,69,1,1,impatiens,Female,MONFIS,,,
Nachusa2020_3551,8/5/2020,holland_prairie_east,7,CRD,10:22:00 AM,10:42:00 AM,69,1,1,impatiens,Female,MONFIS,,,
Nachusa2020_3552,8/5/2020,holland_prairie_east,7,CRD,10:22:00 AM,10:42:00 AM,69,1,1,impatiens,Female,MONFIS,,,
Nachusa2020_3553,8/5/2020,holland_prairie_east,7,CRD,10:22:00 AM,10:42:00 AM,69,1,1,impatiens,Female,MONFIS,,,
Nachusa2020_3554,8/5/2020,holland_prairie_east,7,CRD,10:22:00 AM,10:42:00 AM,69,1,1,impatiens,Female,MONFIS,,,
Nachusa2020_3555,8/5/2020,holland_prairie_east,7,CRD,10:22:00 AM,10:42:00 AM,69,1,1,impatiens,Female,MONFIS,,,
Nachusa2020_3556,8/5/2020,holland_prairie_east,7,CRD,10:22:00 AM,10:42:00 AM,69,1,1,impatiens,Female,MONFIS,,,
Nachusa2020_3557,8/5/2020,holland_prairie_east,7,CRD,10:22:00 AM,10:42:00 AM,69,1,1,impatiens,Female,MONFIS,,,
Nachusa2020_3558,8/5/2020,holland_prairie_east,7,CRD,10:22:00 AM,10:42:00 AM,69,1,1,impatiens,Female,MONFIS,,,
Nachusa2020_3559,8/5/2020,holland_prairie_east,7,CRD,10:22:00 AM,10:42:00 AM,69,1,1,impatiens,Female,MONFIS,,,
Nachusa2020_3560,8/5/2020,holland_prairie_east,7,CRD,10:22:00 AM,10:42:00 AM,69,1,1,impatiens,Female,MONFIS,,,
Nachusa2020_3561,8/5/2020,holland_prairie_east,7,CRD,10:22:00 AM,10:42:00 AM,69,1,1,impatiens,Female,MONFIS,,,
Nachusa2020_3562,8/5/2020,holland_prairie_east,7,CRD,10:22:00 AM,10:42:00 AM,69,1,1,impatiens,Female,MONFIS,,,
Nachusa2020_3563,8/5/2020,holland_prairie_east,7,CRD,10:22:00 AM,10:42:00 AM,69,1,1,impatiens,Female,MONFIS,,,
Nachusa2020_3564,8/5/2020,holland_prairie_east,7,CRD,10:22:00 AM,10:42:00 AM,69,1,1,impatiens,Female,MONFIS,,,
Nachusa2020_3565,8/5/2020,holland_prairie_east,7,CRD,10:22:00 AM,10:42:00 AM,69,1,1,impatiens,Female,MONFIS,,,
Nachusa2020_3566,8/5/2020,holland_prairie_east,7,CRD,10:22:00 AM,10:42:00 AM,69,1,1,impatiens,Female,MONFIS,,,
Nachusa2020_3567,8/5/2020,holland_prairie_east,7,CRD,10:22:00 AM,10:42:00 AM,69,1,1,impatiens,Female,MONFIS,,,
Nachusa2020_3568,8/5/2020,holland_prairie_east,7,CRD,10:22:00 AM,10:42:00 AM,69,1,1,impatiens,Female,MONFIS,,,
Nachusa2020_3569,8/5/2020,holland_prairie_east,7,CRD,10:22:00 AM,10:42:00 AM,69,1,1,impatiens,Female,MONFIS,,,
Nachusa2020_3570,8/5/2020,holland_prairie_east,7,CRD,10:22:00 AM,10:42:00 AM,69,1,1,impatiens,Female,MONFIS,,,
Nachusa2020_3571,8/5/2020,holland_prairie_east,7,CRD,10:22:00 AM,10:42:00 AM,69,1,1,impatiens,Female,MONFIS,,,
Nachusa2020_3572,8/5/2020,holland_prairie_east,7,CRD,10:22:00 AM,10:42:00 AM,69,1,1,impatiens,Female,MONFIS,,,
Nachusa2020_3573,8/5/2020,holland_prairie_east,7,CRD,10:22:00 AM,10:42:00 AM,69,1,1,impatiens,Female,MONFIS,,,
Nachusa2020_3574,8/5/2020,holland_prairie_east,7,CRD,10:22:00 AM,10:42:00 AM,69,1,1,impatiens,Female,MONFIS,,,
Nachusa2020_3575,8/5/2020,holland_prairie_east,7,CRD,10:22:00 AM,10:42:00 AM,69,1,1,impatiens,Female,MONFIS,,,
Nachusa2020_3576,8/5/2020,holland_prairie_east,7,CRD,10:22:00 AM,10:42:00 AM,69,1,1,impatiens,Female,MONFIS,,,
Nachusa2020_3577,8/5/2020,holland_prairie_east,7,CRD,10:22:00 AM,10:42:00 AM,69,1,1,impatiens,Female,MONFIS,,,
Nachusa2020_3578,8/5/2020,holland_prairie_east,7,CRD,10:22:00 AM,10:42:00 AM,69,1,1,impatiens,Female,MONFIS,,,
Nachusa2020_3579,8/5/2020,holland_prairie_east,7,CRD,10:22:00 AM,10:42:00 AM,69,1,1,impatiens,Female,MONFIS,,,
Nachusa2020_3580,8/5/2020,holland_prairie_east,7,CRD,10:22:00 AM,10:42:00 AM,69,1,1,impatiens,Female,MONFIS,,,
Nachusa2020_3581,8/5/2020,holland_prairie_east,7,CRD,10:22:00 AM,10:42:00 AM,69,1,1,impatiens,Female,MONFIS,,,
Nachusa2020_3582,8/5/2020,holland_prairie_east,7,CRD,10:22:00 AM,10:42:00 AM,69,1,1,impatiens,Female,MONFIS,,,
Nachusa2020_3583,8/5/2020,holland_prairie_east,7,CRD,10:22:00 AM,10:42:00 AM,69,1,1,impatiens,Female,MONFIS,,,
Nachusa2020_3584,8/5/2020,holland_prairie_east,7,CRD,10:22:00 AM,10:42:00 AM,69,1,1,impatiens,Female,MONFIS,,,
Nachusa2020_3585,8/5/2020,holland_prairie_east,7,CRD,10:22:00 AM,10:42:00 AM,69,1,1,impatiens,Female,MONFIS,,,
Nachusa2020_3586,8/5/2020,holland_prairie_east,7,CRD,10:22:00 AM,10:42:00 AM,69,1,1,impatiens,Female,MONFIS,,,
Nachusa2020_3587,8/5/2020,holland_prairie_east,7,CRD,10:22:00 AM,10:42:00 AM,69,1,1,impatiens,Female,MONFIS,,,
Nachusa2020_3588,8/5/2020,holland_prairie_east,7,CRD,10:22:00 AM,10:42:00 AM,69,1,1,impatiens,Female,MONFIS,,,
Nachusa2020_3589,8/5/2020,holland_prairie_east,7,CRD,10:22:00 AM,10:42:00 AM,69,1,1,impatiens,Female,MONFIS,,,
Nachusa2020_3590,8/5/2020,holland_prairie_east,7,CRD,10:22:00 AM,10:42:00 AM,69,1,1,impatiens,Female,MONFIS,,,
Nachusa2020_3591,8/5/2020,holland_prairie_east,7,CRD,10:22:00 AM,10:42:00 AM,69,1,1,impatiens,Female,MONFIS,,,
Nachusa2020_3592,8/5/2020,holland_prairie_east,7,CRD,10:22:00 AM,10:42:00 AM,69,1,1,impatiens,Female,MONFIS,,,
Nachusa2020_3593,8/5/2020,holland_prairie_east,7,CRD,10:22:00 AM,10:42:00 AM,69,1,1,impatiens,Female,MONFIS,,,
Nachusa2020_3594,8/5/2020,holland_prairie_east,7,CRD,10:22:00 AM,10:42:00 AM,69,1,1,impatiens,Female,MONFIS,,,
Nachusa2020_3595,8/5/2020,holland_prairie_east,7,CRD,10:22:00 AM,10:42:00 AM,69,1,1,impatiens,Female,MONFIS,,,
Nachusa2020_3596,8/5/2020,holland_prairie_east,7,CRD,10:22:00 AM,10:42:00 AM,69,1,1,impatiens,Female,MONFIS,,,
Nachusa2020_3597,8/5/2020,holland_prairie_east,7,CRD,10:22:00 AM,10:42:00 AM,69,1,1,impatiens,Female,MONFIS,,,
Nachusa2020_3598,8/5/2020,holland_prairie_east,7,CRD,10:22:00 AM,10:42:00 AM,69,1,1,impatiens,Female,MONFIS,,,
Nachusa2020_3599,8/5/2020,holland_prairie_east,7,CRD,10:22:00 AM,10:42:00 AM,69,1,1,impatiens,Female,MONFIS,,,
Nachusa2020_3600,8/5/2020,holland_prairie_east,7,CRD,10:22:00 AM,10:42:00 AM,69,1,1,impatiens,Female,MONFIS,,,
Nachusa2020_3601,8/5/2020,holland_prairie_east,7,CRD,10:22:00 AM,10:42:00 AM,69,1,1,impatiens,Female,MONFIS,,,
Nachusa2020_3602,8/5/2020,holland_prairie_east,7,CRD,10:22:00 AM,10:42:00 AM,69,1,1,impatiens,Female,MONFIS,,,
Nachusa2020_3603,8/5/2020,holland_prairie_east,7,CRD,10:22:00 AM,10:42:00 AM,69,1,1,impatiens,Female,MONFIS,,,
Nachusa2020_3604,8/5/2020,holland_prairie_east,7,CRD,10:22:00 AM,10:42:00 AM,69,1,1,impatiens,Female,MONFIS,,,
Nachusa2020_3605,8/5/2020,holland_prairie_east,7,CRD,10:22:00 AM,10:42:00 AM,69,1,1,impatiens,Female,MONFIS,,,
Nachusa2020_3606,8/5/2020,holland_prairie_east,7,CRD,10:22:00 AM,10:42:00 AM,69,1,1,griseocollis,Female,MONFIS,,,
Nachusa2020_3607,8/5/2020,holland_prairie_east,7,CRD,10:22:00 AM,10:42:00 AM,69,1,1,griseocollis,Female,MONFIS,,,
Nachusa2020_3608,8/5/2020,holland_prairie_east,7,CRD,10:22:00 AM,10:42:00 AM,69,1,1,griseocollis,Female,MONFIS,,,
Nachusa2020_3609,8/5/2020,holland_prairie_east,7,CRD,10:22:00 AM,10:42:00 AM,69,1,1,griseocollis,Female,MONFIS,,,
Nachusa2020_3610,8/5/2020,holland_prairie_east,7,CRD,10:22:00 AM,10:42:00 AM,69,1,1,griseocollis,Female,MONFIS,,,
Nachusa2020_3611,8/5/2020,holland_prairie_east,7,CRD,10:22:00 AM,10:42:00 AM,69,1,1,griseocollis,Female,MONFIS,,,
Nachusa2020_3612,8/5/2020,holland_prairie_east,7,CRD,10:22:00 AM,10:42:00 AM,69,1,1,griseocollis,Female,MONFIS,,,
Nachusa2020_3613,8/5/2020,holland_prairie_east,7,CRD,10:22:00 AM,10:42:00 AM,69,1,1,griseocollis,Female,MONFIS,,,
Nachusa2020_3614,8/5/2020,holland_prairie_east,7,CRD,10:22:00 AM,10:42:00 AM,69,1,1,griseocollis,Female,MONFIS,,,
Nachusa2020_3615,8/5/2020,holland_prairie_east,7,CRD,10:22:00 AM,10:42:00 AM,69,1,1,griseocollis,Female,MONFIS,,,
Nachusa2020_3616,8/5/2020,holland_prairie_east,7,CRD,10:22:00 AM,10:42:00 AM,69,1,1,griseocollis,Female,MONFIS,,,
Nachusa2020_3617,8/5/2020,holland_prairie_east,7,CRD,10:22:00 AM,10:42:00 AM,69,1,1,griseocollis,Female,MONFIS,,,
Nachusa2020_3618,8/5/2020,holland_prairie_east,7,CRD,10:22:00 AM,10:42:00 AM,69,1,1,griseocollis,Female,MONFIS,,,
Nachusa2020_3619,8/5/2020,holland_prairie_east,7,CRD,10:22:00 AM,10:42:00 AM,69,1,1,griseocollis,Female,MONFIS,,,
Nachusa2020_3620,8/5/2020,holland_prairie_east,7,CRD,10:22:00 AM,10:42:00 AM,69,1,1,griseocollis,Female,MONFIS,,,
Nachusa2020_3621,8/5/2020,holland_prairie_east,7,CRD,10:22:00 AM,10:42:00 AM,69,1,1,griseocollis,Female,MONFIS,,,
Nachusa2020_3622,8/5/2020,holland_prairie_east,7,CRD,10:22:00 AM,10:42:00 AM,69,1,1,griseocollis,Female,MONFIS,,,
Nachusa2020_3623,8/5/2020,holland_prairie_east,7,CRD,10:22:00 AM,10:42:00 AM,69,1,1,griseocollis,Female,MONFIS,,,
Nachusa2020_3624,8/5/2020,holland_prairie_east,7,CRD,10:22:00 AM,10:42:00 AM,69,1,1,griseocollis,Female,MONFIS,,,
Nachusa2020_3625,8/5/2020,holland_prairie_east,7,CRD,10:22:00 AM,10:42:00 AM,69,1,1,griseocollis,Female,MONFIS,,,
Nachusa2020_3626,8/5/2020,holland_prairie_east,7,CRD,10:22:00 AM,10:42:00 AM,69,1,1,griseocollis,Female,MONFIS,,,
Nachusa2020_3627,8/5/2020,holland_prairie_east,7,CRD,10:22:00 AM,10:42:00 AM,69,1,1,griseocollis,Female,MONFIS,,,
Nachusa2020_3628,8/5/2020,holland_prairie_east,7,CRD,10:22:00 AM,10:42:00 AM,69,1,1,griseocollis,Female,MONFIS,,,
Nachusa2020_3629,8/5/2020,holland_prairie_east,7,CRD,10:22:00 AM,10:42:00 AM,69,1,1,griseocollis,Female,MONFIS,,,
Nachusa2020_3630,8/5/2020,holland_prairie_east,7,CRD,10:22:00 AM,10:42:00 AM,69,1,1,griseocollis,Female,MONFIS,,,
Nachusa2020_3631,8/5/2020,holland_prairie_east,7,CRD,10:22:00 AM,10:42:00 AM,69,1,1,griseocollis,Female,MONFIS,,,
Nachusa2020_3632,8/5/2020,holland_prairie_east,7,CRD,10:22:00 AM,10:42:00 AM,69,1,1,griseocollis,Female,MONFIS,,,
Nachusa2020_3633,8/5/2020,holland_prairie_east,7,CRD,10:22:00 AM,10:42:00 AM,69,1,1,griseocollis,Female,MONFIS,,,
Nachusa2020_3634,8/5/2020,holland_prairie_east,7,CRD,10:22:00 AM,10:42:00 AM,69,1,1,griseocollis,Female,MONFIS,,,
Nachusa2020_3635,8/5/2020,holland_prairie_east,7,CRD,10:22:00 AM,10:42:00 AM,69,1,1,griseocollis,Female,MONFIS,,,
Nachusa2020_3636,8/5/2020,holland_prairie_east,7,CRD,10:22:00 AM,10:42:00 AM,69,1,1,griseocollis,Female,MONFIS,,,
Nachusa2020_3637,8/5/2020,holland_prairie_east,7,CRD,10:22:00 AM,10:42:00 AM,69,1,1,griseocollis,Female,MONFIS,,,
Nachusa2020_3638,8/5/2020,holland_prairie_east,7,CRD,10:22:00 AM,10:42:00 AM,69,1,1,griseocollis,Female,MONFIS,,,
Nachusa2020_3639,8/5/2020,holland_prairie_east,7,CRD,10:22:00 AM,10:42:00 AM,69,1,1,griseocollis,Female,MONFIS,,,
Nachusa2020_3640,8/5/2020,holland_prairie_east,7,CRD,10:22:00 AM,10:42:00 AM,69,1,1,griseocollis,Female,MONFIS,,,
Nachusa2020_3641,8/5/2020,holland_prairie_east,7,CRD,10:22:00 AM,10:42:00 AM,69,1,1,griseocollis,Female,MONFIS,,,
Nachusa2020_3642,8/5/2020,holland_prairie_east,7,CRD,10:22:00 AM,10:42:00 AM,69,1,1,griseocollis,Female,MONFIS,,,
Nachusa2020_3643,8/5/2020,holland_prairie_east,7,CRD,10:22:00 AM,10:42:00 AM,69,1,1,griseocollis,Female,MONFIS,,,
Nachusa2020_3644,8/5/2020,holland_prairie_east,7,CRD,10:22:00 AM,10:42:00 AM,69,1,1,griseocollis,Female,MONFIS,,,
Nachusa2020_3645,8/5/2020,holland_prairie_east,7,CRD,10:22:00 AM,10:42:00 AM,69,1,1,griseocollis,Female,MONFIS,,,
Nachusa2020_3646,8/5/2020,holland_prairie_east,7,CRD,10:22:00 AM,10:42:00 AM,69,1,1,griseocollis,Female,MONFIS,,,
Nachusa2020_3647,8/5/2020,holland_prairie_east,7,CRD,10:22:00 AM,10:42:00 AM,69,1,1,griseocollis,Female,MONFIS,,,
Nachusa2020_3648,8/5/2020,holland_prairie_east,7,CRD,10:22:00 AM,10:42:00 AM,69,1,1,griseocollis,Female,MONFIS,,,
Nachusa2020_3649,8/5/2020,holland_prairie_east,7,CRD,10:22:00 AM,10:42:00 AM,69,1,1,griseocollis,Female,MONFIS,,,
Nachusa2020_3650,8/5/2020,holland_prairie_east,7,CRD,10:22:00 AM,10:42:00 AM,69,1,1,auricomus,Female,MONFIS,,,
Nachusa2020_3651,8/5/2020,holland_prairie_east,7,CRD,10:22:00 AM,10:42:00 AM,69,1,1,auricomus,Female,MONFIS,,,
Nachusa2020_3652,8/5/2020,holland_prairie_east,7,CRD,10:22:00 AM,10:42:00 AM,69,1,1,auricomus,Female,MONFIS,,,
Nachusa2020_3653,8/5/2020,holland_prairie_east,7,CRD,10:22:00 AM,10:42:00 AM,69,1,1,pensylvanicus,Female,MONFIS,,,
Nachusa2020_3654,8/5/2020,trap_release_prairie,4,CRD,11:21:00 AM,11:42:00 AM,72,2,2,impatiens,Female,MONFIS,,,
Nachusa2020_3655,8/5/2020,trap_release_prairie,4,CRD,11:21:00 AM,11:42:00 AM,72,2,2,impatiens,Female,MONFIS,,,
Nachusa2020_3656,8/5/2020,trap_release_prairie,4,CRD,11:21:00 AM,11:42:00 AM,72,2,2,impatiens,Female,MONFIS,,,
Nachusa2020_3657,8/5/2020,trap_release_prairie,4,CRD,11:21:00 AM,11:42:00 AM,72,2,2,impatiens,Female,MONFIS,,,
Nachusa2020_3658,8/5/2020,trap_release_prairie,4,CRD,11:21:00 AM,11:42:00 AM,72,2,2,impatiens,Female,MONFIS,,,
Nachusa2020_3659,8/5/2020,trap_release_prairie,4,CRD,11:21:00 AM,11:42:00 AM,72,2,2,impatiens,Female,MONFIS,,,
Nachusa2020_3660,8/5/2020,trap_release_prairie,4,CRD,11:21:00 AM,11:42:00 AM,72,2,2,impatiens,Female,MONFIS,,,
Nachusa2020_3661,8/5/2020,trap_release_prairie,4,CRD,11:21:00 AM,11:42:00 AM,72,2,2,impatiens,Female,MONFIS,,,
Nachusa2020_3662,8/5/2020,trap_release_prairie,4,CRD,11:21:00 AM,11:42:00 AM,72,2,2,impatiens,Female,MONFIS,,,
Nachusa2020_3663,8/5/2020,trap_release_prairie,4,CRD,11:21:00 AM,11:42:00 AM,72,2,2,impatiens,Female,MONFIS,,,
Nachusa2020_3664,8/5/2020,trap_release_prairie,4,CRD,11:21:00 AM,11:42:00 AM,72,2,2,impatiens,Female,MONFIS,,,
Nachusa2020_3665,8/5/2020,trap_release_prairie,4,CRD,11:21:00 AM,11:42:00 AM,72,2,2,impatiens,Female,MONFIS,,,
Nachusa2020_3666,8/5/2020,trap_release_prairie,4,CRD,11:21:00 AM,11:42:00 AM,72,2,2,impatiens,Female,MONFIS,,,
Nachusa2020_3667,8/5/2020,trap_release_prairie,4,CRD,11:21:00 AM,11:42:00 AM,72,2,2,impatiens,Female,MONFIS,,,
Nachusa2020_3668,8/5/2020,trap_release_prairie,4,CRD,11:21:00 AM,11:42:00 AM,72,2,2,impatiens,Female,MONFIS,,,
Nachusa2020_3669,8/5/2020,trap_release_prairie,4,CRD,11:21:00 AM,11:42:00 AM,72,2,2,impatiens,Female,MONFIS,,,
Nachusa2020_3670,8/5/2020,trap_release_prairie,4,CRD,11:21:00 AM,11:42:00 AM,72,2,2,impatiens,Female,MONFIS,,,
Nachusa2020_3671,8/5/2020,trap_release_prairie,4,CRD,11:21:00 AM,11:42:00 AM,72,2,2,impatiens,Female,MONFIS,,,
Nachusa2020_3672,8/5/2020,trap_release_prairie,4,CRD,11:21:00 AM,11:42:00 AM,72,2,2,impatiens,Female,MONFIS,,,
Nachusa2020_3673,8/5/2020,trap_release_prairie,4,CRD,11:21:00 AM,11:42:00 AM,72,2,2,impatiens,Female,MONFIS,,,
Nachusa2020_3674,8/5/2020,trap_release_prairie,4,CRD,11:21:00 AM,11:42:00 AM,72,2,2,impatiens,Female,MONFIS,,,
Nachusa2020_3675,8/5/2020,trap_release_prairie,4,CRD,11:21:00 AM,11:42:00 AM,72,2,2,impatiens,Female,MONFIS,,,
Nachusa2020_3676,8/5/2020,trap_release_prairie,4,CRD,11:21:00 AM,11:42:00 AM,72,2,2,impatiens,Female,MONFIS,,,
Nachusa2020_3677,8/5/2020,trap_release_prairie,4,CRD,11:21:00 AM,11:42:00 AM,72,2,2,impatiens,Female,MONFIS,,,
Nachusa2020_3678,8/5/2020,trap_release_prairie,4,CRD,11:21:00 AM,11:42:00 AM,72,2,2,impatiens,Female,MONFIS,,,
Nachusa2020_3679,8/5/2020,trap_release_prairie,4,CRD,11:21:00 AM,11:42:00 AM,72,2,2,impatiens,Female,MONFIS,,,
Nachusa2020_3680,8/5/2020,trap_release_prairie,4,CRD,11:21:00 AM,11:42:00 AM,72,2,2,impatiens,Female,MONFIS,,,
Nachusa2020_3681,8/5/2020,trap_release_prairie,4,CRD,11:21:00 AM,11:42:00 AM,72,2,2,impatiens,Female,MONFIS,,,
Nachusa2020_3682,8/5/2020,trap_release_prairie,4,CRD,11:21:00 AM,11:42:00 AM,72,2,2,impatiens,Female,MONFIS,,,
Nachusa2020_3683,8/5/2020,trap_release_prairie,4,CRD,11:21:00 AM,11:42:00 AM,72,2,2,impatiens,Female,MONFIS,,,
Nachusa2020_3684,8/5/2020,trap_release_prairie,4,CRD,11:21:00 AM,11:42:00 AM,72,2,2,impatiens,Female,MONFIS,,,
Nachusa2020_3685,8/5/2020,trap_release_prairie,4,CRD,11:21:00 AM,11:42:00 AM,72,2,2,impatiens,Female,MONFIS,,,
Nachusa2020_3686,8/5/2020,trap_release_prairie,4,CRD,11:21:00 AM,11:42:00 AM,72,2,2,impatiens,Female,MONFIS,,,
Nachusa2020_3687,8/5/2020,trap_release_prairie,4,CRD,11:21:00 AM,11:42:00 AM,72,2,2,impatiens,Female,MONFIS,,,
Nachusa2020_3688,8/5/2020,trap_release_prairie,4,CRD,11:21:00 AM,11:42:00 AM,72,2,2,impatiens,Female,MONFIS,,,
Nachusa2020_3689,8/5/2020,trap_release_prairie,4,CRD,11:21:00 AM,11:42:00 AM,72,2,2,impatiens,Female,MONFIS,,,
Nachusa2020_3690,8/5/2020,trap_release_prairie,4,CRD,11:21:00 AM,11:42:00 AM,72,2,2,impatiens,Female,MONFIS,,,
Nachusa2020_3691,8/5/2020,trap_release_prairie,4,CRD,11:21:00 AM,11:42:00 AM,72,2,2,impatiens,Female,MONFIS,,,
Nachusa2020_3692,8/5/2020,trap_release_prairie,4,CRD,11:21:00 AM,11:42:00 AM,72,2,2,impatiens,Female,MONFIS,,,
Nachusa2020_3693,8/5/2020,trap_release_prairie,4,CRD,11:21:00 AM,11:42:00 AM,72,2,2,impatiens,Female,MONFIS,,,
Nachusa2020_3694,8/5/2020,trap_release_prairie,4,CRD,11:21:00 AM,11:42:00 AM,72,2,2,impatiens,Female,MONFIS,,,
Nachusa2020_3695,8/5/2020,trap_release_prairie,4,CRD,11:21:00 AM,11:42:00 AM,72,2,2,impatiens,Female,MONFIS,,,
Nachusa2020_3696,8/5/2020,trap_release_prairie,4,CRD,11:21:00 AM,11:42:00 AM,72,2,2,impatiens,Female,MONFIS,,,
Nachusa2020_3697,8/5/2020,trap_release_prairie,4,CRD,11:21:00 AM,11:42:00 AM,72,2,2,impatiens,Female,MONFIS,,,
Nachusa2020_3698,8/5/2020,trap_release_prairie,4,CRD,11:21:00 AM,11:42:00 AM,72,2,2,impatiens,Female,MONFIS,,,
Nachusa2020_3699,8/5/2020,trap_release_prairie,4,CRD,11:21:00 AM,11:42:00 AM,72,2,2,impatiens,Female,MONFIS,,,
Nachusa2020_3700,8/5/2020,trap_release_prairie,4,CRD,11:21:00 AM,11:42:00 AM,72,2,2,impatiens,Female,MONFIS,,,
Nachusa2020_3701,8/5/2020,trap_release_prairie,4,CRD,11:21:00 AM,11:42:00 AM,72,2,2,impatiens,Female,MONFIS,,,
Nachusa2020_3702,8/5/2020,trap_release_prairie,4,CRD,11:21:00 AM,11:42:00 AM,72,2,2,impatiens,Female,MONFIS,,,
Nachusa2020_3703,8/5/2020,trap_release_prairie,4,CRD,11:21:00 AM,11:42:00 AM,72,2,2,impatiens,Female,MONFIS,,,
Nachusa2020_3704,8/5/2020,trap_release_prairie,4,CRD,11:21:00 AM,11:42:00 AM,72,2,2,impatiens,Female,MONFIS,,,
Nachusa2020_3705,8/5/2020,trap_release_prairie,4,CRD,11:21:00 AM,11:42:00 AM,72,2,2,impatiens,Female,MONFIS,,,
Nachusa2020_3706,8/5/2020,trap_release_prairie,4,CRD,11:21:00 AM,11:42:00 AM,72,2,2,impatiens,Female,MONFIS,,,
Nachusa2020_3707,8/5/2020,trap_release_prairie,4,CRD,11:21:00 AM,11:42:00 AM,72,2,2,impatiens,Female,MONFIS,,,
Nachusa2020_3708,8/5/2020,trap_release_prairie,4,CRD,11:21:00 AM,11:42:00 AM,72,2,2,impatiens,Female,MONFIS,,,
Nachusa2020_3709,8/5/2020,trap_release_prairie,4,CRD,11:21:00 AM,11:42:00 AM,72,2,2,impatiens,Female,MONFIS,,,
Nachusa2020_3710,8/5/2020,trap_release_prairie,4,CRD,11:21:00 AM,11:42:00 AM,72,2,2,impatiens,Female,MONFIS,,,
Nachusa2020_3711,8/5/2020,trap_release_prairie,4,CRD,11:21:00 AM,11:42:00 AM,72,2,2,impatiens,Female,MONFIS,,,
Nachusa2020_3712,8/5/2020,trap_release_prairie,4,CRD,11:21:00 AM,11:42:00 AM,72,2,2,impatiens,Female,MONFIS,,,
Nachusa2020_3713,8/5/2020,trap_release_prairie,4,CRD,11:21:00 AM,11:42:00 AM,72,2,2,impatiens,Female,MONFIS,,,
Nachusa2020_3714,8/5/2020,trap_release_prairie,4,CRD,11:21:00 AM,11:42:00 AM,72,2,2,impatiens,Female,MONFIS,,,
Nachusa2020_3715,8/5/2020,trap_release_prairie,4,CRD,11:21:00 AM,11:42:00 AM,72,2,2,impatiens,Female,MONFIS,,,
Nachusa2020_3716,8/5/2020,trap_release_prairie,4,CRD,11:21:00 AM,11:42:00 AM,72,2,2,impatiens,Female,MONFIS,,,
Nachusa2020_3717,8/5/2020,trap_release_prairie,4,CRD,11:21:00 AM,11:42:00 AM,72,2,2,impatiens,Female,MONFIS,,,
Nachusa2020_3718,8/5/2020,trap_release_prairie,4,CRD,11:21:00 AM,11:42:00 AM,72,2,2,impatiens,Female,MONFIS,,,
Nachusa2020_3719,8/5/2020,trap_release_prairie,4,CRD,11:21:00 AM,11:42:00 AM,72,2,2,impatiens,Female,MONFIS,,,
Nachusa2020_3720,8/5/2020,trap_release_prairie,4,CRD,11:21:00 AM,11:42:00 AM,72,2,2,impatiens,Female,MONFIS,,,
Nachusa2020_3721,8/5/2020,trap_release_prairie,4,CRD,11:21:00 AM,11:42:00 AM,72,2,2,impatiens,Female,MONFIS,,,
Nachusa2020_3722,8/5/2020,trap_release_prairie,4,CRD,11:21:00 AM,11:42:00 AM,72,2,2,impatiens,Female,MONFIS,,,
Nachusa2020_3723,8/5/2020,trap_release_prairie,4,CRD,11:21:00 AM,11:42:00 AM,72,2,2,impatiens,Female,MONFIS,,,
Nachusa2020_3724,8/5/2020,trap_release_prairie,4,CRD,11:21:00 AM,11:42:00 AM,72,2,2,impatiens,Female,MONFIS,,,
Nachusa2020_3725,8/5/2020,trap_release_prairie,4,CRD,11:21:00 AM,11:42:00 AM,72,2,2,impatiens,Female,MONFIS,,,
Nachusa2020_3726,8/5/2020,trap_release_prairie,4,CRD,11:21:00 AM,11:42:00 AM,72,2,2,impatiens,Female,MONFIS,,,
Nachusa2020_3727,8/5/2020,trap_release_prairie,4,CRD,11:21:00 AM,11:42:00 AM,72,2,2,impatiens,Female,MONFIS,,,
Nachusa2020_3728,8/5/2020,trap_release_prairie,4,CRD,11:21:00 AM,11:42:00 AM,72,2,2,impatiens,Female,MONFIS,,,
Nachusa2020_3729,8/5/2020,trap_release_prairie,4,CRD,11:21:00 AM,11:42:00 AM,72,2,2,impatiens,Female,MONFIS,,,
Nachusa2020_3730,8/5/2020,trap_release_prairie,4,CRD,11:21:00 AM,11:42:00 AM,72,2,2,impatiens,Female,MONFIS,,,
Nachusa2020_3731,8/5/2020,trap_release_prairie,4,CRD,11:21:00 AM,11:42:00 AM,72,2,2,impatiens,Female,MONFIS,,,
Nachusa2020_3732,8/5/2020,trap_release_prairie,4,CRD,11:21:00 AM,11:42:00 AM,72,2,2,impatiens,Female,MONFIS,,,
Nachusa2020_3733,8/5/2020,trap_release_prairie,4,CRD,11:21:00 AM,11:42:00 AM,72,2,2,impatiens,Female,MONFIS,,,
Nachusa2020_3734,8/5/2020,trap_release_prairie,4,CRD,11:21:00 AM,11:42:00 AM,72,2,2,impatiens,Female,MONFIS,,,
Nachusa2020_3735,8/5/2020,trap_release_prairie,4,CRD,11:21:00 AM,11:42:00 AM,72,2,2,impatiens,Female,MONFIS,,,
Nachusa2020_3736,8/5/2020,trap_release_prairie,4,CRD,11:21:00 AM,11:42:00 AM,72,2,2,impatiens,Female,MONFIS,,,
Nachusa2020_3737,8/5/2020,trap_release_prairie,4,CRD,11:21:00 AM,11:42:00 AM,72,2,2,impatiens,Female,MONFIS,,,
Nachusa2020_3738,8/5/2020,trap_release_prairie,4,CRD,11:21:00 AM,11:42:00 AM,72,2,2,impatiens,Female,MONFIS,,,
Nachusa2020_3739,8/5/2020,trap_release_prairie,4,CRD,11:21:00 AM,11:42:00 AM,72,2,2,impatiens,Female,MONFIS,,,
Nachusa2020_3740,8/5/2020,trap_release_prairie,4,CRD,11:21:00 AM,11:42:00 AM,72,2,2,impatiens,Female,MONFIS,,,
Nachusa2020_3741,8/5/2020,trap_release_prairie,4,CRD,11:21:00 AM,11:42:00 AM,72,2,2,impatiens,Female,MONFIS,,,
Nachusa2020_3742,8/5/2020,trap_release_prairie,4,CRD,11:21:00 AM,11:42:00 AM,72,2,2,impatiens,Female,MONFIS,,,
Nachusa2020_3743,8/5/2020,trap_release_prairie,4,CRD,11:21:00 AM,11:42:00 AM,72,2,2,impatiens,Female,MONFIS,,,
Nachusa2020_3744,8/5/2020,trap_release_prairie,4,CRD,11:21:00 AM,11:42:00 AM,72,2,2,impatiens,Female,MONFIS,,,
Nachusa2020_3745,8/5/2020,trap_release_prairie,4,CRD,11:21:00 AM,11:42:00 AM,72,2,2,impatiens,Female,MONFIS,,,
Nachusa2020_3746,8/5/2020,trap_release_prairie,4,CRD,11:21:00 AM,11:42:00 AM,72,2,2,impatiens,Female,MONFIS,,,
Nachusa2020_3747,8/5/2020,trap_release_prairie,4,CRD,11:21:00 AM,11:42:00 AM,72,2,2,impatiens,Female,MONFIS,,,
Nachusa2020_3748,8/5/2020,trap_release_prairie,4,CRD,11:21:00 AM,11:42:00 AM,72,2,2,impatiens,Female,MONFIS,,,
Nachusa2020_3749,8/5/2020,trap_release_prairie,4,CRD,11:21:00 AM,11:42:00 AM,72,2,2,impatiens,Female,MONFIS,,,
Nachusa2020_3750,8/5/2020,trap_release_prairie,4,CRD,11:21:00 AM,11:42:00 AM,72,2,2,impatiens,Female,MONFIS,,,
Nachusa2020_3751,8/5/2020,trap_release_prairie,4,CRD,11:21:00 AM,11:42:00 AM,72,2,2,impatiens,Female,MONFIS,,,
Nachusa2020_3752,8/5/2020,trap_release_prairie,4,CRD,11:21:00 AM,11:42:00 AM,72,2,2,impatiens,Female,MONFIS,,,
Nachusa2020_3753,8/5/2020,trap_release_prairie,4,CRD,11:21:00 AM,11:42:00 AM,72,2,2,impatiens,Female,MONFIS,,,
Nachusa2020_3754,8/5/2020,trap_release_prairie,4,CRD,11:21:00 AM,11:42:00 AM,72,2,2,impatiens,Female,MONFIS,,,
Nachusa2020_3755,8/5/2020,trap_release_prairie,4,CRD,11:21:00 AM,11:42:00 AM,72,2,2,impatiens,Female,MONFIS,,,
Nachusa2020_3756,8/5/2020,trap_release_prairie,4,CRD,11:21:00 AM,11:42:00 AM,72,2,2,impatiens,Female,MONFIS,,,
Nachusa2020_3757,8/5/2020,trap_release_prairie,4,CRD,11:21:00 AM,11:42:00 AM,72,2,2,impatiens,Female,MONFIS,,,
Nachusa2020_3758,8/5/2020,trap_release_prairie,4,CRD,11:21:00 AM,11:42:00 AM,72,2,2,impatiens,Female,MONFIS,,,
Nachusa2020_3759,8/5/2020,trap_release_prairie,4,CRD,11:21:00 AM,11:42:00 AM,72,2,2,impatiens,Female,MONFIS,,,
Nachusa2020_3760,8/5/2020,trap_release_prairie,4,CRD,11:21:00 AM,11:42:00 AM,72,2,2,impatiens,Female,MONFIS,,,
Nachusa2020_3761,8/5/2020,trap_release_prairie,4,CRD,11:21:00 AM,11:42:00 AM,72,2,2,impatiens,Female,MONFIS,,,
Nachusa2020_3762,8/5/2020,trap_release_prairie,4,CRD,11:21:00 AM,11:42:00 AM,72,2,2,impatiens,Female,MONFIS,,,
Nachusa2020_3763,8/5/2020,trap_release_prairie,4,CRD,11:21:00 AM,11:42:00 AM,72,2,2,griseocollis,Female,MONFIS,,,
Nachusa2020_3764,8/5/2020,trap_release_prairie,4,CRD,11:21:00 AM,11:42:00 AM,72,2,2,griseocollis,Female,MONFIS,,,
Nachusa2020_3765,8/5/2020,trap_release_prairie,4,CRD,11:21:00 AM,11:42:00 AM,72,2,2,griseocollis,Female,MONFIS,,,
Nachusa2020_3766,8/5/2020,trap_release_prairie,4,CRD,11:21:00 AM,11:42:00 AM,72,2,2,griseocollis,Female,MONFIS,,,
Nachusa2020_3767,8/5/2020,trap_release_prairie,4,CRD,11:21:00 AM,11:42:00 AM,72,2,2,griseocollis,Female,MONFIS,,,
Nachusa2020_3768,8/5/2020,trap_release_prairie,4,CRD,11:21:00 AM,11:42:00 AM,72,2,2,griseocollis,Female,MONFIS,,,
Nachusa2020_3769,8/5/2020,trap_release_prairie,4,CRD,11:21:00 AM,11:42:00 AM,72,2,2,griseocollis,Female,MONFIS,,,
Nachusa2020_3770,8/5/2020,trap_release_prairie,4,CRD,11:21:00 AM,11:42:00 AM,72,2,2,griseocollis,Female,MONFIS,,,
Nachusa2020_3771,8/5/2020,trap_release_prairie,4,CRD,11:21:00 AM,11:42:00 AM,72,2,2,griseocollis,Female,MONFIS,,,
Nachusa2020_3772,8/5/2020,trap_release_prairie,4,CRD,11:21:00 AM,11:42:00 AM,72,2,2,griseocollis,Female,MONFIS,,,
Nachusa2020_3773,8/5/2020,trap_release_prairie,4,CRD,11:21:00 AM,11:42:00 AM,72,2,2,griseocollis,Female,MONFIS,,,
Nachusa2020_3774,8/5/2020,trap_release_prairie,4,CRD,11:21:00 AM,11:42:00 AM,72,2,2,griseocollis,Female,MONFIS,,,
Nachusa2020_3775,8/5/2020,trap_release_prairie,4,CRD,11:21:00 AM,11:42:00 AM,72,2,2,griseocollis,Female,MONFIS,,,
Nachusa2020_3776,8/5/2020,trap_release_prairie,4,CRD,11:21:00 AM,11:42:00 AM,72,2,2,griseocollis,Female,MONFIS,,,
Nachusa2020_3777,8/5/2020,trap_release_prairie,4,CRD,11:21:00 AM,11:42:00 AM,72,2,2,griseocollis,Female,MONFIS,,,
Nachusa2020_3778,8/5/2020,trap_release_prairie,4,CRD,11:21:00 AM,11:42:00 AM,72,2,2,griseocollis,Female,MONFIS,,,
Nachusa2020_3779,8/5/2020,trap_release_prairie,4,CRD,11:21:00 AM,11:42:00 AM,72,2,2,griseocollis,Female,MONFIS,,,
Nachusa2020_3780,8/5/2020,trap_release_prairie,4,CRD,11:21:00 AM,11:42:00 AM,72,2,2,griseocollis,Female,MONFIS,,,
Nachusa2020_3781,8/5/2020,trap_release_prairie,4,CRD,11:21:00 AM,11:42:00 AM,72,2,2,griseocollis,Female,MONFIS,,,
Nachusa2020_3782,8/5/2020,trap_release_prairie,4,CRD,11:21:00 AM,11:42:00 AM,72,2,2,griseocollis,Female,MONFIS,,,
Nachusa2020_3783,8/5/2020,trap_release_prairie,4,CRD,11:21:00 AM,11:42:00 AM,72,2,2,griseocollis,Female,MONFIS,,,
Nachusa2020_3784,8/5/2020,trap_release_prairie,4,CRD,11:21:00 AM,11:42:00 AM,72,2,2,griseocollis,Female,MONFIS,,,
Nachusa2020_3785,8/5/2020,trap_release_prairie,4,CRD,11:21:00 AM,11:42:00 AM,72,2,2,griseocollis,Female,MONFIS,,,
Nachusa2020_3786,8/5/2020,trap_release_prairie,4,CRD,11:21:00 AM,11:42:00 AM,72,2,2,griseocollis,Female,MONFIS,,,
Nachusa2020_3787,8/5/2020,trap_release_prairie,4,CRD,11:21:00 AM,11:42:00 AM,72,2,2,griseocollis,Female,MONFIS,,,
Nachusa2020_3788,8/5/2020,trap_release_prairie,4,CRD,11:21:00 AM,11:42:00 AM,72,2,2,griseocollis,Female,MONFIS,,,
Nachusa2020_3789,8/5/2020,trap_release_prairie,4,CRD,11:21:00 AM,11:42:00 AM,72,2,2,griseocollis,Female,MONFIS,,,
Nachusa2020_3790,8/5/2020,trap_release_prairie,4,CRD,11:21:00 AM,11:42:00 AM,72,2,2,griseocollis,Female,MONFIS,,,
Nachusa2020_3791,8/5/2020,trap_release_prairie,4,CRD,11:21:00 AM,11:42:00 AM,72,2,2,griseocollis,Female,MONFIS,,,
Nachusa2020_3792,8/5/2020,trap_release_prairie,4,CRD,11:21:00 AM,11:42:00 AM,72,2,2,griseocollis,Female,MONFIS,,,
Nachusa2020_3793,8/5/2020,trap_release_prairie,4,CRD,11:21:00 AM,11:42:00 AM,72,2,2,griseocollis,Female,MONFIS,,,
Nachusa2020_3794,8/5/2020,trap_release_prairie,4,CRD,11:21:00 AM,11:42:00 AM,72,2,2,griseocollis,Female,MONFIS,,,
Nachusa2020_3795,8/5/2020,trap_release_prairie,4,CRD,11:21:00 AM,11:42:00 AM,72,2,2,griseocollis,Female,MONFIS,,,
Nachusa2020_3796,8/5/2020,trap_release_prairie,4,CRD,11:21:00 AM,11:42:00 AM,72,2,2,griseocollis,Female,MONFIS,,,
Nachusa2020_3797,8/5/2020,trap_release_prairie,4,CRD,11:21:00 AM,11:42:00 AM,72,2,2,griseocollis,Female,MONFIS,,,
Nachusa2020_3798,8/5/2020,trap_release_prairie,4,CRD,11:21:00 AM,11:42:00 AM,72,2,2,griseocollis,Female,MONFIS,,,
Nachusa2020_3799,8/5/2020,trap_release_prairie,4,CRD,11:21:00 AM,11:42:00 AM,72,2,2,griseocollis,Female,MONFIS,,,
Nachusa2020_3800,8/5/2020,trap_release_prairie,4,CRD,11:21:00 AM,11:42:00 AM,72,2,2,griseocollis,Female,MONFIS,,,
Nachusa2020_3801,8/5/2020,trap_release_prairie,4,CRD,11:21:00 AM,11:42:00 AM,72,2,2,griseocollis,Female,MONFIS,,,
Nachusa2020_3802,8/5/2020,trap_release_prairie,4,CRD,11:21:00 AM,11:42:00 AM,72,2,2,griseocollis,Female,MONFIS,,,
Nachusa2020_3803,8/5/2020,trap_release_prairie,4,CRD,11:21:00 AM,11:42:00 AM,72,2,2,griseocollis,Female,MONFIS,,,
Nachusa2020_3804,8/5/2020,trap_release_prairie,4,CRD,11:21:00 AM,11:42:00 AM,72,2,2,griseocollis,Female,MONFIS,,,
Nachusa2020_3805,8/5/2020,trap_release_prairie,4,CRD,11:21:00 AM,11:42:00 AM,72,2,2,griseocollis,Female,MONFIS,,,
Nachusa2020_3806,8/5/2020,trap_release_prairie,4,CRD,11:21:00 AM,11:42:00 AM,72,2,2,griseocollis,Female,MONFIS,,,
Nachusa2020_3807,8/5/2020,trap_release_prairie,4,CRD,11:21:00 AM,11:42:00 AM,72,2,2,griseocollis,Female,MONFIS,,,
Nachusa2020_3808,8/5/2020,trap_release_prairie,4,CRD,11:21:00 AM,11:42:00 AM,72,2,2,griseocollis,Female,MONFIS,,,
Nachusa2020_3809,8/5/2020,trap_release_prairie,4,CRD,11:21:00 AM,11:42:00 AM,72,2,2,griseocollis,Female,MONFIS,,,
Nachusa2020_3810,8/5/2020,trap_release_prairie,4,CRD,11:21:00 AM,11:42:00 AM,72,2,2,griseocollis,Female,MONFIS,,,
Nachusa2020_3811,8/5/2020,trap_release_prairie,4,CRD,11:21:00 AM,11:42:00 AM,72,2,2,griseocollis,Female,MONFIS,,,
Nachusa2020_3812,8/5/2020,trap_release_prairie,4,CRD,11:21:00 AM,11:42:00 AM,72,2,2,griseocollis,Female,MONFIS,,,
Nachusa2020_3813,8/5/2020,trap_release_prairie,4,CRD,11:21:00 AM,11:42:00 AM,72,2,2,griseocollis,Female,MONFIS,,,
Nachusa2020_3814,8/5/2020,trap_release_prairie,4,CRD,11:21:00 AM,11:42:00 AM,72,2,2,griseocollis,Female,MONFIS,,,
Nachusa2020_3815,8/5/2020,trap_release_prairie,4,CRD,11:21:00 AM,11:42:00 AM,72,2,2,fervidus,Female,MONFIS,,,
Nachusa2020_3816,8/5/2020,trap_release_prairie,4,CRD,11:21:00 AM,11:42:00 AM,72,2,2,auri/pens,Female,MONFIS,,,
Nachusa2020_3817,8/5/2020,trap_release_prairie,4,CRD,11:21:00 AM,11:42:00 AM,72,2,2,auri/pens,Female,MONFIS,,,
Nachusa2020_3818,8/5/2020,trap_release_prairie,4,CRD,11:21:00 AM,11:42:00 AM,72,2,2,impatiens,Female,TRIPRA,,,
Nachusa2020_3819,8/5/2020,trap_release_prairie,4,CRD,11:21:00 AM,11:42:00 AM,72,2,2,impatiens,Female,TRIPRA,,,
Nachusa2020_3820,8/5/2020,trap_release_prairie,4,CRD,11:21:00 AM,11:42:00 AM,72,2,2,auricomus,Female,MONFIS,,,
Nachusa2020_3821,8/5/2020,trap_release_prairie,4,CRD,11:21:00 AM,11:42:00 AM,72,2,2,auricomus,Female,MONFIS,,,
Nachusa2020_3822,8/5/2020,trap_release_prairie,4,CRD,11:21:00 AM,11:42:00 AM,72,2,2,auricomus,Female,MONFIS,,,
Nachusa2020_3823,8/5/2020,trap_release_prairie,4,CRD,11:21:00 AM,11:42:00 AM,72,2,2,auricomus,Female,MONFIS,,,
Nachusa2020_3824,8/5/2020,trap_release_prairie,4,CRD,11:21:00 AM,11:42:00 AM,72,2,2,auricomus,Female,MONFIS,,,
Nachusa2020_3825,8/5/2020,trap_release_prairie,4,CRD,11:21:00 AM,11:42:00 AM,72,2,2,auricomus,Female,MONFIS,,,
Nachusa2020_3826,8/5/2020,trap_release_prairie,4,CRD,11:21:00 AM,11:42:00 AM,72,2,2,auricomus,Female,MONFIS,,,
Nachusa2020_3827,8/5/2020,trap_release_prairie,4,CRD,11:21:00 AM,11:42:00 AM,72,2,2,auricomus,Female,MONFIS,,,
Nachusa2020_3828,8/5/2020,trap_release_prairie,4,CRD,11:21:00 AM,11:42:00 AM,72,2,2,auricomus,Female,MONFIS,,,
Nachusa2020_3829,8/5/2020,trap_release_prairie,4,CRD,11:21:00 AM,11:42:00 AM,72,2,2,auricomus,Female,MONFIS,,,
Nachusa2020_3830,8/5/2020,trap_release_prairie,4,CRD,11:21:00 AM,11:42:00 AM,72,2,2,auricomus,Female,MONFIS,,,
Nachusa2020_3831,8/5/2020,trap_release_prairie,4,CRD,11:21:00 AM,11:42:00 AM,72,2,2,auricomus,Female,MONFIS,,,
Nachusa2020_3832,8/5/2020,trap_release_prairie,4,CRD,11:21:00 AM,11:42:00 AM,72,2,2,auricomus,Female,MONFIS,,,
Nachusa2020_3833,8/5/2020,trap_release_prairie,4,CRD,11:21:00 AM,11:42:00 AM,72,2,2,auricomus,Female,MONFIS,,,
Nachusa2020_3834,8/5/2020,trap_release_prairie,4,CRD,11:21:00 AM,11:42:00 AM,72,2,2,auricomus,Female,MONFIS,,,
Nachusa2020_3835,8/5/2020,trap_release_prairie,4,CRD,11:21:00 AM,11:42:00 AM,72,2,2,auricomus,Female,MONFIS,,,
Nachusa2020_3836,8/5/2020,trap_release_prairie,4,CRD,11:21:00 AM,11:42:00 AM,72,2,2,auricomus,Female,MONFIS,,,
Nachusa2020_3837,8/5/2020,trap_release_prairie,4,CRD,11:21:00 AM,11:42:00 AM,72,2,2,auricomus,Female,MONFIS,,,
Nachusa2020_3838,8/5/2020,trap_release_prairie,4,CRD,11:21:00 AM,11:42:00 AM,72,2,2,auricomus,Female,MONFIS,,,
Nachusa2020_3839,8/5/2020,trap_release_prairie,4,CRD,11:21:00 AM,11:42:00 AM,72,2,2,auricomus,Female,MONFIS,,,
Nachusa2020_3840,8/5/2020,trap_release_prairie,4,CRD,11:21:00 AM,11:42:00 AM,72,2,2,bimaculatus,Female,MONFIS,,,
Nachusa2020_3841,8/5/2020,trap_release_prairie,4,CRD,11:21:00 AM,11:42:00 AM,72,2,2,auricomus,Male,MONFIS,,,
Nachusa2020_3842,8/5/2020,trap_release_prairie,4,CRD,11:21:00 AM,11:42:00 AM,72,2,2,griseocollis,Male,MONFIS,,,
Nachusa2020_3843,8/5/2020,trap_release_prairie,4,CRD,11:21:00 AM,11:42:00 AM,72,2,2,griseocollis,Male,MONFIS,,,
Nachusa2020_3844,8/5/2020,trap_release_prairie,4,CRD,11:21:00 AM,11:42:00 AM,72,2,2,griseocollis,Male,MONFIS,,,
Nachusa2020_3845,8/5/2020,trap_release_prairie,4,CRD,11:21:00 AM,11:42:00 AM,72,2,2,affinis,Female,MONFIS,,,photo
Nachusa2020_3846,8/5/2020,big_jump_east,8,CRD,12:33:00 PM,1:01:00 PM,74,2,2,impatiens,Female,MONFIS,,,
Nachusa2020_3847,8/5/2020,big_jump_east,8,CRD,12:33:00 PM,1:01:00 PM,74,2,2,impatiens,Female,MONFIS,,,
Nachusa2020_3848,8/5/2020,big_jump_east,8,CRD,12:33:00 PM,1:01:00 PM,74,2,2,impatiens,Female,MONFIS,,,
Nachusa2020_3849,8/5/2020,big_jump_east,8,CRD,12:33:00 PM,1:01:00 PM,74,2,2,impatiens,Female,MONFIS,,,
Nachusa2020_3850,8/5/2020,big_jump_east,8,CRD,12:33:00 PM,1:01:00 PM,74,2,2,impatiens,Female,MONFIS,,,
Nachusa2020_3851,8/5/2020,big_jump_east,8,CRD,12:33:00 PM,1:01:00 PM,74,2,2,impatiens,Female,MONFIS,,,
Nachusa2020_3852,8/5/2020,big_jump_east,8,CRD,12:33:00 PM,1:01:00 PM,74,2,2,impatiens,Female,MONFIS,,,
Nachusa2020_3853,8/5/2020,big_jump_east,8,CRD,12:33:00 PM,1:01:00 PM,74,2,2,impatiens,Female,MONFIS,,,
Nachusa2020_3854,8/5/2020,big_jump_east,8,CRD,12:33:00 PM,1:01:00 PM,74,2,2,impatiens,Female,MONFIS,,,
Nachusa2020_3855,8/5/2020,big_jump_east,8,CRD,12:33:00 PM,1:01:00 PM,74,2,2,impatiens,Female,MONFIS,,,
Nachusa2020_3856,8/5/2020,big_jump_east,8,CRD,12:33:00 PM,1:01:00 PM,74,2,2,impatiens,Female,MONFIS,,,
Nachusa2020_3857,8/5/2020,big_jump_east,8,CRD,12:33:00 PM,1:01:00 PM,74,2,2,impatiens,Female,MONFIS,,,
Nachusa2020_3858,8/5/2020,big_jump_east,8,CRD,12:33:00 PM,1:01:00 PM,74,2,2,impatiens,Female,MONFIS,,,
Nachusa2020_3859,8/5/2020,big_jump_east,8,CRD,12:33:00 PM,1:01:00 PM,74,2,2,impatiens,Female,MONFIS,,,
Nachusa2020_3860,8/5/2020,big_jump_east,8,CRD,12:33:00 PM,1:01:00 PM,74,2,2,impatiens,Female,MONFIS,,,
Nachusa2020_3861,8/5/2020,big_jump_east,8,CRD,12:33:00 PM,1:01:00 PM,74,2,2,impatiens,Female,MONFIS,,,
Nachusa2020_3862,8/5/2020,big_jump_east,8,CRD,12:33:00 PM,1:01:00 PM,74,2,2,impatiens,Female,MONFIS,,,
Nachusa2020_3863,8/5/2020,big_jump_east,8,CRD,12:33:00 PM,1:01:00 PM,74,2,2,impatiens,Female,MONFIS,,,
Nachusa2020_3864,8/5/2020,big_jump_east,8,CRD,12:33:00 PM,1:01:00 PM,74,2,2,impatiens,Female,MONFIS,,,
Nachusa2020_3865,8/5/2020,big_jump_east,8,CRD,12:33:00 PM,1:01:00 PM,74,2,2,impatiens,Female,MONFIS,,,
Nachusa2020_3866,8/5/2020,big_jump_east,8,CRD,12:33:00 PM,1:01:00 PM,74,2,2,impatiens,Female,MONFIS,,,
Nachusa2020_3867,8/5/2020,big_jump_east,8,CRD,12:33:00 PM,1:01:00 PM,74,2,2,impatiens,Female,MONFIS,,,
Nachusa2020_3868,8/5/2020,big_jump_east,8,CRD,12:33:00 PM,1:01:00 PM,74,2,2,impatiens,Female,MONFIS,,,
Nachusa2020_3869,8/5/2020,big_jump_east,8,CRD,12:33:00 PM,1:01:00 PM,74,2,2,impatiens,Female,MONFIS,,,
Nachusa2020_3870,8/5/2020,big_jump_east,8,CRD,12:33:00 PM,1:01:00 PM,74,2,2,impatiens,Female,MONFIS,,,
Nachusa2020_3871,8/5/2020,big_jump_east,8,CRD,12:33:00 PM,1:01:00 PM,74,2,2,impatiens,Female,MONFIS,,,
Nachusa2020_3872,8/5/2020,big_jump_east,8,CRD,12:33:00 PM,1:01:00 PM,74,2,2,impatiens,Female,MONFIS,,,
Nachusa2020_3873,8/5/2020,big_jump_east,8,CRD,12:33:00 PM,1:01:00 PM,74,2,2,impatiens,Female,MONFIS,,,
Nachusa2020_3874,8/5/2020,big_jump_east,8,CRD,12:33:00 PM,1:01:00 PM,74,2,2,impatiens,Female,MONFIS,,,
Nachusa2020_3875,8/5/2020,big_jump_east,8,CRD,12:33:00 PM,1:01:00 PM,74,2,2,impatiens,Female,MONFIS,,,
Nachusa2020_3876,8/5/2020,big_jump_east,8,CRD,12:33:00 PM,1:01:00 PM,74,2,2,impatiens,Female,MONFIS,,,
Nachusa2020_3877,8/5/2020,big_jump_east,8,CRD,12:33:00 PM,1:01:00 PM,74,2,2,impatiens,Female,MONFIS,,,
Nachusa2020_3878,8/5/2020,big_jump_east,8,CRD,12:33:00 PM,1:01:00 PM,74,2,2,impatiens,Female,MONFIS,,,
Nachusa2020_3879,8/5/2020,big_jump_east,8,CRD,12:33:00 PM,1:01:00 PM,74,2,2,impatiens,Female,MONFIS,,,
Nachusa2020_3880,8/5/2020,big_jump_east,8,CRD,12:33:00 PM,1:01:00 PM,74,2,2,impatiens,Female,MONFIS,,,
Nachusa2020_3881,8/5/2020,big_jump_east,8,CRD,12:33:00 PM,1:01:00 PM,74,2,2,impatiens,Female,MONFIS,,,
Nachusa2020_3882,8/5/2020,big_jump_east,8,CRD,12:33:00 PM,1:01:00 PM,74,2,2,impatiens,Female,MONFIS,,,
Nachusa2020_3883,8/5/2020,big_jump_east,8,CRD,12:33:00 PM,1:01:00 PM,74,2,2,impatiens,Female,MONFIS,,,
Nachusa2020_3884,8/5/2020,big_jump_east,8,CRD,12:33:00 PM,1:01:00 PM,74,2,2,impatiens,Female,MONFIS,,,
Nachusa2020_3885,8/5/2020,big_jump_east,8,CRD,12:33:00 PM,1:01:00 PM,74,2,2,impatiens,Female,MONFIS,,,
Nachusa2020_3886,8/5/2020,big_jump_east,8,CRD,12:33:00 PM,1:01:00 PM,74,2,2,impatiens,Female,MONFIS,,,
Nachusa2020_3887,8/5/2020,big_jump_east,8,CRD,12:33:00 PM,1:01:00 PM,74,2,2,impatiens,Female,MONFIS,,,
Nachusa2020_3888,8/5/2020,big_jump_east,8,CRD,12:33:00 PM,1:01:00 PM,74,2,2,impatiens,Female,MONFIS,,,
Nachusa2020_3889,8/5/2020,big_jump_east,8,CRD,12:33:00 PM,1:01:00 PM,74,2,2,impatiens,Female,MONFIS,,,
Nachusa2020_3890,8/5/2020,big_jump_east,8,CRD,12:33:00 PM,1:01:00 PM,74,2,2,impatiens,Female,MONFIS,,,
Nachusa2020_3891,8/5/2020,big_jump_east,8,CRD,12:33:00 PM,1:01:00 PM,74,2,2,impatiens,Female,MONFIS,,,
Nachusa2020_3892,8/5/2020,big_jump_east,8,CRD,12:33:00 PM,1:01:00 PM,74,2,2,impatiens,Female,MONFIS,,,
Nachusa2020_3893,8/5/2020,big_jump_east,8,CRD,12:33:00 PM,1:01:00 PM,74,2,2,impatiens,Female,MONFIS,,,
Nachusa2020_3894,8/5/2020,big_jump_east,8,CRD,12:33:00 PM,1:01:00 PM,74,2,2,impatiens,Female,MONFIS,,,
Nachusa2020_3895,8/5/2020,big_jump_east,8,CRD,12:33:00 PM,1:01:00 PM,74,2,2,impatiens,Female,MONFIS,,,
Nachusa2020_3896,8/5/2020,big_jump_east,8,CRD,12:33:00 PM,1:01:00 PM,74,2,2,impatiens,Female,MONFIS,,,
Nachusa2020_3897,8/5/2020,big_jump_east,8,CRD,12:33:00 PM,1:01:00 PM,74,2,2,impatiens,Female,MONFIS,,,
Nachusa2020_3898,8/5/2020,big_jump_east,8,CRD,12:33:00 PM,1:01:00 PM,74,2,2,impatiens,Female,MONFIS,,,
Nachusa2020_3899,8/5/2020,big_jump_east,8,CRD,12:33:00 PM,1:01:00 PM,74,2,2,impatiens,Female,MONFIS,,,
Nachusa2020_3900,8/5/2020,big_jump_east,8,CRD,12:33:00 PM,1:01:00 PM,74,2,2,impatiens,Female,MONFIS,,,
Nachusa2020_3901,8/5/2020,big_jump_east,8,CRD,12:33:00 PM,1:01:00 PM,74,2,2,impatiens,Female,MONFIS,,,
Nachusa2020_3902,8/5/2020,big_jump_east,8,CRD,12:33:00 PM,1:01:00 PM,74,2,2,impatiens,Female,MONFIS,,,
Nachusa2020_3903,8/5/2020,big_jump_east,8,CRD,12:33:00 PM,1:01:00 PM,74,2,2,impatiens,Female,MONFIS,,,
Nachusa2020_3904,8/5/2020,big_jump_east,8,CRD,12:33:00 PM,1:01:00 PM,74,2,2,impatiens,Female,MONFIS,,,
Nachusa2020_3905,8/5/2020,big_jump_east,8,CRD,12:33:00 PM,1:01:00 PM,74,2,2,impatiens,Female,MONFIS,,,
Nachusa2020_3906,8/5/2020,big_jump_east,8,CRD,12:33:00 PM,1:01:00 PM,74,2,2,impatiens,Female,MONFIS,,,
Nachusa2020_3907,8/5/2020,big_jump_east,8,CRD,12:33:00 PM,1:01:00 PM,74,2,2,impatiens,Female,MONFIS,,,
Nachusa2020_3908,8/5/2020,big_jump_east,8,CRD,12:33:00 PM,1:01:00 PM,74,2,2,impatiens,Female,MONFIS,,,
Nachusa2020_3909,8/5/2020,big_jump_east,8,CRD,12:33:00 PM,1:01:00 PM,74,2,2,impatiens,Female,MONFIS,,,
Nachusa2020_3910,8/5/2020,big_jump_east,8,CRD,12:33:00 PM,1:01:00 PM,74,2,2,impatiens,Female,MONFIS,,,
Nachusa2020_3911,8/5/2020,big_jump_east,8,CRD,12:33:00 PM,1:01:00 PM,74,2,2,impatiens,Female,MONFIS,,,
Nachusa2020_3912,8/5/2020,big_jump_east,8,CRD,12:33:00 PM,1:01:00 PM,74,2,2,impatiens,Female,MONFIS,,,
Nachusa2020_3913,8/5/2020,big_jump_east,8,CRD,12:33:00 PM,1:01:00 PM,74,2,2,impatiens,Female,MONFIS,,,
Nachusa2020_3914,8/5/2020,big_jump_east,8,CRD,12:33:00 PM,1:01:00 PM,74,2,2,impatiens,Female,MONFIS,,,
Nachusa2020_3915,8/5/2020,big_jump_east,8,CRD,12:33:00 PM,1:01:00 PM,74,2,2,impatiens,Female,MONFIS,,,
Nachusa2020_3916,8/5/2020,big_jump_east,8,CRD,12:33:00 PM,1:01:00 PM,74,2,2,impatiens,Female,MONFIS,,,
Nachusa2020_3917,8/5/2020,big_jump_east,8,CRD,12:33:00 PM,1:01:00 PM,74,2,2,impatiens,Female,MONFIS,,,
Nachusa2020_3918,8/5/2020,big_jump_east,8,CRD,12:33:00 PM,1:01:00 PM,74,2,2,impatiens,Female,MONFIS,,,
Nachusa2020_3919,8/5/2020,big_jump_east,8,CRD,12:33:00 PM,1:01:00 PM,74,2,2,impatiens,Female,MONFIS,,,
Nachusa2020_3920,8/5/2020,big_jump_east,8,CRD,12:33:00 PM,1:01:00 PM,74,2,2,impatiens,Female,MONFIS,,,
Nachusa2020_3921,8/5/2020,big_jump_east,8,CRD,12:33:00 PM,1:01:00 PM,74,2,2,impatiens,Female,MONFIS,,,
Nachusa2020_3922,8/5/2020,big_jump_east,8,CRD,12:33:00 PM,1:01:00 PM,74,2,2,impatiens,Female,MONFIS,,,
Nachusa2020_3923,8/5/2020,big_jump_east,8,CRD,12:33:00 PM,1:01:00 PM,74,2,2,impatiens,Female,MONFIS,,,
Nachusa2020_3924,8/5/2020,big_jump_east,8,CRD,12:33:00 PM,1:01:00 PM,74,2,2,impatiens,Female,MONFIS,,,
Nachusa2020_3925,8/5/2020,big_jump_east,8,CRD,12:33:00 PM,1:01:00 PM,74,2,2,impatiens,Female,MONFIS,,,
Nachusa2020_3926,8/5/2020,big_jump_east,8,CRD,12:33:00 PM,1:01:00 PM,74,2,2,impatiens,Female,MONFIS,,,
Nachusa2020_3927,8/5/2020,big_jump_east,8,CRD,12:33:00 PM,1:01:00 PM,74,2,2,impatiens,Female,MONFIS,,,
Nachusa2020_3928,8/5/2020,big_jump_east,8,CRD,12:33:00 PM,1:01:00 PM,74,2,2,impatiens,Female,MONFIS,,,
Nachusa2020_3929,8/5/2020,big_jump_east,8,CRD,12:33:00 PM,1:01:00 PM,74,2,2,impatiens,Female,MONFIS,,,
Nachusa2020_3930,8/5/2020,big_jump_east,8,CRD,12:33:00 PM,1:01:00 PM,74,2,2,impatiens,Female,MONFIS,,,
Nachusa2020_3931,8/5/2020,big_jump_east,8,CRD,12:33:00 PM,1:01:00 PM,74,2,2,griseocollis,Male,MONFIS,,,
Nachusa2020_3932,8/5/2020,big_jump_east,8,CRD,12:33:00 PM,1:01:00 PM,74,2,2,griseocollis,Male,MONFIS,,,
Nachusa2020_3933,8/5/2020,big_jump_east,8,CRD,12:33:00 PM,1:01:00 PM,74,2,2,griseocollis,Male,MONFIS,,,
Nachusa2020_3934,8/5/2020,big_jump_east,8,CRD,12:33:00 PM,1:01:00 PM,74,2,2,griseocollis,Male,MONFIS,,,
Nachusa2020_3935,8/5/2020,big_jump_east,8,CRD,12:33:00 PM,1:01:00 PM,74,2,2,griseocollis,Male,MONFIS,,,
Nachusa2020_3936,8/5/2020,big_jump_east,8,CRD,12:33:00 PM,1:01:00 PM,74,2,2,griseocollis,Male,MONFIS,,,
Nachusa2020_3937,8/5/2020,big_jump_east,8,CRD,12:33:00 PM,1:01:00 PM,74,2,2,griseocollis,Male,MONFIS,,,
Nachusa2020_3938,8/5/2020,big_jump_east,8,CRD,12:33:00 PM,1:01:00 PM,74,2,2,griseocollis,Male,MONFIS,,,
Nachusa2020_3939,8/5/2020,big_jump_east,8,CRD,12:33:00 PM,1:01:00 PM,74,2,2,griseocollis,Male,MONFIS,,,
Nachusa2020_3940,8/5/2020,big_jump_east,8,CRD,12:33:00 PM,1:01:00 PM,74,2,2,griseocollis,Male,MONFIS,,,
Nachusa2020_3941,8/5/2020,big_jump_east,8,CRD,12:33:00 PM,1:01:00 PM,74,2,2,griseocollis,Male,MONFIS,,,
Nachusa2020_3942,8/5/2020,big_jump_east,8,CRD,12:33:00 PM,1:01:00 PM,74,2,2,griseocollis,Male,MONFIS,,,
Nachusa2020_3943,8/5/2020,big_jump_east,8,CRD,12:33:00 PM,1:01:00 PM,74,2,2,griseocollis,Male,MONFIS,,,
Nachusa2020_3944,8/5/2020,big_jump_east,8,CRD,12:33:00 PM,1:01:00 PM,74,2,2,griseocollis,Male,MONFIS,,,
Nachusa2020_3945,8/5/2020,big_jump_east,8,CRD,12:33:00 PM,1:01:00 PM,74,2,2,griseocollis,Male,MONFIS,,,
Nachusa2020_3946,8/5/2020,big_jump_east,8,CRD,12:33:00 PM,1:01:00 PM,74,2,2,griseocollis,Male,MONFIS,,,
Nachusa2020_3947,8/5/2020,big_jump_east,8,CRD,12:33:00 PM,1:01:00 PM,74,2,2,griseocollis,Male,MONFIS,,,
Nachusa2020_3948,8/5/2020,big_jump_east,8,CRD,12:33:00 PM,1:01:00 PM,74,2,2,griseocollis,Male,MONFIS,,,
Nachusa2020_3949,8/5/2020,big_jump_east,8,CRD,12:33:00 PM,1:01:00 PM,74,2,2,griseocollis,Male,MONFIS,,,
Nachusa2020_3950,8/5/2020,big_jump_east,8,CRD,12:33:00 PM,1:01:00 PM,74,2,2,griseocollis,Male,MONFIS,,,
Nachusa2020_3951,8/5/2020,big_jump_east,8,CRD,12:33:00 PM,1:01:00 PM,74,2,2,griseocollis,Male,MONFIS,,,
Nachusa2020_3952,8/5/2020,big_jump_east,8,CRD,12:33:00 PM,1:01:00 PM,74,2,2,griseocollis,Male,MONFIS,,,
Nachusa2020_3953,8/5/2020,big_jump_east,8,CRD,12:33:00 PM,1:01:00 PM,74,2,2,griseocollis,Male,MONFIS,,,
Nachusa2020_3954,8/5/2020,big_jump_east,8,CRD,12:33:00 PM,1:01:00 PM,74,2,2,griseocollis,Female,MONFIS,,,
Nachusa2020_3955,8/5/2020,big_jump_east,8,CRD,12:33:00 PM,1:01:00 PM,74,2,2,griseocollis,Female,MONFIS,,,
Nachusa2020_3956,8/5/2020,big_jump_east,8,CRD,12:33:00 PM,1:01:00 PM,74,2,2,griseocollis,Female,MONFIS,,,
Nachusa2020_3957,8/5/2020,big_jump_east,8,CRD,12:33:00 PM,1:01:00 PM,74,2,2,griseocollis,Female,MONFIS,,,
Nachusa2020_3958,8/5/2020,big_jump_east,8,CRD,12:33:00 PM,1:01:00 PM,74,2,2,griseocollis,Female,MONFIS,,,
Nachusa2020_3959,8/5/2020,big_jump_east,8,CRD,12:33:00 PM,1:01:00 PM,74,2,2,griseocollis,Female,MONFIS,,,
Nachusa2020_3960,8/5/2020,big_jump_east,8,CRD,12:33:00 PM,1:01:00 PM,74,2,2,griseocollis,Female,MONFIS,,,
Nachusa2020_3961,8/5/2020,big_jump_east,8,CRD,12:33:00 PM,1:01:00 PM,74,2,2,griseocollis,Female,MONFIS,,,
Nachusa2020_3962,8/5/2020,big_jump_east,8,CRD,12:33:00 PM,1:01:00 PM,74,2,2,griseocollis,Female,MONFIS,,,
Nachusa2020_3963,8/5/2020,big_jump_east,8,CRD,12:33:00 PM,1:01:00 PM,74,2,2,griseocollis,Female,MONFIS,,,
Nachusa2020_3964,8/5/2020,big_jump_east,8,CRD,12:33:00 PM,1:01:00 PM,74,2,2,griseocollis,Female,MONFIS,,,
Nachusa2020_3965,8/5/2020,big_jump_east,8,CRD,12:33:00 PM,1:01:00 PM,74,2,2,griseocollis,Female,MONFIS,,,
Nachusa2020_3966,8/5/2020,big_jump_east,8,CRD,12:33:00 PM,1:01:00 PM,74,2,2,griseocollis,Female,MONFIS,,,
Nachusa2020_3967,8/5/2020,big_jump_east,8,CRD,12:33:00 PM,1:01:00 PM,74,2,2,griseocollis,Female,MONFIS,,,
Nachusa2020_3968,8/5/2020,big_jump_east,8,CRD,12:33:00 PM,1:01:00 PM,74,2,2,griseocollis,Female,MONFIS,,,
Nachusa2020_3969,8/5/2020,big_jump_east,8,CRD,12:33:00 PM,1:01:00 PM,74,2,2,rufocinctus,Male,MONFIS,,,
Nachusa2020_3970,8/5/2020,big_jump_east,8,CRD,12:33:00 PM,1:01:00 PM,74,2,2,vagans,Female,MONFIS,,,
Nachusa2020_3971,8/5/2020,big_jump_east,8,CRD,12:33:00 PM,1:01:00 PM,74,2,2,vagans,Female,MONFIS,,,
Nachusa2020_3972,8/5/2020,big_jump_east,8,CRD,12:33:00 PM,1:01:00 PM,74,2,2,vagans,Female,MONFIS,,,
Nachusa2020_3973,8/5/2020,big_jump_east,8,CRD,12:33:00 PM,1:01:00 PM,74,2,2,vagans,Female,MONFIS,,,
Nachusa2020_3974,8/5/2020,big_jump_east,8,CRD,12:33:00 PM,1:01:00 PM,74,2,2,vagans,Female,MONFIS,,,
Nachusa2020_3975,8/5/2020,big_jump_east,8,CRD,12:33:00 PM,1:01:00 PM,74,2,2,vagans,Female,MONFIS,,,
Nachusa2020_3976,8/5/2020,big_jump_east,8,CRD,12:33:00 PM,1:01:00 PM,74,2,2,vagans,Female,MONFIS,,,
Nachusa2020_3977,8/5/2020,big_jump_east,8,CRD,12:33:00 PM,1:01:00 PM,74,2,2,vagans,Male,MONFIS,,,
Nachusa2020_3978,8/5/2020,big_jump_east,8,CRD,12:33:00 PM,1:01:00 PM,74,2,2,impatiens,Male,MONFIS,,,
Nachusa2020_3979,8/5/2020,big_jump_east,8,CRD,12:33:00 PM,1:01:00 PM,74,2,2,impatiens,Male,MONFIS,,,
Nachusa2020_3980,8/5/2020,big_jump_east,8,CRD,12:33:00 PM,1:01:00 PM,74,2,2,impatiens,Male,MONFIS,,,
Nachusa2020_3981,8/5/2020,big_jump_east,8,CRD,12:33:00 PM,1:01:00 PM,74,2,2,auricomus,Female,MONFIS,,,
Nachusa2020_3982,8/5/2020,big_jump_east,8,CRD,12:33:00 PM,1:01:00 PM,74,2,2,auricomus,Female,MONFIS,,,
Nachusa2020_3983,8/5/2020,big_jump_east,8,CRD,12:33:00 PM,1:01:00 PM,74,2,2,auricomus,Female,MONFIS,,,
Nachusa2020_3984,8/5/2020,big_jump_east,8,CRD,12:33:00 PM,1:01:00 PM,74,2,2,auricomus,Female,MONFIS,,,
Nachusa2020_3985,8/5/2020,big_jump_east,8,CRD,12:33:00 PM,1:01:00 PM,74,2,2,auricomus,Female,MONFIS,,,
Nachusa2020_3986,8/5/2020,big_jump_east,8,CRD,12:33:00 PM,1:01:00 PM,74,2,2,auricomus,Female,MONFIS,,,
Nachusa2020_3987,8/5/2020,big_jump_east,8,CRD,12:33:00 PM,1:01:00 PM,74,2,2,auricomus,Female,MONFIS,,,
Nachusa2020_3988,8/5/2020,big_jump_east,8,CRD,12:33:00 PM,1:01:00 PM,74,2,2,bimaculatus,Female,MONFIS,,,
Nachusa2020_3989,8/5/2020,big_jump_east,8,CRD,12:33:00 PM,1:01:00 PM,74,2,2,affinis,Female,MONFIS,,,photo
Nachusa2020_3990,8/5/2020,big_jump_east,8,CRD,12:33:00 PM,1:01:00 PM,74,2,2,affinis,Female,MONFIS,,,photo
Nachusa2020_3991,8/5/2020,big_jump_east,8,CRD,12:33:00 PM,1:01:00 PM,74,2,2,vagans,Male,MONFIS,,,
Nachusa2020_3992,8/5/2020,sanders_unit,2,CRD,2:39:00 PM,3:03:00 PM,73,2,2,impatiens,Female,CHAFAS,,,
Nachusa2020_3993,8/5/2020,sanders_unit,2,CRD,2:39:00 PM,3:03:00 PM,73,2,2,griseocollis,Female,PYCTEN,,,
Nachusa2020_3994,8/5/2020,sanders_unit,2,CRD,2:39:00 PM,3:03:00 PM,73,2,2,griseocollis,Female,PYCTEN,,,
Nachusa2020_3995,8/5/2020,sanders_unit,2,CRD,2:39:00 PM,3:03:00 PM,73,2,2,griseocollis,Female,PYCTEN,,,
Nachusa2020_3996,8/5/2020,sanders_unit,2,CRD,2:39:00 PM,3:03:00 PM,73,2,2,griseocollis,Female,PYCTEN,,,
Nachusa2020_3997,8/5/2020,sanders_unit,2,CRD,2:39:00 PM,3:03:00 PM,73,2,2,impatiens,Female,PYCTEN,,,
Nachusa2020_3998,8/5/2020,sanders_unit,2,CRD,2:39:00 PM,3:03:00 PM,73,2,2,impatiens,Female,PYCTEN,,,
Nachusa2020_3999,8/5/2020,sanders_unit,2,CRD,2:39:00 PM,3:03:00 PM,73,2,2,impatiens,Female,PYCTEN,,,
Nachusa2020_4000,8/5/2020,sanders_unit,2,CRD,2:39:00 PM,3:03:00 PM,73,2,2,impatiens,Female,PYCTEN,,,
Nachusa2020_4001,8/5/2020,sanders_unit,2,CRD,2:39:00 PM,3:03:00 PM,73,2,2,impatiens,Female,PYCTEN,,,
Nachusa2020_4002,8/5/2020,sanders_unit,2,CRD,2:39:00 PM,3:03:00 PM,73,2,2,impatiens,Female,PYCTEN,,,
Nachusa2020_4003,8/5/2020,sanders_unit,2,CRD,2:39:00 PM,3:03:00 PM,73,2,2,impatiens,Female,PYCTEN,,,
Nachusa2020_4004,8/5/2020,sanders_unit,2,CRD,2:39:00 PM,3:03:00 PM,73,2,2,impatiens,Female,PYCTEN,,,
Nachusa2020_4005,8/5/2020,sanders_unit,2,CRD,2:39:00 PM,3:03:00 PM,73,2,2,impatiens,Female,PYCTEN,,,
Nachusa2020_4006,8/5/2020,sanders_unit,2,CRD,2:39:00 PM,3:03:00 PM,73,2,2,impatiens,Female,PYCTEN,,,
Nachusa2020_4007,8/5/2020,sanders_unit,2,CRD,2:39:00 PM,3:03:00 PM,73,2,2,impatiens,Female,PYCTEN,,,
Nachusa2020_4008,8/5/2020,sanders_unit,2,CRD,2:39:00 PM,3:03:00 PM,73,2,2,impatiens,Female,PYCTEN,,,
Nachusa2020_4009,8/5/2020,sanders_unit,2,CRD,2:39:00 PM,3:03:00 PM,73,2,2,impatiens,Female,PYCTEN,,,
Nachusa2020_4010,8/5/2020,sanders_unit,2,CRD,2:39:00 PM,3:03:00 PM,73,2,2,rufocinctus,Female,PYCTEN,,,
Nachusa2020_4011,8/5/2020,sanders_unit,2,CRD,2:39:00 PM,3:03:00 PM,73,2,2,rufocinctus,Female,PYCTEN,,,
Nachusa2020_4012,8/5/2020,sanders_unit,2,CRD,2:39:00 PM,3:03:00 PM,73,2,2,rufocinctus,Female,PYCTEN,,,
Nachusa2020_4013,8/5/2020,sanders_unit,2,CRD,2:39:00 PM,3:03:00 PM,73,2,2,rufocinctus,Female,PYCTEN,,,
Nachusa2020_4014,8/5/2020,sanders_unit,2,CRD,2:39:00 PM,3:03:00 PM,73,2,2,rufocinctus,Female,PYCTEN,,,
Nachusa2020_4015,8/5/2020,sanders_unit,2,CRD,2:39:00 PM,3:03:00 PM,73,2,2,rufocinctus,Male,PYCTEN,,,
Nachusa2020_4016,8/5/2020,sanders_unit,2,CRD,2:39:00 PM,3:03:00 PM,73,2,2,rufocinctus,Male,PYCTEN,,,
Nachusa2020_4017,8/5/2020,sanders_unit,2,CRD,2:39:00 PM,3:03:00 PM,73,2,2,impatiens,Female,ERIYUC,,,
Nachusa2020_4018,8/5/2020,sanders_unit,2,CRD,2:39:00 PM,3:03:00 PM,73,2,2,impatiens,Female,ERIYUC,,,
Nachusa2020_4019,8/5/2020,sanders_unit,2,CRD,2:39:00 PM,3:03:00 PM,73,2,2,impatiens,Female,ERIYUC,,,
Nachusa2020_4020,8/5/2020,sanders_unit,2,CRD,2:39:00 PM,3:03:00 PM,73,2,2,impatiens,Female,ERIYUC,,,
Nachusa2020_4021,8/5/2020,sanders_unit,2,CRD,2:39:00 PM,3:03:00 PM,73,2,2,rufocinctus,Female,DALCAN,,,
Nachusa2020_4022,8/5/2020,sanders_unit,2,CRD,2:39:00 PM,3:03:00 PM,73,2,2,griseocollis,Female,LIAPYC,,,
Nachusa2020_4023,8/5/2020,sanders_unit,2,CRD,2:39:00 PM,3:03:00 PM,73,2,2,griseocollis,Female,LIAPYC,,,
Nachusa2020_4024,8/5/2020,sanders_unit,2,CRD,2:39:00 PM,3:03:00 PM,73,2,2,griseocollis,Female,LIAPYC,,,
Nachusa2020_4025,8/5/2020,sanders_unit,2,CRD,2:39:00 PM,3:03:00 PM,73,2,2,griseocollis,Female,LIAPYC,,,
Nachusa2020_4026,8/5/2020,sanders_unit,2,CRD,2:39:00 PM,3:03:00 PM,73,2,2,griseocollis,Female,LIAPYC,,,
Nachusa2020_4027,8/5/2020,sanders_unit,2,CRD,2:39:00 PM,3:03:00 PM,73,2,2,griseocollis,Female,LIAPYC,,,
Nachusa2020_4028,8/5/2020,sanders_unit,2,CRD,2:39:00 PM,3:03:00 PM,73,2,2,impatiens,Female,LIAPYC,,,
Nachusa2020_4029,8/5/2020,sanders_unit,2,CRD,2:39:00 PM,3:03:00 PM,73,2,2,impatiens,Female,LIAPYC,,,
Nachusa2020_4030,8/5/2020,sanders_unit,2,CRD,2:39:00 PM,3:03:00 PM,73,2,2,impatiens,Female,LIAPYC,,,
Nachusa2020_4031,8/5/2020,sanders_unit,2,CRD,2:39:00 PM,3:03:00 PM,73,2,2,impatiens,Female,LIAPYC,,,
Nachusa2020_4032,8/5/2020,sanders_unit,2,CRD,2:39:00 PM,3:03:00 PM,73,2,2,impatiens,Female,LIAPYC,,,
Nachusa2020_4033,8/5/2020,sanders_unit,2,CRD,2:39:00 PM,3:03:00 PM,73,2,2,impatiens,Female,LIAPYC,,,
Nachusa2020_4034,8/5/2020,sanders_unit,2,CRD,2:39:00 PM,3:03:00 PM,73,2,2,impatiens,Female,LIAPYC,,,
Nachusa2020_4035,8/5/2020,sanders_unit,2,CRD,2:39:00 PM,3:03:00 PM,73,2,2,impatiens,Female,LIAPYC,,,
Nachusa2020_4036,8/5/2020,sanders_unit,2,CRD,2:39:00 PM,3:03:00 PM,73,2,2,impatiens,Female,LIAPYC,,,
Nachusa2020_4037,8/5/2020,sanders_unit,2,CRD,2:39:00 PM,3:03:00 PM,73,2,2,impatiens,Female,LIAPYC,,,
Nachusa2020_4038,8/5/2020,sanders_unit,2,CRD,2:39:00 PM,3:03:00 PM,73,2,2,rufocinctus,Female,LIAPYC,,,
Nachusa2020_4039,8/5/2020,sanders_unit,2,CRD,2:39:00 PM,3:03:00 PM,73,2,2,rufocinctus,Female,LIAPYC,,,
Nachusa2020_4040,8/5/2020,sanders_unit,2,CRD,2:39:00 PM,3:03:00 PM,73,2,2,rufocinctus,Male,LIAPYC,,,
Nachusa2020_4041,8/5/2020,rolling_thunder,3,CRD,4:03:00 PM,4:28:00 PM,73,2,2,impatiens,Female,LIAPYC,,,
Nachusa2020_4042,8/5/2020,rolling_thunder,3,CRD,4:03:00 PM,4:28:00 PM,73,2,2,impatiens,Female,LIAPYC,,,
Nachusa2020_4043,8/5/2020,rolling_thunder,3,CRD,4:03:00 PM,4:28:00 PM,73,2,2,impatiens,Female,LIAPYC,,,
Nachusa2020_4044,8/5/2020,rolling_thunder,3,CRD,4:03:00 PM,4:28:00 PM,73,2,2,impatiens,Female,LIAPYC,,,
Nachusa2020_4045,8/5/2020,rolling_thunder,3,CRD,4:03:00 PM,4:28:00 PM,73,2,2,impatiens,Female,LIAPYC,,,
Nachusa2020_4046,8/5/2020,rolling_thunder,3,CRD,4:03:00 PM,4:28:00 PM,73,2,2,impatiens,Female,LIAPYC,,,
Nachusa2020_4047,8/5/2020,rolling_thunder,3,CRD,4:03:00 PM,4:28:00 PM,73,2,2,impatiens,Female,LIAPYC,,,
Nachusa2020_4048,8/5/2020,rolling_thunder,3,CRD,4:03:00 PM,4:28:00 PM,73,2,2,impatiens,Female,LIAPYC,,,
Nachusa2020_4049,8/5/2020,rolling_thunder,3,CRD,4:03:00 PM,4:28:00 PM,73,2,2,impatiens,Female,LIAPYC,,,
Nachusa2020_4050,8/5/2020,rolling_thunder,3,CRD,4:03:00 PM,4:28:00 PM,73,2,2,impatiens,Female,LIAPYC,,,
Nachusa2020_4051,8/5/2020,rolling_thunder,3,CRD,4:03:00 PM,4:28:00 PM,73,2,2,impatiens,Female,LIAPYC,,,
Nachusa2020_4052,8/5/2020,rolling_thunder,3,CRD,4:03:00 PM,4:28:00 PM,73,2,2,impatiens,Female,LIAPYC,,,
Nachusa2020_4053,8/5/2020,rolling_thunder,3,CRD,4:03:00 PM,4:28:00 PM,73,2,2,impatiens,Female,LIAPYC,,,
Nachusa2020_4054,8/5/2020,rolling_thunder,3,CRD,4:03:00 PM,4:28:00 PM,73,2,2,impatiens,Female,LIAPYC,,,
Nachusa2020_4055,8/5/2020,rolling_thunder,3,CRD,4:03:00 PM,4:28:00 PM,73,2,2,impatiens,Female,LIAPYC,,,
Nachusa2020_4056,8/5/2020,rolling_thunder,3,CRD,4:03:00 PM,4:28:00 PM,73,2,2,impatiens,Female,LIAPYC,,,
Nachusa2020_4057,8/5/2020,rolling_thunder,3,CRD,4:03:00 PM,4:28:00 PM,73,2,2,impatiens,Female,LIAPYC,,,
Nachusa2020_4058,8/5/2020,rolling_thunder,3,CRD,4:03:00 PM,4:28:00 PM,73,2,2,impatiens,Female,LIAPYC,,,
Nachusa2020_4059,8/5/2020,rolling_thunder,3,CRD,4:03:00 PM,4:28:00 PM,73,2,2,impatiens,Female,LIAPYC,,,
Nachusa2020_4060,8/5/2020,rolling_thunder,3,CRD,4:03:00 PM,4:28:00 PM,73,2,2,impatiens,Female,LIAPYC,,,
Nachusa2020_4061,8/5/2020,rolling_thunder,3,CRD,4:03:00 PM,4:28:00 PM,73,2,2,impatiens,Female,LIAPYC,,,
Nachusa2020_4062,8/5/2020,rolling_thunder,3,CRD,4:03:00 PM,4:28:00 PM,73,2,2,impatiens,Female,LIAPYC,,,
Nachusa2020_4063,8/5/2020,rolling_thunder,3,CRD,4:03:00 PM,4:28:00 PM,73,2,2,impatiens,Female,LIAPYC,,,
Nachusa2020_4064,8/5/2020,rolling_thunder,3,CRD,4:03:00 PM,4:28:00 PM,73,2,2,impatiens,Female,LIAPYC,,,
Nachusa2020_4065,8/5/2020,rolling_thunder,3,CRD,4:03:00 PM,4:28:00 PM,73,2,2,impatiens,Female,LIAPYC,,,
Nachusa2020_4066,8/5/2020,rolling_thunder,3,CRD,4:03:00 PM,4:28:00 PM,73,2,2,impatiens,Female,LIAPYC,,,
Nachusa2020_4067,8/5/2020,rolling_thunder,3,CRD,4:03:00 PM,4:28:00 PM,73,2,2,impatiens,Female,LIAPYC,,,
Nachusa2020_4068,8/5/2020,rolling_thunder,3,CRD,4:03:00 PM,4:28:00 PM,73,2,2,impatiens,Female,LIAPYC,,,
Nachusa2020_4069,8/5/2020,rolling_thunder,3,CRD,4:03:00 PM,4:28:00 PM,73,2,2,impatiens,Female,LIAPYC,,,
Nachusa2020_4070,8/5/2020,rolling_thunder,3,CRD,4:03:00 PM,4:28:00 PM,73,2,2,impatiens,Female,LIAPYC,,,
Nachusa2020_4071,8/5/2020,rolling_thunder,3,CRD,4:03:00 PM,4:28:00 PM,73,2,2,impatiens,Female,LIAPYC,,,
Nachusa2020_4072,8/5/2020,rolling_thunder,3,CRD,4:03:00 PM,4:28:00 PM,73,2,2,rufocinctus,Female,LIAPYC,,,
Nachusa2020_4073,8/5/2020,rolling_thunder,3,CRD,4:03:00 PM,4:28:00 PM,73,2,2,rufocinctus,Female,LIAPYC,,,
Nachusa2020_4074,8/5/2020,rolling_thunder,3,CRD,4:03:00 PM,4:28:00 PM,73,2,2,rufocinctus,Female,LIAPYC,,,
Nachusa2020_4075,8/5/2020,rolling_thunder,3,CRD,4:03:00 PM,4:28:00 PM,73,2,2,rufocinctus,Female,LIAPYC,,,
Nachusa2020_4076,8/5/2020,rolling_thunder,3,CRD,4:03:00 PM,4:28:00 PM,73,2,2,rufocinctus,Female,LIAPYC,,,
Nachusa2020_4077,8/5/2020,rolling_thunder,3,CRD,4:03:00 PM,4:28:00 PM,73,2,2,rufocinctus,Female,LIAPYC,,,
Nachusa2020_4078,8/5/2020,rolling_thunder,3,CRD,4:03:00 PM,4:28:00 PM,73,2,2,griseocollis,Female,LIAPYC,,,
Nachusa2020_4079,8/5/2020,rolling_thunder,3,CRD,4:03:00 PM,4:28:00 PM,73,2,2,griseocollis,Female,LIAPYC,,,
Nachusa2020_4080,8/5/2020,rolling_thunder,3,CRD,4:03:00 PM,4:28:00 PM,73,2,2,griseocollis,Female,LIAPYC,,,
Nachusa2020_4081,8/5/2020,rolling_thunder,3,CRD,4:03:00 PM,4:28:00 PM,73,2,2,griseocollis,Female,LIAPYC,,,
Nachusa2020_4082,8/5/2020,rolling_thunder,3,CRD,4:03:00 PM,4:28:00 PM,73,2,2,griseocollis,Female,LIAPYC,,,
Nachusa2020_4083,8/5/2020,rolling_thunder,3,CRD,4:03:00 PM,4:28:00 PM,73,2,2,griseocollis,Female,LIAPYC,,,
Nachusa2020_4084,8/5/2020,rolling_thunder,3,CRD,4:03:00 PM,4:28:00 PM,73,2,2,griseocollis,Female,LIAPYC,,,
Nachusa2020_4085,8/5/2020,rolling_thunder,3,CRD,4:03:00 PM,4:28:00 PM,73,2,2,griseocollis,Female,LIAPYC,,,
Nachusa2020_4086,8/5/2020,rolling_thunder,3,CRD,4:03:00 PM,4:28:00 PM,73,2,2,griseocollis,Female,LIAPYC,,,
Nachusa2020_4087,8/5/2020,rolling_thunder,3,CRD,4:03:00 PM,4:28:00 PM,73,2,2,auricomus,Male,VERHAS,,,resting
Nachusa2020_4088,8/5/2020,rolling_thunder,3,CRD,4:03:00 PM,4:28:00 PM,73,2,2,rufocinctus,Male,LIAPYC,,,specimen
Nachusa2020_4089,8/5/2020,rolling_thunder,3,CRD,4:03:00 PM,4:28:00 PM,73,2,2,rufocinctus,Male,LIAPYC,,,
Nachusa2020_4090,8/5/2020,rolling_thunder,3,CRD,4:03:00 PM,4:28:00 PM,73,2,2,rufocinctus,Male,LIAPYC,,,
Nachusa2020_4091,8/5/2020,rolling_thunder,3,CRD,4:03:00 PM,4:28:00 PM,73,2,2,rufocinctus,Male,LIAPYC,,,
Nachusa2020_4092,8/5/2020,rolling_thunder,3,CRD,4:03:00 PM,4:28:00 PM,73,2,2,griseocollis,Male,LIAPYC,,,
Nachusa2020_4093,8/5/2020,rolling_thunder,3,CRD,4:03:00 PM,4:28:00 PM,73,2,2,griseocollis,Male,LIAPYC,,,
Nachusa2020_4094,8/5/2020,rolling_thunder,3,CRD,4:03:00 PM,4:28:00 PM,73,2,2,griseocollis,Male,LIAPYC,,,
Nachusa2020_4095,8/5/2020,rolling_thunder,3,CRD,4:03:00 PM,4:28:00 PM,73,2,2,griseocollis,Male,LIAPYC,,,
Nachusa2020_4096,8/5/2020,rolling_thunder,3,CRD,4:03:00 PM,4:28:00 PM,73,2,2,griseocollis,Male,LIAPYC,,,
Nachusa2020_4097,8/5/2020,rolling_thunder,3,CRD,4:03:00 PM,4:28:00 PM,73,2,2,griseocollis,Male,LIAPYC,,,
Nachusa2020_4098,8/5/2020,rolling_thunder,3,CRD,4:03:00 PM,4:28:00 PM,73,2,2,rufocinctus,Male,LIAPYC,,,specimen
Nachusa2020_4099,8/5/2020,rolling_thunder,3,CRD,4:03:00 PM,4:28:00 PM,73,2,2,griseocollis,Female,ASCINC,,,
Nachusa2020_4100,8/5/2020,rolling_thunder,3,CRD,4:03:00 PM,4:28:00 PM,73,2,2,griseocollis,Female,ASCINC,,,
Nachusa2020_4101,8/5/2020,rolling_thunder,3,CRD,4:03:00 PM,4:28:00 PM,73,2,2,griseocollis,Female,ASCINC,,,
Nachusa2020_4102,8/5/2020,rolling_thunder,3,CRD,4:03:00 PM,4:28:00 PM,73,2,2,griseocollis,Female,ASCINC,,,
Nachusa2020_4103,8/5/2020,rolling_thunder,3,CRD,4:03:00 PM,4:28:00 PM,73,2,2,griseocollis,Female,ASCINC,,,
Nachusa2020_4104,8/5/2020,rolling_thunder,3,CRD,4:03:00 PM,4:28:00 PM,73,2,2,griseocollis,Female,ASCINC,,,
Nachusa2020_4105,8/5/2020,rolling_thunder,3,CRD,4:03:00 PM,4:28:00 PM,73,2,2,griseocollis,Female,ASCINC,,,
Nachusa2020_4106,8/5/2020,rolling_thunder,3,CRD,4:03:00 PM,4:28:00 PM,73,2,2,griseocollis,Female,ASCINC,,,
Nachusa2020_4107,8/5/2020,rolling_thunder,3,CRD,4:03:00 PM,4:28:00 PM,73,2,2,griseocollis,Female,ASCINC,,,
Nachusa2020_4108,8/5/2020,rolling_thunder,3,CRD,4:03:00 PM,4:28:00 PM,73,2,2,griseocollis,Female,ASCINC,,,
Nachusa2020_4109,8/5/2020,rolling_thunder,3,CRD,4:03:00 PM,4:28:00 PM,73,2,2,griseocollis,Female,ASCINC,,,
Nachusa2020_4110,8/5/2020,rolling_thunder,3,CRD,4:03:00 PM,4:28:00 PM,73,2,2,griseocollis,Female,ASCINC,,,
Nachusa2020_4111,8/5/2020,rolling_thunder,3,CRD,4:03:00 PM,4:28:00 PM,73,2,2,griseocollis,Female,ASCINC,,,
Nachusa2020_4112,8/5/2020,rolling_thunder,3,CRD,4:03:00 PM,4:28:00 PM,73,2,2,griseocollis,Female,ASCINC,,,
Nachusa2020_4113,8/5/2020,rolling_thunder,3,CRD,4:03:00 PM,4:28:00 PM,73,2,2,griseocollis,Female,ASCINC,,,
Nachusa2020_4114,8/5/2020,rolling_thunder,3,CRD,4:03:00 PM,4:28:00 PM,73,2,2,griseocollis,Female,VERHAS,,,
Nachusa2020_4115,8/5/2020,rolling_thunder,3,CRD,4:03:00 PM,4:28:00 PM,73,2,2,rufocinctus,Male,VERHAS,,,Needs ID; specimen *ID*
Nachusa2020_4116,8/5/2020,rolling_thunder,3,CRD,4:03:00 PM,4:28:00 PM,73,2,2,griseocollis,Male,ASCINC,,,
Nachusa2020_4117,8/5/2020,rolling_thunder,3,CRD,4:03:00 PM,4:28:00 PM,73,2,2,impatiens,Male,VERHAS,,,
Nachusa2020_4118,8/5/2020,rolling_thunder,3,CRD,4:03:00 PM,4:28:00 PM,73,2,2,impatiens,Female,VERHAS,,,
Nachusa2020_4119,8/5/2020,rolling_thunder,3,CRD,4:03:00 PM,4:28:00 PM,73,2,2,rufocinctus,Female,VERHAS,,,
Nachusa2020_4120,8/5/2020,rolling_thunder,3,CRD,4:03:00 PM,4:28:00 PM,73,2,2,citrinus,Female,LIAPYC,,,
Nachusa2020_4121,8/6/2020,tellabs_west,2,CRD,1:38:00 PM,2:07:00 PM,76,1,1,impatiens,Male,EUTPUR,,,
Nachusa2020_4122,8/6/2020,tellabs_west,2,CRD,1:38:00 PM,2:07:00 PM,76,1,1,impatiens,Male,EUTPUR,,,
Nachusa2020_4123,8/6/2020,tellabs_west,2,CRD,1:38:00 PM,2:07:00 PM,76,1,1,impatiens,Male,EUTPUR,,,
Nachusa2020_4124,8/6/2020,tellabs_west,2,CRD,1:38:00 PM,2:07:00 PM,76,1,1,impatiens,Male,EUTPUR,,,
Nachusa2020_4125,8/6/2020,tellabs_west,2,CRD,1:38:00 PM,2:07:00 PM,76,1,1,impatiens,Male,EUTPUR,,,
Nachusa2020_4126,8/6/2020,tellabs_west,2,CRD,1:38:00 PM,2:07:00 PM,76,1,1,impatiens,Male,EUTPUR,,,
Nachusa2020_4127,8/6/2020,tellabs_west,2,CRD,1:38:00 PM,2:07:00 PM,76,1,1,citrinus,Male,EUTPUR,,,
Nachusa2020_4128,8/6/2020,tellabs_west,2,CRD,1:38:00 PM,2:07:00 PM,76,1,1,citrinus,Male,EUTPUR,,,
Nachusa2020_4129,8/6/2020,tellabs_west,2,CRD,1:38:00 PM,2:07:00 PM,76,1,1,citrinus,Male,EUTPUR,,,
Nachusa2020_4130,8/6/2020,tellabs_west,2,CRD,1:38:00 PM,2:07:00 PM,76,1,1,citrinus,Male,EUTPUR,,,
Nachusa2020_4131,8/6/2020,tellabs_west,2,CRD,1:38:00 PM,2:07:00 PM,76,1,1,citrinus,Male,EUTPUR,,,
Nachusa2020_4132,8/6/2020,tellabs_west,2,CRD,1:38:00 PM,2:07:00 PM,76,1,1,citrinus,Male,EUTPUR,,,
Nachusa2020_4133,8/6/2020,tellabs_west,2,CRD,1:38:00 PM,2:07:00 PM,76,1,1,citrinus,Male,EUTPUR,,,
Nachusa2020_4134,8/6/2020,tellabs_west,2,CRD,1:38:00 PM,2:07:00 PM,76,1,1,impatiens,Female,EUTPUR,,,
Nachusa2020_4135,8/6/2020,tellabs_west,2,CRD,1:38:00 PM,2:07:00 PM,76,1,1,impatiens,Female,EUTPUR,,,
Nachusa2020_4136,8/6/2020,tellabs_west,2,CRD,1:38:00 PM,2:07:00 PM,76,1,1,impatiens,Female,EUTPUR,,,
Nachusa2020_4137,8/6/2020,tellabs_west,2,CRD,1:38:00 PM,2:07:00 PM,76,1,1,impatiens,Female,EUTPUR,,,
Nachusa2020_4138,8/6/2020,tellabs_west,2,CRD,1:38:00 PM,2:07:00 PM,76,1,1,impatiens,Female,EUTPUR,,,
Nachusa2020_4139,8/6/2020,tellabs_west,2,CRD,1:38:00 PM,2:07:00 PM,76,1,1,impatiens,Female,EUTPUR,,,
Nachusa2020_4140,8/6/2020,tellabs_west,2,CRD,1:38:00 PM,2:07:00 PM,76,1,1,impatiens,Female,EUTPUR,,,
Nachusa2020_4141,8/6/2020,tellabs_west,2,CRD,1:38:00 PM,2:07:00 PM,76,1,1,impatiens,Female,EUTPUR,,,
Nachusa2020_4142,8/6/2020,tellabs_west,2,CRD,1:38:00 PM,2:07:00 PM,76,1,1,impatiens,Female,EUTPUR,,,
Nachusa2020_4143,8/6/2020,tellabs_west,2,CRD,1:38:00 PM,2:07:00 PM,76,1,1,impatiens,Female,EUTPUR,,,
Nachusa2020_4144,8/6/2020,tellabs_west,2,CRD,1:38:00 PM,2:07:00 PM,76,1,1,impatiens,Female,EUTPUR,,,
Nachusa2020_4145,8/6/2020,tellabs_west,2,CRD,1:38:00 PM,2:07:00 PM,76,1,1,vagans,Female,EUTPUR,,,
Nachusa2020_4146,8/6/2020,tellabs_west,2,CRD,1:38:00 PM,2:07:00 PM,76,1,1,vagans,Female,EUTPUR,,,
Nachusa2020_4147,8/6/2020,tellabs_west,2,CRD,1:38:00 PM,2:07:00 PM,76,1,1,vagans,Female,EUTPUR,,,
Nachusa2020_4148,8/6/2020,tellabs_west,2,CRD,1:38:00 PM,2:07:00 PM,76,1,1,vagans,Female,EUTPUR,,,
Nachusa2020_4149,8/6/2020,tellabs_west,2,CRD,1:38:00 PM,2:07:00 PM,76,1,1,griseocollis,Male,EUTPUR,,,
Nachusa2020_4150,8/6/2020,tellabs_west,2,CRD,1:38:00 PM,2:07:00 PM,76,1,1,griseocollis,Male,LIAPYC,,,
Nachusa2020_4151,8/6/2020,tellabs_west,2,CRD,1:38:00 PM,2:07:00 PM,76,1,1,griseocollis,Female,MONFIS,,,
Nachusa2020_4152,8/6/2020,tellabs_west,2,CRD,1:38:00 PM,2:07:00 PM,76,1,1,griseocollis,Female,MONFIS,,,
Nachusa2020_4153,8/6/2020,tellabs_west,2,CRD,1:38:00 PM,2:07:00 PM,76,1,1,griseocollis,Female,MONFIS,,,
Nachusa2020_4154,8/6/2020,tellabs_west,2,CRD,1:38:00 PM,2:07:00 PM,76,1,1,rufocinctus,Female,CORTRI,,,
Nachusa2020_4155,8/6/2020,tellabs_west,2,CRD,1:38:00 PM,2:07:00 PM,76,1,1,impatiens,Female,DESCAN,,,
Nachusa2020_4156,8/6/2020,tellabs_west,2,CRD,1:38:00 PM,2:07:00 PM,76,1,1,impatiens,Female,PYCTEN,,,
Nachusa2020_4157,8/6/2020,tellabs_west,2,CRD,1:38:00 PM,2:07:00 PM,76,1,1,impatiens,Female,PYCTEN,,,
Nachusa2020_4158,8/6/2020,rolling_thunder,4,CRD,3:38:00 PM,4:00:00 PM,78,2,2,griseocollis,Male,LIAPYC,,,
Nachusa2020_4159,8/6/2020,rolling_thunder,4,CRD,3:38:00 PM,4:00:00 PM,78,2,2,griseocollis,Male,LIAPYC,,,
Nachusa2020_4160,8/6/2020,rolling_thunder,4,CRD,3:38:00 PM,4:00:00 PM,78,2,2,griseocollis,Male,LIAPYC,,,
Nachusa2020_4161,8/6/2020,rolling_thunder,4,CRD,3:38:00 PM,4:00:00 PM,78,2,2,griseocollis,Male,LIAPYC,,,
Nachusa2020_4162,8/6/2020,rolling_thunder,4,CRD,3:38:00 PM,4:00:00 PM,78,2,2,griseocollis,Male,LIAPYC,,,
Nachusa2020_4163,8/6/2020,rolling_thunder,4,CRD,3:38:00 PM,4:00:00 PM,78,2,2,griseocollis,Male,LIAPYC,,,
Nachusa2020_4164,8/6/2020,rolling_thunder,4,CRD,3:38:00 PM,4:00:00 PM,78,2,2,griseocollis,Male,LIAPYC,,,
Nachusa2020_4165,8/6/2020,rolling_thunder,4,CRD,3:38:00 PM,4:00:00 PM,78,2,2,griseocollis,Male,LIAPYC,,,
Nachusa2020_4166,8/6/2020,rolling_thunder,4,CRD,3:38:00 PM,4:00:00 PM,78,2,2,griseocollis,Male,LIAPYC,,,
Nachusa2020_4167,8/6/2020,rolling_thunder,4,CRD,3:38:00 PM,4:00:00 PM,78,2,2,griseocollis,Male,LIAPYC,,,
Nachusa2020_4168,8/6/2020,rolling_thunder,4,CRD,3:38:00 PM,4:00:00 PM,78,2,2,griseocollis,Male,LIAPYC,,,
Nachusa2020_4169,8/6/2020,rolling_thunder,4,CRD,3:38:00 PM,4:00:00 PM,78,2,2,impatiens,Female,LIAPYC,,,
Nachusa2020_4170,8/6/2020,rolling_thunder,4,CRD,3:38:00 PM,4:00:00 PM,78,2,2,impatiens,Female,LIAPYC,,,
Nachusa2020_4171,8/6/2020,rolling_thunder,4,CRD,3:38:00 PM,4:00:00 PM,78,2,2,impatiens,Female,LIAPYC,,,
Nachusa2020_4172,8/6/2020,rolling_thunder,4,CRD,3:38:00 PM,4:00:00 PM,78,2,2,impatiens,Female,LIAPYC,,,
Nachusa2020_4173,8/6/2020,rolling_thunder,4,CRD,3:38:00 PM,4:00:00 PM,78,2,2,impatiens,Female,LIAPYC,,,
Nachusa2020_4174,8/6/2020,rolling_thunder,4,CRD,3:38:00 PM,4:00:00 PM,78,2,2,impatiens,Female,LIAPYC,,,
Nachusa2020_4175,8/6/2020,rolling_thunder,4,CRD,3:38:00 PM,4:00:00 PM,78,2,2,impatiens,Female,LIAPYC,,,
Nachusa2020_4176,8/6/2020,rolling_thunder,4,CRD,3:38:00 PM,4:00:00 PM,78,2,2,impatiens,Female,LIAPYC,,,
Nachusa2020_4177,8/6/2020,rolling_thunder,4,CRD,3:38:00 PM,4:00:00 PM,78,2,2,impatiens,Female,LIAPYC,,,
Nachusa2020_4178,8/6/2020,rolling_thunder,4,CRD,3:38:00 PM,4:00:00 PM,78,2,2,impatiens,Female,LIAPYC,,,
Nachusa2020_4179,8/6/2020,rolling_thunder,4,CRD,3:38:00 PM,4:00:00 PM,78,2,2,impatiens,Female,LIAPYC,,,
Nachusa2020_4180,8/6/2020,rolling_thunder,4,CRD,3:38:00 PM,4:00:00 PM,78,2,2,impatiens,Female,LIAPYC,,,
Nachusa2020_4181,8/6/2020,rolling_thunder,4,CRD,3:38:00 PM,4:00:00 PM,78,2,2,impatiens,Female,LIAPYC,,,
Nachusa2020_4182,8/6/2020,rolling_thunder,4,CRD,3:38:00 PM,4:00:00 PM,78,2,2,impatiens,Female,LIAPYC,,,
Nachusa2020_4183,8/6/2020,rolling_thunder,4,CRD,3:38:00 PM,4:00:00 PM,78,2,2,impatiens,Female,LIAPYC,,,
Nachusa2020_4184,8/6/2020,rolling_thunder,4,CRD,3:38:00 PM,4:00:00 PM,78,2,2,impatiens,Female,LIAPYC,,,
Nachusa2020_4185,8/6/2020,rolling_thunder,4,CRD,3:38:00 PM,4:00:00 PM,78,2,2,impatiens,Female,LIAPYC,,,
Nachusa2020_4186,8/6/2020,rolling_thunder,4,CRD,3:38:00 PM,4:00:00 PM,78,2,2,impatiens,Female,LIAPYC,,,
Nachusa2020_4187,8/6/2020,rolling_thunder,4,CRD,3:38:00 PM,4:00:00 PM,78,2,2,impatiens,Female,LIAPYC,,,
Nachusa2020_4188,8/6/2020,rolling_thunder,4,CRD,3:38:00 PM,4:00:00 PM,78,2,2,impatiens,Female,LIAPYC,,,
Nachusa2020_4189,8/6/2020,rolling_thunder,4,CRD,3:38:00 PM,4:00:00 PM,78,2,2,impatiens,Female,LIAPYC,,,
Nachusa2020_4190,8/6/2020,rolling_thunder,4,CRD,3:38:00 PM,4:00:00 PM,78,2,2,impatiens,Female,LIAPYC,,,
Nachusa2020_4191,8/6/2020,rolling_thunder,4,CRD,3:38:00 PM,4:00:00 PM,78,2,2,impatiens,Female,LIAPYC,,,
Nachusa2020_4192,8/6/2020,rolling_thunder,4,CRD,3:38:00 PM,4:00:00 PM,78,2,2,impatiens,Female,LIAPYC,,,
Nachusa2020_4193,8/6/2020,rolling_thunder,4,CRD,3:38:00 PM,4:00:00 PM,78,2,2,impatiens,Female,LIAPYC,,,
Nachusa2020_4194,8/6/2020,rolling_thunder,4,CRD,3:38:00 PM,4:00:00 PM,78,2,2,impatiens,Female,LIAPYC,,,
Nachusa2020_4195,8/6/2020,rolling_thunder,4,CRD,3:38:00 PM,4:00:00 PM,78,2,2,impatiens,Female,LIAPYC,,,
Nachusa2020_4196,8/6/2020,rolling_thunder,4,CRD,3:38:00 PM,4:00:00 PM,78,2,2,impatiens,Female,LIAPYC,,,
Nachusa2020_4197,8/6/2020,rolling_thunder,4,CRD,3:38:00 PM,4:00:00 PM,78,2,2,impatiens,Female,LIAPYC,,,
Nachusa2020_4198,8/6/2020,rolling_thunder,4,CRD,3:38:00 PM,4:00:00 PM,78,2,2,impatiens,Female,LIAPYC,,,
Nachusa2020_4199,8/6/2020,rolling_thunder,4,CRD,3:38:00 PM,4:00:00 PM,78,2,2,impatiens,Female,LIAPYC,,,
Nachusa2020_4200,8/6/2020,rolling_thunder,4,CRD,3:38:00 PM,4:00:00 PM,78,2,2,impatiens,Female,LIAPYC,,,
Nachusa2020_4201,8/6/2020,rolling_thunder,4,CRD,3:38:00 PM,4:00:00 PM,78,2,2,impatiens,Female,LIAPYC,,,
Nachusa2020_4202,8/6/2020,rolling_thunder,4,CRD,3:38:00 PM,4:00:00 PM,78,2,2,impatiens,Female,LIAPYC,,,
Nachusa2020_4203,8/6/2020,rolling_thunder,4,CRD,3:38:00 PM,4:00:00 PM,78,2,2,impatiens,Female,LIAPYC,,,
Nachusa2020_4204,8/6/2020,rolling_thunder,4,CRD,3:38:00 PM,4:00:00 PM,78,2,2,impatiens,Female,LIAPYC,,,
Nachusa2020_4205,8/6/2020,rolling_thunder,4,CRD,3:38:00 PM,4:00:00 PM,78,2,2,impatiens,Female,LIAPYC,,,
Nachusa2020_4206,8/6/2020,rolling_thunder,4,CRD,3:38:00 PM,4:00:00 PM,78,2,2,impatiens,Female,LIAPYC,,,
Nachusa2020_4207,8/6/2020,rolling_thunder,4,CRD,3:38:00 PM,4:00:00 PM,78,2,2,impatiens,Female,LIAPYC,,,
Nachusa2020_4208,8/6/2020,rolling_thunder,4,CRD,3:38:00 PM,4:00:00 PM,78,2,2,impatiens,Female,LIAPYC,,,
Nachusa2020_4209,8/6/2020,rolling_thunder,4,CRD,3:38:00 PM,4:00:00 PM,78,2,2,impatiens,Female,LIAPYC,,,
Nachusa2020_4210,8/6/2020,rolling_thunder,4,CRD,3:38:00 PM,4:00:00 PM,78,2,2,griseocollis,Female,LIAPYC,,,
Nachusa2020_4211,8/6/2020,rolling_thunder,4,CRD,3:38:00 PM,4:00:00 PM,78,2,2,griseocollis,Female,LIAPYC,,,
Nachusa2020_4212,8/6/2020,rolling_thunder,4,CRD,3:38:00 PM,4:00:00 PM,78,2,2,griseocollis,Female,LIAPYC,,,
Nachusa2020_4213,8/6/2020,rolling_thunder,4,CRD,3:38:00 PM,4:00:00 PM,78,2,2,griseocollis,Female,LIAPYC,,,
Nachusa2020_4214,8/6/2020,rolling_thunder,4,CRD,3:38:00 PM,4:00:00 PM,78,2,2,griseocollis,Female,LIAPYC,,,
Nachusa2020_4215,8/6/2020,rolling_thunder,4,CRD,3:38:00 PM,4:00:00 PM,78,2,2,griseocollis,Female,LIAPYC,,,
Nachusa2020_4216,8/6/2020,rolling_thunder,4,CRD,3:38:00 PM,4:00:00 PM,78,2,2,griseocollis,Female,LIAPYC,,,
Nachusa2020_4217,8/6/2020,rolling_thunder,4,CRD,3:38:00 PM,4:00:00 PM,78,2,2,griseocollis,Female,LIAPYC,,,
Nachusa2020_4218,8/6/2020,rolling_thunder,4,CRD,3:38:00 PM,4:00:00 PM,78,2,2,griseocollis,Female,LIAPYC,,,
Nachusa2020_4219,8/6/2020,rolling_thunder,4,CRD,3:38:00 PM,4:00:00 PM,78,2,2,griseocollis,Female,LIAPYC,,,
Nachusa2020_4220,8/6/2020,rolling_thunder,4,CRD,3:38:00 PM,4:00:00 PM,78,2,2,griseocollis,Female,LIAPYC,,,
Nachusa2020_4221,8/6/2020,rolling_thunder,4,CRD,3:38:00 PM,4:00:00 PM,78,2,2,griseocollis,Female,LIAPYC,,,
Nachusa2020_4222,8/6/2020,rolling_thunder,4,CRD,3:38:00 PM,4:00:00 PM,78,2,2,griseocollis,Female,LIAPYC,,,
Nachusa2020_4223,8/6/2020,rolling_thunder,4,CRD,3:38:00 PM,4:00:00 PM,78,2,2,griseocollis,Female,LIAPYC,,,
Nachusa2020_4224,8/6/2020,rolling_thunder,4,CRD,3:38:00 PM,4:00:00 PM,78,2,2,griseocollis,Female,LIAPYC,,,
Nachusa2020_4225,8/6/2020,rolling_thunder,4,CRD,3:38:00 PM,4:00:00 PM,78,2,2,griseocollis,Female,LIAPYC,,,
Nachusa2020_4226,8/6/2020,rolling_thunder,4,CRD,3:38:00 PM,4:00:00 PM,78,2,2,rufocinctus,Female,LIAPYC,,,
Nachusa2020_4227,8/6/2020,rolling_thunder,4,CRD,3:38:00 PM,4:00:00 PM,78,2,2,rufocinctus,Female,LIAPYC,,,
Nachusa2020_4228,8/6/2020,rolling_thunder,4,CRD,3:38:00 PM,4:00:00 PM,78,2,2,rufocinctus,Female,LIAPYC,,,
Nachusa2020_4229,8/6/2020,rolling_thunder,4,CRD,3:38:00 PM,4:00:00 PM,78,2,2,rufocinctus,Female,LIAPYC,,,
Nachusa2020_4230,8/6/2020,rolling_thunder,4,CRD,3:38:00 PM,4:00:00 PM,78,2,2,rufocinctus,Female,LIAPYC,,,
Nachusa2020_4231,8/6/2020,rolling_thunder,4,CRD,3:38:00 PM,4:00:00 PM,78,2,2,rufocinctus,Female,LIAPYC,,,
Nachusa2020_4232,8/6/2020,rolling_thunder,4,CRD,3:38:00 PM,4:00:00 PM,78,2,2,rufocinctus,Male,LIAPYC,,,
Nachusa2020_4233,8/6/2020,rolling_thunder,4,CRD,3:38:00 PM,4:00:00 PM,78,2,2,rufocinctus,Male,LIAPYC,,,
Nachusa2020_4234,8/6/2020,rolling_thunder,4,CRD,3:38:00 PM,4:00:00 PM,78,2,2,rufocinctus,Male,LIAPYC,,,
Nachusa2020_4235,8/6/2020,rolling_thunder,4,CRD,3:38:00 PM,4:00:00 PM,78,2,2,rufocinctus,Male,LIAPYC,,,
Nachusa2020_4236,8/6/2020,rolling_thunder,4,CRD,3:38:00 PM,4:00:00 PM,78,2,2,rufocinctus,Male,LIAPYC,,,
Nachusa2020_4237,8/6/2020,rolling_thunder,4,CRD,3:38:00 PM,4:00:00 PM,78,2,2,rufocinctus,Male,LIAPYC,,,
Nachusa2020_4238,8/6/2020,rolling_thunder,4,CRD,3:38:00 PM,4:00:00 PM,78,2,2,rufocinctus,Male,LIAPYC,,,
Nachusa2020_4239,8/6/2020,rolling_thunder,4,CRD,3:38:00 PM,4:00:00 PM,78,2,2,rufocinctus,Male,LIAPYC,,,
Nachusa2020_4240,8/6/2020,rolling_thunder,4,CRD,3:38:00 PM,4:00:00 PM,78,2,2,rufocinctus,Male,LIAPYC,,,
Nachusa2020_4241,8/6/2020,rolling_thunder,4,CRD,3:38:00 PM,4:00:00 PM,78,2,2,rufocinctus,Male,LIAPYC,,,
Nachusa2020_4242,8/6/2020,rolling_thunder,4,CRD,3:38:00 PM,4:00:00 PM,78,2,2,rufocinctus,Male,LIAPYC,,,
Nachusa2020_4243,8/6/2020,rolling_thunder,4,CRD,3:38:00 PM,4:00:00 PM,78,2,2,rufocinctus,Male,LIAPYC,,,
Nachusa2020_4244,8/6/2020,rolling_thunder,4,CRD,3:38:00 PM,4:00:00 PM,78,2,2,auricomus,Female,LIAPYC,,,
Nachusa2020_4245,8/6/2020,rolling_thunder,4,CRD,3:38:00 PM,4:00:00 PM,78,2,2,auricomus,Female,LIAPYC,,,
Nachusa2020_4246,8/6/2020,rolling_thunder,4,CRD,3:38:00 PM,4:00:00 PM,78,2,2,griseocollis,Female,ASCINC,,,
Nachusa2020_4247,8/6/2020,rolling_thunder,4,CRD,3:38:00 PM,4:00:00 PM,78,2,2,griseocollis,Female,ASCINC,,,
Nachusa2020_4248,8/6/2020,rolling_thunder,4,CRD,3:38:00 PM,4:00:00 PM,78,2,2,griseocollis,Female,ASCINC,,,
Nachusa2020_4249,8/6/2020,rolling_thunder,4,CRD,3:38:00 PM,4:00:00 PM,78,2,2,griseocollis,Female,ASCINC,,,
Nachusa2020_4250,8/6/2020,rolling_thunder,4,CRD,3:38:00 PM,4:00:00 PM,78,2,2,griseocollis,Female,ASCINC,,,
Nachusa2020_4251,8/6/2020,rolling_thunder,4,CRD,3:38:00 PM,4:00:00 PM,78,2,2,griseocollis,Female,ASCINC,,,
Nachusa2020_4252,8/6/2020,rolling_thunder,4,CRD,3:38:00 PM,4:00:00 PM,78,2,2,griseocollis,Female,ASCINC,,,
Nachusa2020_4253,8/6/2020,rolling_thunder,4,CRD,3:38:00 PM,4:00:00 PM,78,2,2,griseocollis,Female,ASCINC,,,
Nachusa2020_4254,8/6/2020,rolling_thunder,4,CRD,3:38:00 PM,4:00:00 PM,78,2,2,griseocollis,Female,ASCINC,,,
Nachusa2020_4255,8/6/2020,rolling_thunder,4,CRD,3:38:00 PM,4:00:00 PM,78,2,2,griseocollis,Female,ASCINC,,,
Nachusa2020_4256,8/6/2020,rolling_thunder,4,CRD,3:38:00 PM,4:00:00 PM,78,2,2,griseocollis,Female,ASCINC,,,
Nachusa2020_4257,8/6/2020,rolling_thunder,4,CRD,3:38:00 PM,4:00:00 PM,78,2,2,griseocollis,Female,ASCINC,,,
Nachusa2020_4258,8/6/2020,rolling_thunder,4,CRD,3:38:00 PM,4:00:00 PM,78,2,2,griseocollis,Female,ASCINC,,,
Nachusa2020_4259,8/6/2020,rolling_thunder,4,CRD,3:38:00 PM,4:00:00 PM,78,2,2,griseocollis,Female,ASCINC,,,
Nachusa2020_4260,8/6/2020,rolling_thunder,4,CRD,3:38:00 PM,4:00:00 PM,78,2,2,griseocollis,Female,ASCINC,,,
Nachusa2020_4261,8/6/2020,rolling_thunder,4,CRD,3:38:00 PM,4:00:00 PM,78,2,2,griseocollis,Female,ASCINC,,,
Nachusa2020_4262,8/6/2020,rolling_thunder,4,CRD,3:38:00 PM,4:00:00 PM,78,2,2,griseocollis,Female,ASCINC,,,
Nachusa2020_4263,8/6/2020,rolling_thunder,4,CRD,3:38:00 PM,4:00:00 PM,78,2,2,griseocollis,Female,ASCINC,,,
Nachusa2020_4264,8/6/2020,rolling_thunder,4,CRD,3:38:00 PM,4:00:00 PM,78,2,2,griseocollis,Female,ASCINC,,,
Nachusa2020_4265,8/6/2020,rolling_thunder,4,CRD,3:38:00 PM,4:00:00 PM,78,2,2,griseocollis,Female,ASCINC,,,
Nachusa2020_4266,8/6/2020,rolling_thunder,4,CRD,3:38:00 PM,4:00:00 PM,78,2,2,griseocollis,Female,ASCINC,,,
Nachusa2020_4267,8/6/2020,rolling_thunder,4,CRD,3:38:00 PM,4:00:00 PM,78,2,2,griseocollis,Female,ASCINC,,,
Nachusa2020_4268,8/6/2020,rolling_thunder,4,CRD,3:38:00 PM,4:00:00 PM,78,2,2,griseocollis,Female,ASCINC,,,
Nachusa2020_4269,8/6/2020,rolling_thunder,4,CRD,3:38:00 PM,4:00:00 PM,78,2,2,griseocollis,Female,ASCINC,,,
Nachusa2020_4270,8/6/2020,rolling_thunder,4,CRD,3:38:00 PM,4:00:00 PM,78,2,2,griseocollis,Female,ASCINC,,,
Nachusa2020_4271,8/6/2020,rolling_thunder,4,CRD,3:38:00 PM,4:00:00 PM,78,2,2,griseocollis,Female,ASCINC,,,
Nachusa2020_4272,8/6/2020,rolling_thunder,4,CRD,3:38:00 PM,4:00:00 PM,78,2,2,griseocollis,Female,ASCINC,,,
Nachusa2020_4273,8/6/2020,rolling_thunder,4,CRD,3:38:00 PM,4:00:00 PM,78,2,2,griseocollis,Female,ASCINC,,,
Nachusa2020_4274,8/6/2020,rolling_thunder,4,CRD,3:38:00 PM,4:00:00 PM,78,2,2,griseocollis,Female,ASCINC,,,
Nachusa2020_4275,8/6/2020,rolling_thunder,4,CRD,3:38:00 PM,4:00:00 PM,78,2,2,griseocollis,Female,ASCINC,,,
Nachusa2020_4276,8/6/2020,rolling_thunder,4,CRD,3:38:00 PM,4:00:00 PM,78,2,2,rufocinctus,Female,VERHAS,,,
Nachusa2020_4277,8/6/2020,rolling_thunder,4,CRD,3:38:00 PM,4:00:00 PM,78,2,2,rufocinctus,Female,VERHAS,,,
Nachusa2020_4278,8/6/2020,rolling_thunder,4,CRD,3:38:00 PM,4:00:00 PM,78,2,2,rufocinctus,Female,VERHAS,,,
Nachusa2020_4279,8/6/2020,rolling_thunder,4,CRD,3:38:00 PM,4:00:00 PM,78,2,2,rufocinctus,Female,VERHAS,,,
Nachusa2020_4280,8/6/2020,rolling_thunder,4,CRD,3:38:00 PM,4:00:00 PM,78,2,2,rufocinctus,Female,VERHAS,,,
Nachusa2020_4281,8/6/2020,rolling_thunder,4,CRD,3:38:00 PM,4:00:00 PM,78,2,2,impatiens,Male,LIAPYC,,,
Nachusa2020_4282,8/6/2020,rolling_thunder,4,CRD,3:38:00 PM,4:00:00 PM,78,2,2,auricomus,Male,LIAPYC,,,
Nachusa2020_4283,8/6/2020,tellabs_center,2,CRD,12:42:00 PM,1:05:00 PM,74,2,1,auricomus,Male,LIAPYC,,,perched
Nachusa2020_4284,8/6/2020,tellabs_center,2,CRD,12:42:00 PM,1:05:00 PM,74,2,1,auricomus,Male,LIAPYC,,,perched
Nachusa2020_4285,8/6/2020,tellabs_center,2,CRD,12:42:00 PM,1:05:00 PM,74,2,1,auricomus,Male,LIAPYC,,,perched
Nachusa2020_4286,8/6/2020,tellabs_center,2,CRD,12:42:00 PM,1:05:00 PM,74,2,1,pensylvanicus,Female,CHAFAS,,,photo
Nachusa2020_4287,8/6/2020,tellabs_center,2,CRD,12:42:00 PM,1:05:00 PM,74,2,1,fervidus,Male,BAPALB,,,specimen
Nachusa2020_4288,8/7/2020,sanders_unit,3,CRD,9:37:00 AM,10:02:00 AM,73,1,1,griseocollis,Female,LIAPYC,,,
Nachusa2020_4289,8/7/2020,sanders_unit,3,CRD,9:37:00 AM,10:02:00 AM,73,1,1,griseocollis,Female,LIAPYC,,,
Nachusa2020_4290,8/7/2020,sanders_unit,3,CRD,9:37:00 AM,10:02:00 AM,73,1,1,griseocollis,Female,LIAPYC,,,
Nachusa2020_4291,8/7/2020,sanders_unit,3,CRD,9:37:00 AM,10:02:00 AM,73,1,1,griseocollis,Female,LIAPYC,,,
Nachusa2020_4292,8/7/2020,sanders_unit,3,CRD,9:37:00 AM,10:02:00 AM,73,1,1,griseocollis,Female,LIAPYC,,,
Nachusa2020_4293,8/7/2020,sanders_unit,3,CRD,9:37:00 AM,10:02:00 AM,73,1,1,griseocollis,Female,LIAPYC,,,
Nachusa2020_4294,8/7/2020,sanders_unit,3,CRD,9:37:00 AM,10:02:00 AM,73,1,1,griseocollis,Female,LIAPYC,,,
Nachusa2020_4295,8/7/2020,sanders_unit,3,CRD,9:37:00 AM,10:02:00 AM,73,1,1,impatiens,Female,ERIYUC,,,
Nachusa2020_4296,8/7/2020,sanders_unit,3,CRD,9:37:00 AM,10:02:00 AM,73,1,1,impatiens,Female,ERIYUC,,,
Nachusa2020_4297,8/7/2020,sanders_unit,3,CRD,9:37:00 AM,10:02:00 AM,73,1,1,impatiens,Female,ERIYUC,,,
Nachusa2020_4298,8/7/2020,sanders_unit,3,CRD,9:37:00 AM,10:02:00 AM,73,1,1,impatiens,Female,ERIYUC,,,
Nachusa2020_4299,8/7/2020,sanders_unit,3,CRD,9:37:00 AM,10:02:00 AM,73,1,1,impatiens,Female,ERIYUC,,,
Nachusa2020_4300,8/7/2020,sanders_unit,3,CRD,9:37:00 AM,10:02:00 AM,73,1,1,impatiens,Female,ERIYUC,,,
Nachusa2020_4301,8/7/2020,sanders_unit,3,CRD,9:37:00 AM,10:02:00 AM,73,1,1,impatiens,Female,ERIYUC,,,
Nachusa2020_4302,8/7/2020,sanders_unit,3,CRD,9:37:00 AM,10:02:00 AM,73,1,1,impatiens,Female,ERIYUC,,,
Nachusa2020_4303,8/7/2020,sanders_unit,3,CRD,9:37:00 AM,10:02:00 AM,73,1,1,impatiens,Female,ERIYUC,,,
Nachusa2020_4304,8/7/2020,sanders_unit,3,CRD,9:37:00 AM,10:02:00 AM,73,1,1,impatiens,Female,ERIYUC,,,
Nachusa2020_4305,8/7/2020,sanders_unit,3,CRD,9:37:00 AM,10:02:00 AM,73,1,1,impatiens,Female,ERIYUC,,,
Nachusa2020_4306,8/7/2020,sanders_unit,3,CRD,9:37:00 AM,10:02:00 AM,73,1,1,impatiens,Female,ERIYUC,,,
Nachusa2020_4307,8/7/2020,sanders_unit,3,CRD,9:37:00 AM,10:02:00 AM,73,1,1,impatiens,Female,ERIYUC,,,
Nachusa2020_4308,8/7/2020,sanders_unit,3,CRD,9:37:00 AM,10:02:00 AM,73,1,1,impatiens,Female,ERIYUC,,,
Nachusa2020_4309,8/7/2020,sanders_unit,3,CRD,9:37:00 AM,10:02:00 AM,73,1,1,impatiens,Female,ERIYUC,,,
Nachusa2020_4310,8/7/2020,sanders_unit,3,CRD,9:37:00 AM,10:02:00 AM,73,1,1,impatiens,Female,ERIYUC,,,
Nachusa2020_4311,8/7/2020,sanders_unit,3,CRD,9:37:00 AM,10:02:00 AM,73,1,1,impatiens,Female,ERIYUC,,,
Nachusa2020_4312,8/7/2020,sanders_unit,3,CRD,9:37:00 AM,10:02:00 AM,73,1,1,impatiens,Female,ERIYUC,,,
Nachusa2020_4313,8/7/2020,sanders_unit,3,CRD,9:37:00 AM,10:02:00 AM,73,1,1,impatiens,Female,ERIYUC,,,
Nachusa2020_4314,8/7/2020,sanders_unit,3,CRD,9:37:00 AM,10:02:00 AM,73,1,1,impatiens,Female,ERIYUC,,,
Nachusa2020_4315,8/7/2020,sanders_unit,3,CRD,9:37:00 AM,10:02:00 AM,73,1,1,impatiens,Female,ERIYUC,,,
Nachusa2020_4316,8/7/2020,sanders_unit,3,CRD,9:37:00 AM,10:02:00 AM,73,1,1,impatiens,Female,ERIYUC,,,
Nachusa2020_4317,8/7/2020,sanders_unit,3,CRD,9:37:00 AM,10:02:00 AM,73,1,1,impatiens,Female,ERIYUC,,,
Nachusa2020_4318,8/7/2020,sanders_unit,3,CRD,9:37:00 AM,10:02:00 AM,73,1,1,impatiens,Female,ERIYUC,,,
Nachusa2020_4319,8/7/2020,sanders_unit,3,CRD,9:37:00 AM,10:02:00 AM,73,1,1,impatiens,Female,ERIYUC,,,
Nachusa2020_4320,8/7/2020,sanders_unit,3,CRD,9:37:00 AM,10:02:00 AM,73,1,1,impatiens,Female,ERIYUC,,,
Nachusa2020_4321,8/7/2020,sanders_unit,3,CRD,9:37:00 AM,10:02:00 AM,73,1,1,impatiens,Female,ERIYUC,,,
Nachusa2020_4322,8/7/2020,sanders_unit,3,CRD,9:37:00 AM,10:02:00 AM,73,1,1,griseocollis,Female,ERIYUC,,,
Nachusa2020_4323,8/7/2020,sanders_unit,3,CRD,9:37:00 AM,10:02:00 AM,73,1,1,rufocinctus,Female,SILPER,,,
Nachusa2020_4324,8/7/2020,sanders_unit,3,CRD,9:37:00 AM,10:02:00 AM,73,1,1,rufocinctus,Female,SILPER,,,
Nachusa2020_4325,8/7/2020,sanders_unit,3,CRD,9:37:00 AM,10:02:00 AM,73,1,1,impatiens,Female,PYCTEN,,,
Nachusa2020_4326,8/7/2020,sanders_unit,3,CRD,9:37:00 AM,10:02:00 AM,73,1,1,impatiens,Female,PYCTEN,,,
Nachusa2020_4327,8/7/2020,sanders_unit,3,CRD,9:37:00 AM,10:02:00 AM,73,1,1,impatiens,Female,PYCTEN,,,
Nachusa2020_4328,8/7/2020,sanders_unit,3,CRD,9:37:00 AM,10:02:00 AM,73,1,1,impatiens,Female,PYCTEN,,,
Nachusa2020_4329,8/7/2020,sanders_unit,3,CRD,9:37:00 AM,10:02:00 AM,73,1,1,impatiens,Female,PYCTEN,,,
Nachusa2020_4330,8/7/2020,sanders_unit,3,CRD,9:37:00 AM,10:02:00 AM,73,1,1,impatiens,Female,PYCTEN,,,
Nachusa2020_4331,8/7/2020,sanders_unit,3,CRD,9:37:00 AM,10:02:00 AM,73,1,1,impatiens,Female,PYCTEN,,,
Nachusa2020_4332,8/7/2020,sanders_unit,3,CRD,9:37:00 AM,10:02:00 AM,73,1,1,rufocinctus,Female,PYCTEN,,,
Nachusa2020_4333,8/7/2020,sanders_unit,3,CRD,9:37:00 AM,10:02:00 AM,73,1,1,rufocinctus,Female,PYCTEN,,,
Nachusa2020_4334,8/7/2020,sanders_unit,3,CRD,9:37:00 AM,10:02:00 AM,73,1,1,griseocollis,Male,LIAPYC,,,
Nachusa2020_4335,8/7/2020,sanders_unit,3,CRD,9:37:00 AM,10:02:00 AM,73,1,1,impatiens,Female,LIAPYC,,,
Nachusa2020_4336,8/7/2020,sanders_unit,3,CRD,9:37:00 AM,10:02:00 AM,73,1,1,impatiens,Female,LIAPYC,,,
Nachusa2020_4337,8/7/2020,sanders_unit,3,CRD,9:37:00 AM,10:02:00 AM,73,1,1,rufocinctus,Female,LIAPYC,,,
Nachusa2020_4338,8/7/2020,sanders_unit,3,CRD,9:37:00 AM,10:02:00 AM,73,1,1,rufocinctus,Female,LIAPYC,,,
Nachusa2020_4339,8/7/2020,sanders_unit,3,CRD,9:37:00 AM,10:02:00 AM,73,1,1,rufocinctus,Female,LIAPYC,,,
Nachusa2020_4340,8/7/2020,sanders_unit,3,CRD,9:37:00 AM,10:02:00 AM,73,1,1,rufocinctus,Female,LIAPYC,,,
Nachusa2020_4341,8/7/2020,sanders_unit,3,CRD,9:37:00 AM,10:02:00 AM,73,1,1,griseocollis,Male,LIAPYC,,,
Nachusa2020_4342,8/7/2020,sanders_unit,3,CRD,9:37:00 AM,10:02:00 AM,73,1,1,impatiens,Female,LIAPYC,,,
Nachusa2020_4343,8/7/2020,sanders_unit,3,CRD,9:37:00 AM,10:02:00 AM,73,1,1,impatiens,Female,LIAPYC,,,
Nachusa2020_4344,8/7/2020,sanders_unit,3,CRD,9:37:00 AM,10:02:00 AM,73,1,1,pensylvanicus,Female,TRIPRA,,,photo
Nachusa2020_4345,8/7/2020,sanders_unit,3,CRD,9:37:00 AM,10:02:00 AM,73,1,1,rufocinctus,Male,LESCAP,,,perched
Nachusa2020_4346,8/7/2020,sanders_unit,3,CRD,9:37:00 AM,10:02:00 AM,73,1,1,rufocinctus,Male,LESCAP,,,perched
Nachusa2020_4347,8/7/2020,sanders_unit,3,CRD,9:37:00 AM,10:02:00 AM,73,1,1,rufocinctus,Male,LESCAP,,,perched
Nachusa2020_4348,8/7/2020,sanders_unit,3,CRD,9:37:00 AM,10:02:00 AM,73,1,1,griseocollis,Female,TRIPRA,,,
Nachusa2020_4349,8/7/2020,east_heinkel,3,CRD,11:02:00 AM,11:27:00 AM,76,1,1,impatiens,Female,TRIPRA,,,
Nachusa2020_4350,8/7/2020,east_heinkel,3,CRD,11:02:00 AM,11:27:00 AM,76,1,1,impatiens,Female,TRIPRA,,,
Nachusa2020_4351,8/7/2020,east_heinkel,3,CRD,11:02:00 AM,11:27:00 AM,76,1,1,impatiens,Female,TRIPRA,,,
Nachusa2020_4352,8/7/2020,east_heinkel,3,CRD,11:02:00 AM,11:27:00 AM,76,1,1,vagans,Female,TRIPRA,,,
Nachusa2020_4353,8/7/2020,east_heinkel,3,CRD,11:02:00 AM,11:27:00 AM,76,1,1,impatiens,Male,PYCTEN,,,
Nachusa2020_4354,8/7/2020,east_heinkel,3,CRD,11:02:00 AM,11:27:00 AM,76,1,1,impatiens,Female,MONFIS,,,
Nachusa2020_4355,8/7/2020,east_heinkel,3,CRD,11:02:00 AM,11:27:00 AM,76,1,1,pensylvanicus,Female,TRIPRA,,,photo
Nachusa2020_4356,8/7/2020,east_heinkel,3,CRD,11:02:00 AM,11:27:00 AM,76,1,1,pensylvanicus,Female,TRIPRA,,,photo
Nachusa2020_4357,8/7/2020,tellabs_center,3,CRD,2:05:00 PM,2:28:00 PM,78,1,1,rufocinctus,Male,PYCTEN,,,
Nachusa2020_4358,8/7/2020,tellabs_center,3,CRD,2:05:00 PM,2:28:00 PM,78,1,1,impatiens,Female,PYCTEN,,,
Nachusa2020_4359,8/7/2020,tellabs_center,3,CRD,2:05:00 PM,2:28:00 PM,78,1,1,griseocollis,Male,MONFIS,,,
Nachusa2020_4360,8/7/2020,tellabs_center,3,CRD,2:05:00 PM,2:28:00 PM,78,1,1,griseocollis,Male,MONFIS,,,
Nachusa2020_4361,8/7/2020,tellabs_center,3,CRD,2:05:00 PM,2:28:00 PM,78,1,1,griseocollis,Male,EUTPUR,,,
Nachusa2020_4362,8/7/2020,tellabs_center,3,CRD,2:05:00 PM,2:28:00 PM,78,1,1,griseocollis,Male,EUTPUR,,,
Nachusa2020_4363,8/7/2020,tellabs_center,3,CRD,2:05:00 PM,2:28:00 PM,78,1,1,griseocollis,Male,EUTPUR,,,
Nachusa2020_4364,8/7/2020,tellabs_center,3,CRD,2:05:00 PM,2:28:00 PM,78,1,1,citrinus,Female,EUTPUR,,,
Nachusa2020_4365,8/7/2020,tellabs_center,3,CRD,2:05:00 PM,2:28:00 PM,78,1,1,impatiens,Female,EUTPUR,,,
Nachusa2020_4366,8/7/2020,tellabs_center,3,CRD,2:05:00 PM,2:28:00 PM,78,1,1,bimaculatus,Female,MONFIS,,,
Nachusa2020_4367,8/7/2020,tellabs_center,3,CRD,2:05:00 PM,2:28:00 PM,78,1,1,impatiens,Female,DESCAN,,,
Nachusa2020_4368,8/7/2020,tellabs_center,3,CRD,2:05:00 PM,2:28:00 PM,78,1,1,griseocollis,Male,LIAPYC,,,
Nachusa2020_4369,8/7/2020,tellabs_center,3,CRD,2:05:00 PM,2:28:00 PM,78,1,1,griseocollis,Male,LIAPYC,,,
Nachusa2020_4370,8/7/2020,tellabs_west,3,CRD,2:57:00 PM,3:19:00 PM,80,1,1,griseocollis,Male,EUTPUR,,,
Nachusa2020_4371,8/7/2020,tellabs_west,3,CRD,2:57:00 PM,3:19:00 PM,80,1,1,griseocollis,Male,EUTPUR,,,
Nachusa2020_4372,8/7/2020,tellabs_west,3,CRD,2:57:00 PM,3:19:00 PM,80,1,1,griseocollis,Male,EUTPUR,,,
Nachusa2020_4373,8/7/2020,tellabs_west,3,CRD,2:57:00 PM,3:19:00 PM,80,1,1,impatiens,Male,EUTPUR,,,
Nachusa2020_4374,8/7/2020,tellabs_west,3,CRD,2:57:00 PM,3:19:00 PM,80,1,1,impatiens,Male,EUTPUR,,,
Nachusa2020_4375,8/7/2020,tellabs_west,3,CRD,2:57:00 PM,3:19:00 PM,80,1,1,impatiens,Male,EUTPUR,,,
Nachusa2020_4376,8/7/2020,tellabs_west,3,CRD,2:57:00 PM,3:19:00 PM,80,1,1,impatiens,Male,EUTPUR,,,
Nachusa2020_4377,8/7/2020,tellabs_west,3,CRD,2:57:00 PM,3:19:00 PM,80,1,1,impatiens,Male,EUTPUR,,,
Nachusa2020_4378,8/7/2020,tellabs_west,3,CRD,2:57:00 PM,3:19:00 PM,80,1,1,impatiens,Female,EUTPUR,,,
Nachusa2020_4379,8/7/2020,tellabs_west,3,CRD,2:57:00 PM,3:19:00 PM,80,1,1,impatiens,Female,EUTPUR,,,
Nachusa2020_4380,8/7/2020,tellabs_west,3,CRD,2:57:00 PM,3:19:00 PM,80,1,1,impatiens,Female,EUTPUR,,,
Nachusa2020_4381,8/7/2020,tellabs_west,3,CRD,2:57:00 PM,3:19:00 PM,80,1,1,impatiens,Female,EUTPUR,,,
Nachusa2020_4382,8/7/2020,tellabs_west,3,CRD,2:57:00 PM,3:19:00 PM,80,1,1,impatiens,Female,EUTPUR,,,
Nachusa2020_4383,8/7/2020,tellabs_west,3,CRD,2:57:00 PM,3:19:00 PM,80,1,1,impatiens,Female,EUTPUR,,,
Nachusa2020_4384,8/7/2020,tellabs_west,3,CRD,2:57:00 PM,3:19:00 PM,80,1,1,impatiens,Female,EUTPUR,,,
Nachusa2020_4385,8/7/2020,tellabs_west,3,CRD,2:57:00 PM,3:19:00 PM,80,1,1,impatiens,Female,EUTPUR,,,
Nachusa2020_4386,8/7/2020,tellabs_west,3,CRD,2:57:00 PM,3:19:00 PM,80,1,1,citrinus,Male,EUTPUR,,,
Nachusa2020_4387,8/7/2020,tellabs_west,3,CRD,2:57:00 PM,3:19:00 PM,80,1,1,citrinus,Male,EUTPUR,,,
Nachusa2020_4388,8/7/2020,tellabs_west,3,CRD,2:57:00 PM,3:19:00 PM,80,1,1,citrinus,Male,EUTPUR,,,
Nachusa2020_4389,8/7/2020,tellabs_west,3,CRD,2:57:00 PM,3:19:00 PM,80,1,1,citrinus,Male,EUTPUR,,,
Nachusa2020_4390,8/7/2020,tellabs_west,3,CRD,2:57:00 PM,3:19:00 PM,80,1,1,citrinus,Male,EUTPUR,,,
Nachusa2020_4391,8/7/2020,tellabs_west,3,CRD,2:57:00 PM,3:19:00 PM,80,1,1,citrinus,Male,EUTPUR,,,
Nachusa2020_4392,8/7/2020,tellabs_west,3,CRD,2:57:00 PM,3:19:00 PM,80,1,1,citrinus,Male,EUTPUR,,,
Nachusa2020_4393,8/7/2020,tellabs_west,3,CRD,2:57:00 PM,3:19:00 PM,80,1,1,citrinus,Male,EUTPUR,,,
Nachusa2020_4394,8/7/2020,tellabs_west,3,CRD,2:57:00 PM,3:19:00 PM,80,1,1,citrinus,Male,EUTPUR,,,
Nachusa2020_4395,8/7/2020,tellabs_west,3,CRD,2:57:00 PM,3:19:00 PM,80,1,1,citrinus,Male,EUTPUR,,,
Nachusa2020_4396,8/7/2020,tellabs_west,3,CRD,2:57:00 PM,3:19:00 PM,80,1,1,citrinus,Male,EUTPUR,,,
Nachusa2020_4397,8/7/2020,tellabs_west,3,CRD,2:57:00 PM,3:19:00 PM,80,1,1,citrinus,Male,EUTPUR,,,
Nachusa2020_4398,8/7/2020,tellabs_west,3,CRD,2:57:00 PM,3:19:00 PM,80,1,1,vagans,Male,EUTPUR,,,
Nachusa2020_4399,8/7/2020,tellabs_west,3,CRD,2:57:00 PM,3:19:00 PM,80,1,1,vagans,Male,EUTPUR,,,
Nachusa2020_4400,8/7/2020,tellabs_west,3,CRD,2:57:00 PM,3:19:00 PM,80,1,1,vagans,Male,EUTPUR,,,
Nachusa2020_4401,8/7/2020,tellabs_west,3,CRD,2:57:00 PM,3:19:00 PM,80,1,1,vagans,Male,EUTPUR,,,
Nachusa2020_4402,8/7/2020,tellabs_west,3,CRD,2:57:00 PM,3:19:00 PM,80,1,1,vagans,Female,EUTPUR,,,
Nachusa2020_4403,8/7/2020,tellabs_west,3,CRD,2:57:00 PM,3:19:00 PM,80,1,1,vagans,Female,EUTPUR,,,
Nachusa2020_4404,8/7/2020,tellabs_west,3,CRD,2:57:00 PM,3:19:00 PM,80,1,1,vagans,Female,EUTPUR,,,
Nachusa2020_4405,8/7/2020,tellabs_west,3,CRD,2:57:00 PM,3:19:00 PM,80,1,1,rufocinctus,Male,EUTPUR,,,
Nachusa2020_4406,8/7/2020,tellabs_west,3,CRD,2:57:00 PM,3:19:00 PM,80,1,1,rufocinctus,Male,EUTPUR,,,
Nachusa2020_4407,8/7/2020,tellabs_west,3,CRD,2:57:00 PM,3:19:00 PM,80,1,1,citrinus,Female,LIAPYC,,,
Nachusa2020_4408,8/10/2020,williams,3,CRD,9:55:00 AM,10:24:00 AM,79,2,2,impatiens,Female,VERSTR,,,
Nachusa2020_4409,8/10/2020,williams,3,CRD,9:55:00 AM,10:24:00 AM,79,2,2,rufocinctus,Female,CORTRI,,,photo
Nachusa2020_4410,8/10/2020,williams,3,CRD,9:55:00 AM,10:24:00 AM,79,2,2,auricomus,Male,CIRVUL,,,Perch; not in flower
Nachusa2020_4411,8/10/2020,williams,3,CRD,9:55:00 AM,10:24:00 AM,79,2,2,impatiens,Female,MONFIS,,,
Nachusa2020_4412,8/10/2020,williams,3,CRD,9:55:00 AM,10:24:00 AM,79,2,2,impatiens,Male,VERSTR,,,
Nachusa2020_4413,8/10/2020,williams,3,CRD,9:55:00 AM,10:24:00 AM,79,2,2,griseocollis,Male,MONFIS,,,
Nachusa2020_4414,8/10/2020,williams,3,CRD,9:55:00 AM,10:24:00 AM,79,2,2,rufocinctus,Male,HELGRO,,,perch; not in flower
Nachusa2020_4415,8/10/2020,williams,3,CRD,9:55:00 AM,10:24:00 AM,79,2,2,griseocollis,Female,PYCTEN,,,
Nachusa2020_4416,8/10/2020,williams,3,CRD,9:55:00 AM,10:24:00 AM,79,2,2,griseocollis,Female,PYCTEN,,,
Nachusa2020_4417,8/10/2020,williams,3,CRD,9:55:00 AM,10:24:00 AM,79,2,2,griseocollis,Female,PYCTEN,,,
Nachusa2020_4418,8/10/2020,williams,3,CRD,9:55:00 AM,10:24:00 AM,79,2,2,griseocollis,Female,PYCTEN,,,
Nachusa2020_4419,8/10/2020,williams,3,CRD,9:55:00 AM,10:24:00 AM,79,2,2,impatiens,Male,PYCTEN,,,
Nachusa2020_4420,8/10/2020,williams,3,CRD,9:55:00 AM,10:24:00 AM,79,2,2,impatiens,Female,PYCTEN,,,
Nachusa2020_4421,8/10/2020,williams,3,CRD,9:55:00 AM,10:24:00 AM,79,2,2,impatiens,Female,PYCTEN,,,
Nachusa2020_4422,8/10/2020,williams,3,CRD,9:55:00 AM,10:24:00 AM,79,2,2,impatiens,Female,PYCTEN,,,
Nachusa2020_4423,8/10/2020,williams,3,CRD,9:55:00 AM,10:24:00 AM,79,2,2,impatiens,Female,TRAOHI,,,
Nachusa2020_4424,8/10/2020,williams,3,CRD,9:55:00 AM,10:24:00 AM,79,2,2,impatiens,Female,MONPUN,,,
Nachusa2020_4425,8/10/2020,williams,3,CRD,9:55:00 AM,10:24:00 AM,79,2,2,rufocinctus,Female,SILTER,,,
Nachusa2020_4426,8/10/2020,holland_prairie_west,6,CRD,11:37:00 PM,11:57:00 PM,80,2,2,rufocinctus,Female,SILINT,,,
Nachusa2020_4427,8/10/2020,holland_prairie_west,6,CRD,11:37:00 PM,11:57:00 PM,80,2,2,rufocinctus,Female,SILINT,,,
Nachusa2020_4428,8/10/2020,holland_prairie_west,6,CRD,11:37:00 PM,11:57:00 PM,80,2,2,rufocinctus,Female,SILINT,,,
Nachusa2020_4429,8/10/2020,holland_prairie_west,6,CRD,11:37:00 PM,11:57:00 PM,80,2,2,rufocinctus,Female,SILINT,,,
Nachusa2020_4430,8/10/2020,holland_prairie_west,6,CRD,11:37:00 PM,11:57:00 PM,80,2,2,rufocinctus,Female,SILINT,,,
Nachusa2020_4431,8/10/2020,holland_prairie_west,6,CRD,11:37:00 PM,11:57:00 PM,80,2,2,rufocinctus,Female,SILINT,,,
Nachusa2020_4432,8/10/2020,holland_prairie_west,6,CRD,11:37:00 PM,11:57:00 PM,80,2,2,rufocinctus,Female,SILINT,,,
Nachusa2020_4433,8/10/2020,holland_prairie_west,6,CRD,11:37:00 PM,11:57:00 PM,80,2,2,griseocollis,Male,SILINT,,,
Nachusa2020_4434,8/10/2020,holland_prairie_west,6,CRD,11:37:00 PM,11:57:00 PM,80,2,2,impatiens,Female,SILINT,,,
Nachusa2020_4435,8/10/2020,holland_prairie_west,6,CRD,11:37:00 PM,11:57:00 PM,80,2,2,impatiens,Female,SILINT,,,
Nachusa2020_4436,8/10/2020,holland_prairie_west,6,CRD,11:37:00 PM,11:57:00 PM,80,2,2,impatiens,Female,SILINT,,,
Nachusa2020_4437,8/10/2020,holland_prairie_west,6,CRD,11:37:00 PM,11:57:00 PM,80,2,2,impatiens,Female,SILINT,,,
Nachusa2020_4438,8/10/2020,holland_prairie_west,6,CRD,11:37:00 PM,11:57:00 PM,80,2,2,impatiens,Female,SILINT,,,
Nachusa2020_4439,8/10/2020,holland_prairie_west,6,CRD,11:37:00 PM,11:57:00 PM,80,2,2,impatiens,Female,SILINT,,,
Nachusa2020_4440,8/10/2020,holland_prairie_west,6,CRD,11:37:00 PM,11:57:00 PM,80,2,2,impatiens,Female,SILINT,,,
Nachusa2020_4441,8/10/2020,holland_prairie_west,6,CRD,11:37:00 PM,11:57:00 PM,80,2,2,impatiens,Female,SILINT,,,
Nachusa2020_4442,8/10/2020,holland_prairie_west,6,CRD,11:37:00 PM,11:57:00 PM,80,2,2,impatiens,Female,SILINT,,,
Nachusa2020_4443,8/10/2020,holland_prairie_west,6,CRD,11:37:00 PM,11:57:00 PM,80,2,2,impatiens,Female,SILINT,,,
Nachusa2020_4444,8/10/2020,holland_prairie_west,6,CRD,11:37:00 PM,11:57:00 PM,80,2,2,impatiens,Female,SILINT,,,
Nachusa2020_4445,8/10/2020,holland_prairie_west,6,CRD,11:37:00 PM,11:57:00 PM,80,2,2,griseocollis,Female,SILINT,,,
Nachusa2020_4446,8/10/2020,holland_prairie_west,6,CRD,11:37:00 PM,11:57:00 PM,80,2,2,impatiens,Female,MONFIS,,,
Nachusa2020_4447,8/10/2020,holland_prairie_west,6,CRD,11:37:00 PM,11:57:00 PM,80,2,2,impatiens,Female,MONFIS,,,
Nachusa2020_4448,8/10/2020,holland_prairie_west,6,CRD,11:37:00 PM,11:57:00 PM,80,2,2,vagans,Female,MONFIS,,,
Nachusa2020_4449,8/10/2020,holland_prairie_west,6,CRD,11:37:00 PM,11:57:00 PM,80,2,2,fervidus,Female,ASTCAN,,,
Nachusa2020_4450,8/10/2020,holland_prairie_west,6,CRD,11:37:00 PM,11:57:00 PM,80,2,2,griseocollis,Male,MONFIS,,,
Nachusa2020_4451,8/10/2020,holland_prairie_west,6,CRD,11:37:00 PM,11:57:00 PM,80,2,2,rufocinctus,Male,CORTRI,,,
Nachusa2020_4452,8/10/2020,gobbler_ridge,3,CRD,12:32:00 PM,12:54:00 PM,84,2,2,griseocollis,Female,LESCAP,,,
Nachusa2020_4453,8/10/2020,gobbler_ridge,3,CRD,12:32:00 PM,12:54:00 PM,84,2,2,griseocollis,Female,LESCAP,,,
Nachusa2020_4454,8/10/2020,gobbler_ridge,3,CRD,12:32:00 PM,12:54:00 PM,84,2,2,impatiens,Female,LESCAP,,,
Nachusa2020_4455,8/10/2020,gobbler_ridge,3,CRD,12:32:00 PM,12:54:00 PM,84,2,2,impatiens,Female,LESCAP,,,
Nachusa2020_4456,8/10/2020,gobbler_ridge,3,CRD,12:32:00 PM,12:54:00 PM,84,2,2,griseocollis,Female,MONFIS,,,
Nachusa2020_4457,8/10/2020,gobbler_ridge,3,CRD,12:32:00 PM,12:54:00 PM,84,2,2,griseocollis,Female,MONFIS,,,
Nachusa2020_4458,8/10/2020,gobbler_ridge,3,CRD,12:32:00 PM,12:54:00 PM,84,2,2,griseocollis,Male,MONFIS,,,
Nachusa2020_4459,8/10/2020,gobbler_ridge,3,CRD,12:32:00 PM,12:54:00 PM,84,2,2,griseocollis,Male,MONFIS,,,
Nachusa2020_4460,8/10/2020,gobbler_ridge,3,CRD,12:32:00 PM,12:54:00 PM,84,2,2,griseocollis,Male,MONFIS,,,
Nachusa2020_4461,8/10/2020,gobbler_ridge,3,CRD,12:32:00 PM,12:54:00 PM,84,2,2,impatiens,Female,MONFIS,,,
Nachusa2020_4462,8/10/2020,gobbler_ridge,3,CRD,12:32:00 PM,12:54:00 PM,84,2,2,auricomus,Male,RATPIN,,,perched
Nachusa2020_4463,8/10/2020,gobbler_ridge,3,CRD,12:32:00 PM,12:54:00 PM,84,2,2,rufocinctus,Female,ALLCER,,,
Nachusa2020_4464,8/10/2020,gobbler_ridge,3,CRD,12:32:00 PM,12:54:00 PM,84,2,2,rufocinctus,Female,ALLCER,,,
Nachusa2020_4465,8/10/2020,gobbler_ridge,3,CRD,12:32:00 PM,12:54:00 PM,84,2,2,auricomus,Male,None,,,hovering
Nachusa2020_4466,8/10/2020,clear_creek_knolls,4,CRD,1:24:00 PM,1:48 PM,84,2,2,impatiens,Female,PYCTEN,,,
Nachusa2020_4467,8/10/2020,clear_creek_knolls,4,CRD,1:24:00 PM,1:48 PM,84,2,2,impatiens,Female,PYCTEN,,,
Nachusa2020_4468,8/10/2020,clear_creek_knolls,4,CRD,1:24:00 PM,1:48 PM,84,2,2,impatiens,Female,PYCTEN,,,
Nachusa2020_4469,8/10/2020,clear_creek_knolls,4,CRD,1:24:00 PM,1:48 PM,84,2,2,impatiens,Female,PYCTEN,,,
Nachusa2020_4470,8/10/2020,clear_creek_knolls,4,CRD,1:24:00 PM,1:48 PM,84,2,2,impatiens,Female,PYCTEN,,,
Nachusa2020_4471,8/10/2020,clear_creek_knolls,4,CRD,1:24:00 PM,1:48 PM,84,2,2,impatiens,Female,PYCTEN,,,
Nachusa2020_4472,8/10/2020,clear_creek_knolls,4,CRD,1:24:00 PM,1:48 PM,84,2,2,impatiens,Female,PYCTEN,,,
Nachusa2020_4473,8/10/2020,clear_creek_knolls,4,CRD,1:24:00 PM,1:48 PM,84,2,2,griseocollis,Female,PYCTEN,,,
Nachusa2020_4474,8/10/2020,clear_creek_knolls,4,CRD,1:24:00 PM,1:48 PM,84,2,2,griseocollis,Female,PYCTEN,,,
Nachusa2020_4475,8/10/2020,clear_creek_knolls,4,CRD,1:24:00 PM,1:48 PM,84,2,2,griseocollis,Female,PYCTEN,,,
Nachusa2020_4476,8/10/2020,clear_creek_knolls,4,CRD,1:24:00 PM,1:48 PM,84,2,2,griseocollis,Female,LIAPYC,,,
Nachusa2020_4477,8/10/2020,clear_creek_knolls,4,CRD,1:24:00 PM,1:48 PM,84,2,2,griseocollis,Female,LIAPYC,,,
Nachusa2020_4478,8/10/2020,clear_creek_knolls,4,CRD,1:24:00 PM,1:48 PM,84,2,2,griseocollis,Female,LIAPYC,,,
Nachusa2020_4479,8/10/2020,clear_creek_knolls,4,CRD,1:24:00 PM,1:48 PM,84,2,2,griseocollis,Female,LIAPYC,,,
Nachusa2020_4480,8/10/2020,clear_creek_knolls,4,CRD,1:24:00 PM,1:48 PM,84,2,2,griseocollis,Female,LIAPYC,,,
Nachusa2020_4481,8/10/2020,clear_creek_knolls,4,CRD,1:24:00 PM,1:48 PM,84,2,2,griseocollis,Female,LIAPYC,,,
Nachusa2020_4482,8/10/2020,clear_creek_knolls,4,CRD,1:24:00 PM,1:48 PM,84,2,2,impatiens,Female,ERIYUC,,,
Nachusa2020_4483,8/10/2020,clear_creek_knolls,4,CRD,1:24:00 PM,1:48 PM,84,2,2,impatiens,Female,ERIYUC,,,
Nachusa2020_4484,8/10/2020,clear_creek_knolls,4,CRD,1:24:00 PM,1:48 PM,84,2,2,impatiens,Female,ERIYUC,,,
Nachusa2020_4485,8/10/2020,clear_creek_knolls,4,CRD,1:24:00 PM,1:48 PM,84,2,2,impatiens,Female,ERIYUC,,,
Nachusa2020_4486,8/10/2020,clear_creek_knolls,4,CRD,1:24:00 PM,1:48 PM,84,2,2,impatiens,Female,ERIYUC,,,
Nachusa2020_4487,8/10/2020,clear_creek_knolls,4,CRD,1:24:00 PM,1:48 PM,84,2,2,impatiens,Female,ERIYUC,,,
Nachusa2020_4488,8/10/2020,clear_creek_knolls,4,CRD,1:24:00 PM,1:48 PM,84,2,2,impatiens,Female,ERIYUC,,,
Nachusa2020_4489,8/10/2020,clear_creek_knolls,4,CRD,1:24:00 PM,1:48 PM,84,2,2,impatiens,Female,LIAPYC,,,
Nachusa2020_4490,8/10/2020,clear_creek_knolls,4,CRD,1:24:00 PM,1:48 PM,84,2,2,impatiens,Female,LIAPYC,,,
Nachusa2020_4491,8/10/2020,clear_creek_knolls,4,CRD,1:24:00 PM,1:48 PM,84,2,2,impatiens,Female,LIAPYC,,,
Nachusa2020_4492,8/10/2020,clear_creek_knolls,4,CRD,1:24:00 PM,1:48 PM,84,2,2,impatiens,Female,LIAPYC,,,
Nachusa2020_4493,8/10/2020,clear_creek_knolls,4,CRD,1:24:00 PM,1:48 PM,84,2,2,impatiens,Female,LIAPYC,,,
Nachusa2020_4494,8/10/2020,clear_creek_knolls,4,CRD,1:24:00 PM,1:48 PM,84,2,2,impatiens,Female,LIAPYC,,,
Nachusa2020_4495,8/10/2020,clear_creek_knolls,4,CRD,1:24:00 PM,1:48 PM,84,2,2,impatiens,Female,LIAPYC,,,
Nachusa2020_4496,8/10/2020,clear_creek_knolls,4,CRD,1:24:00 PM,1:48 PM,84,2,2,impatiens,Female,LIAPYC,,,
Nachusa2020_4497,8/10/2020,clear_creek_knolls,4,CRD,1:24:00 PM,1:48 PM,84,2,2,impatiens,Female,LIAPYC,,,
Nachusa2020_4498,8/10/2020,clear_creek_knolls,4,CRD,1:24:00 PM,1:48 PM,84,2,2,impatiens,Female,LIAPYC,,,
Nachusa2020_4499,8/10/2020,clear_creek_knolls,4,CRD,1:24:00 PM,1:48 PM,84,2,2,impatiens,Female,LIAPYC,,,
Nachusa2020_4500,8/10/2020,clear_creek_knolls,4,CRD,1:24:00 PM,1:48 PM,84,2,2,impatiens,Female,LIAPYC,,,
Nachusa2020_4501,8/10/2020,clear_creek_knolls,4,CRD,1:24:00 PM,1:48 PM,84,2,2,impatiens,Female,LIAPYC,,,
Nachusa2020_4502,8/10/2020,clear_creek_knolls,4,CRD,1:24:00 PM,1:48 PM,84,2,2,impatiens,Female,LIAPYC,,,
Nachusa2020_4503,8/10/2020,clear_creek_knolls,4,CRD,1:24:00 PM,1:48 PM,84,2,2,impatiens,Female,LIAPYC,,,
Nachusa2020_4504,8/10/2020,clear_creek_knolls,4,CRD,1:24:00 PM,1:48 PM,84,2,2,impatiens,Female,LIAPYC,,,
Nachusa2020_4505,8/10/2020,clear_creek_knolls,4,CRD,1:24:00 PM,1:48 PM,84,2,2,impatiens,Female,LIAPYC,,,
Nachusa2020_4506,8/10/2020,clear_creek_knolls,4,CRD,1:24:00 PM,1:48 PM,84,2,2,impatiens,Female,LIAPYC,,,
Nachusa2020_4507,8/10/2020,clear_creek_knolls,4,CRD,1:24:00 PM,1:48 PM,84,2,2,impatiens,Female,LIAPYC,,,
Nachusa2020_4508,8/10/2020,clear_creek_knolls,4,CRD,1:24:00 PM,1:48 PM,84,2,2,impatiens,Female,LIAPYC,,,
Nachusa2020_4509,8/10/2020,clear_creek_knolls,4,CRD,1:24:00 PM,1:48 PM,84,2,2,griseocollis,Male,LIAPYC,,,
Nachusa2020_4510,8/10/2020,clear_creek_knolls,4,CRD,1:24:00 PM,1:48 PM,84,2,2,griseocollis,Male,LIAPYC,,,
Nachusa2020_4511,8/10/2020,clear_creek_knolls,4,CRD,1:24:00 PM,1:48 PM,84,2,2,griseocollis,Male,LIAPYC,,,
Nachusa2020_4512,8/10/2020,clear_creek_knolls,4,CRD,1:24:00 PM,1:48 PM,84,2,2,griseocollis,Male,LIAPYC,,,
Nachusa2020_4513,8/10/2020,clear_creek_knolls,4,CRD,1:24:00 PM,1:48 PM,84,2,2,griseocollis,Male,LIAPYC,,,
Nachusa2020_4514,8/10/2020,clear_creek_knolls,4,CRD,1:24:00 PM,1:48 PM,84,2,2,griseocollis,Male,LIAPYC,,,
Nachusa2020_4515,8/10/2020,clear_creek_knolls,4,CRD,1:24:00 PM,1:48 PM,84,2,2,griseocollis,Male,LIAPYC,,,
Nachusa2020_4516,8/10/2020,clear_creek_knolls,4,CRD,1:24:00 PM,1:48 PM,84,2,2,griseocollis,Male,LIAPYC,,,
Nachusa2020_4517,8/10/2020,clear_creek_knolls,4,CRD,1:24:00 PM,1:48 PM,84,2,2,griseocollis,Male,LIAPYC,,,
Nachusa2020_4518,8/10/2020,clear_creek_knolls,4,CRD,1:24:00 PM,1:48 PM,84,2,2,griseocollis,Male,LIAPYC,,,
Nachusa2020_4519,8/10/2020,clear_creek_knolls,4,CRD,1:24:00 PM,1:48 PM,84,2,2,griseocollis,Male,LIAPYC,,,
Nachusa2020_4520,8/10/2020,clear_creek_knolls,4,CRD,1:24:00 PM,1:48 PM,84,2,2,griseocollis,Male,LIAPYC,,,
Nachusa2020_4521,8/10/2020,clear_creek_knolls,4,CRD,1:24:00 PM,1:48 PM,84,2,2,rufocinctus,Female,PYCTEN,,,
Nachusa2020_4522,8/10/2020,clear_creek_knolls,4,CRD,1:24:00 PM,1:48 PM,84,2,2,rufocinctus,Female,PYCTEN,,,
Nachusa2020_4523,8/10/2020,clear_creek_knolls,4,CRD,1:24:00 PM,1:48 PM,84,2,2,rufocinctus,Male,SILLAN,,,
Nachusa2020_4524,8/10/2020,clear_creek_knolls,4,CRD,1:24:00 PM,1:48 PM,84,2,2,rufocinctus,Male,PYCTEN,,,
Nachusa2020_4525,8/10/2020,clear_creek_knolls,4,CRD,1:24:00 PM,1:48 PM,84,2,2,impatiens,Female,SILINT,,,
Nachusa2020_4526,8/10/2020,clear_creek_knolls,4,CRD,1:24:00 PM,1:48 PM,84,2,2,impatiens,Female,SILINT,,,
Nachusa2020_4527,8/10/2020,clear_creek_knolls,4,CRD,1:24:00 PM,1:48 PM,84,2,2,rufocinctus,Female,LIAPYC,,,
Nachusa2020_4528,8/10/2020,clear_creek_knolls,4,CRD,1:24:00 PM,1:48 PM,84,2,2,impatiens,Male,LIAPYC,,,
Nachusa2020_4529,8/10/2020,clear_creek_knolls,4,CRD,1:24:00 PM,1:48 PM,84,2,2,impatiens,Male,LIAPYC,,,
Nachusa2020_4530,8/11/2020,holland_prairie_west,7,CRD,10:20:00 PM,10:42:00 PM,73,1,1,griseocollis,Male,MONFIS,,,
Nachusa2020_4531,8/11/2020,holland_prairie_west,7,CRD,10:20:00 PM,10:42:00 PM,73,1,1,griseocollis,Male,MONFIS,,,
Nachusa2020_4532,8/11/2020,holland_prairie_west,7,CRD,10:20:00 PM,10:42:00 PM,73,1,1,griseocollis,Male,MONFIS,,,
Nachusa2020_4533,8/11/2020,holland_prairie_west,7,CRD,10:20:00 PM,10:42:00 PM,73,1,1,impatiens,Female,SILINT,,,
Nachusa2020_4534,8/11/2020,holland_prairie_west,7,CRD,10:20:00 PM,10:42:00 PM,73,1,1,impatiens,Female,SILINT,,,
Nachusa2020_4535,8/11/2020,holland_prairie_west,7,CRD,10:20:00 PM,10:42:00 PM,73,1,1,impatiens,Female,SILINT,,,
Nachusa2020_4536,8/11/2020,holland_prairie_west,7,CRD,10:20:00 PM,10:42:00 PM,73,1,1,impatiens,Female,SILINT,,,
Nachusa2020_4537,8/11/2020,holland_prairie_west,7,CRD,10:20:00 PM,10:42:00 PM,73,1,1,impatiens,Female,SILINT,,,
Nachusa2020_4538,8/11/2020,holland_prairie_west,7,CRD,10:20:00 PM,10:42:00 PM,73,1,1,impatiens,Female,SILINT,,,
Nachusa2020_4539,8/11/2020,holland_prairie_west,7,CRD,10:20:00 PM,10:42:00 PM,73,1,1,impatiens,Female,SILINT,,,
Nachusa2020_4540,8/11/2020,holland_prairie_west,7,CRD,10:20:00 PM,10:42:00 PM,73,1,1,impatiens,Female,SILINT,,,
Nachusa2020_4541,8/11/2020,holland_prairie_west,7,CRD,10:20:00 PM,10:42:00 PM,73,1,1,impatiens,Female,SILINT,,,
Nachusa2020_4542,8/11/2020,holland_prairie_west,7,CRD,10:20:00 PM,10:42:00 PM,73,1,1,impatiens,Female,SILINT,,,
Nachusa2020_4543,8/11/2020,holland_prairie_west,7,CRD,10:20:00 PM,10:42:00 PM,73,1,1,impatiens,Female,SILINT,,,
Nachusa2020_4544,8/11/2020,holland_prairie_west,7,CRD,10:20:00 PM,10:42:00 PM,73,1,1,impatiens,Female,SILINT,,,
Nachusa2020_4545,8/11/2020,holland_prairie_west,7,CRD,10:20:00 PM,10:42:00 PM,73,1,1,impatiens,Female,SILINT,,,
Nachusa2020_4546,8/11/2020,holland_prairie_west,7,CRD,10:20:00 PM,10:42:00 PM,73,1,1,rufocinctus,Female,SILINT,,,
Nachusa2020_4547,8/11/2020,holland_prairie_west,7,CRD,10:20:00 PM,10:42:00 PM,73,1,1,impatiens,Female,SILLAN,,,
Nachusa2020_4548,8/11/2020,holland_prairie_west,7,CRD,10:20:00 PM,10:42:00 PM,73,1,1,impatiens,Female,SILLAN,,,
Nachusa2020_4549,8/11/2020,holland_prairie_west,7,CRD,10:20:00 PM,10:42:00 PM,73,1,1,impatiens,Female,SILLAN,,,
Nachusa2020_4550,8/11/2020,holland_prairie_west,7,CRD,10:20:00 PM,10:42:00 PM,73,1,1,griseocollis,Male,SILLAN,,,
Nachusa2020_4551,8/11/2020,holland_prairie_west,7,CRD,10:20:00 PM,10:42:00 PM,73,1,1,griseocollis,Male,SILLAN,,,
Nachusa2020_4552,8/11/2020,holland_prairie_west,7,CRD,10:20:00 PM,10:42:00 PM,73,1,1,impatiens,Female,SILTER,,,
Nachusa2020_4553,8/11/2020,holland_prairie_west,7,CRD,10:20:00 PM,10:42:00 PM,73,1,1,impatiens,Female,SILTER,,,
Nachusa2020_4554,8/11/2020,holland_prairie_west,7,CRD,10:20:00 PM,10:42:00 PM,73,1,1,impatiens,Female,SILTER,,,
Nachusa2020_4555,8/11/2020,holland_prairie_west,7,CRD,10:20:00 PM,10:42:00 PM,73,1,1,impatiens,Female,SILTER,,,
Nachusa2020_4556,8/11/2020,holland_prairie_west,7,CRD,10:20:00 PM,10:42:00 PM,73,1,1,impatiens,Female,SILTER,,,
Nachusa2020_4557,8/11/2020,holland_prairie_west,7,CRD,10:20:00 PM,10:42:00 PM,73,1,1,impatiens,Female,SILTER,,,
Nachusa2020_4558,8/11/2020,holland_prairie_west,7,CRD,10:20:00 PM,10:42:00 PM,73,1,1,griseocollis,Male,SILINT,,,
Nachusa2020_4559,8/11/2020,holland_prairie_west,7,CRD,10:20:00 PM,10:42:00 PM,73,1,1,griseocollis,Male,SILPER,,,
Nachusa2020_4560,8/11/2020,holland_prairie_west,7,CRD,10:20:00 PM,10:42:00 PM,73,1,1,impatiens,Female,SILPER,,,
Nachusa2020_4561,8/11/2020,holland_prairie_west,7,CRD,10:20:00 PM,10:42:00 PM,73,1,1,rufocinctus,Male,SILPER,,,
Nachusa2020_4562,8/11/2020,holland_prairie_west,7,CRD,10:20:00 PM,10:42:00 PM,73,1,1,impatiens,Male,SILTER,,,
Nachusa2020_4563,8/11/2020,holland_prairie_west,7,CRD,10:20:00 PM,10:42:00 PM,73,1,1,vagans,Female,MONFIS,,,
Nachusa2020_4564,8/11/2020,holland_prairie_west,7,CRD,10:20:00 PM,10:42:00 PM,73,1,1,griseocollis,Female,MONFIS,,,
Nachusa2020_4565,8/11/2020,holland_prairie_west,7,CRD,10:20:00 PM,10:42:00 PM,73,1,1,rufocinctus,Male,SILTER,,,
Nachusa2020_4566,8/11/2020,holland_prairie_west,7,CRD,10:20:00 PM,10:42:00 PM,73,1,1,rufocinctus,Male,SILPER,,,
Nachusa2020_4567,8/11/2020,holland_prairie_west,7,CRD,10:20:00 PM,10:42:00 PM,73,1,1,griseocollis,Female,SILTER,,,
Nachusa2020_4568,8/11/2020,doug_dot_unit,5,CRD,11:26:00 AM,11:50:00 AM,75,1,1,griseocollis,Male,MONFIS,,,
Nachusa2020_4569,8/11/2020,doug_dot_unit,5,CRD,11:26:00 AM,11:50:00 AM,75,1,1,griseocollis,Male,MONFIS,,,
Nachusa2020_4570,8/11/2020,doug_dot_unit,5,CRD,11:26:00 AM,11:50:00 AM,75,1,1,griseocollis,Male,MONFIS,,,
Nachusa2020_4571,8/11/2020,doug_dot_unit,5,CRD,11:26:00 AM,11:50:00 AM,75,1,1,griseocollis,Male,MONFIS,,,
Nachusa2020_4572,8/11/2020,doug_dot_unit,5,CRD,11:26:00 AM,11:50:00 AM,75,1,1,impatiens,Female,MONFIS,,,
Nachusa2020_4573,8/11/2020,doug_dot_unit,5,CRD,11:26:00 AM,11:50:00 AM,75,1,1,impatiens,Female,MONFIS,,,
Nachusa2020_4574,8/11/2020,doug_dot_unit,5,CRD,11:26:00 AM,11:50:00 AM,75,1,1,impatiens,Female,MONFIS,,,
Nachusa2020_4575,8/11/2020,doug_dot_unit,5,CRD,11:26:00 AM,11:50:00 AM,75,1,1,impatiens,Female,MONFIS,,,
Nachusa2020_4576,8/11/2020,doug_dot_unit,5,CRD,11:26:00 AM,11:50:00 AM,75,1,1,impatiens,Female,MONFIS,,,
Nachusa2020_4577,8/11/2020,doug_dot_unit,5,CRD,11:26:00 AM,11:50:00 AM,75,1,1,auricomus,Female,MONFIS,,,
Nachusa2020_4578,8/11/2020,doug_dot_unit,5,CRD,11:26:00 AM,11:50:00 AM,75,1,1,auricomus,Female,MONFIS,,,
Nachusa2020_4579,8/11/2020,doug_dot_unit,5,CRD,11:26:00 AM,11:50:00 AM,75,1,1,auricomus,Female,MONFIS,,,
Nachusa2020_4580,8/11/2020,doug_dot_unit,5,CRD,11:26:00 AM,11:50:00 AM,75,1,1,auricomus,Female,MONFIS,,,
Nachusa2020_4581,8/11/2020,doug_dot_unit,5,CRD,11:26:00 AM,11:50:00 AM,75,1,1,auricomus,Female,MONFIS,,,
Nachusa2020_4582,8/11/2020,doug_dot_unit,5,CRD,11:26:00 AM,11:50:00 AM,75,1,1,auricomus,Female,MONFIS,,,
Nachusa2020_4583,8/11/2020,doug_dot_unit,5,CRD,11:26:00 AM,11:50:00 AM,75,1,1,auricomus,Female,MONFIS,,,
Nachusa2020_4584,8/11/2020,doug_dot_unit,5,CRD,11:26:00 AM,11:50:00 AM,75,1,1,auricomus,Female,MONFIS,,,
Nachusa2020_4585,8/11/2020,doug_dot_unit,5,CRD,11:26:00 AM,11:50:00 AM,75,1,1,auricomus,Female,MONFIS,,,
Nachusa2020_4586,8/11/2020,doug_dot_unit,5,CRD,11:26:00 AM,11:50:00 AM,75,1,1,auricomus,Female,MONFIS,,,
Nachusa2020_4587,8/11/2020,doug_dot_unit,5,CRD,11:26:00 AM,11:50:00 AM,75,1,1,griseocollis,Female,MONFIS,,,
Nachusa2020_4588,8/11/2020,doug_dot_unit,5,CRD,11:26:00 AM,11:50:00 AM,75,1,1,griseocollis,Female,MONFIS,,,
Nachusa2020_4589,8/11/2020,doug_dot_unit,5,CRD,11:26:00 AM,11:50:00 AM,75,1,1,griseocollis,Female,MONFIS,,,
Nachusa2020_4590,8/11/2020,doug_dot_unit,5,CRD,11:26:00 AM,11:50:00 AM,75,1,1,griseocollis,Female,MONFIS,,,
Nachusa2020_4591,8/11/2020,doug_dot_unit,5,CRD,11:26:00 AM,11:50:00 AM,75,1,1,griseocollis,Female,MONFIS,,,
Nachusa2020_4592,8/11/2020,doug_dot_unit,5,CRD,11:26:00 AM,11:50:00 AM,75,1,1,griseocollis,Female,MONFIS,,,
Nachusa2020_4593,8/11/2020,doug_dot_unit,5,CRD,11:26:00 AM,11:50:00 AM,75,1,1,griseocollis,Female,MONFIS,,,
Nachusa2020_4594,8/11/2020,doug_dot_unit,5,CRD,11:26:00 AM,11:50:00 AM,75,1,1,griseocollis,Female,MONFIS,,,
Nachusa2020_4595,8/11/2020,doug_dot_unit,5,CRD,11:26:00 AM,11:50:00 AM,75,1,1,griseocollis,Female,MONFIS,,,
Nachusa2020_4596,8/11/2020,doug_dot_unit,5,CRD,11:26:00 AM,11:50:00 AM,75,1,1,griseocollis,Female,MONFIS,,,
Nachusa2020_4597,8/11/2020,doug_dot_unit,5,CRD,11:26:00 AM,11:50:00 AM,75,1,1,griseocollis,Female,MONFIS,,,
Nachusa2020_4598,8/11/2020,doug_dot_unit,5,CRD,11:26:00 AM,11:50:00 AM,75,1,1,impatiens,Female,EUTMAC,,,
Nachusa2020_4599,8/11/2020,doug_dot_unit,5,CRD,11:26:00 AM,11:50:00 AM,75,1,1,impatiens,Female,EUTMAC,,,
Nachusa2020_4600,8/11/2020,doug_dot_unit,5,CRD,11:26:00 AM,11:50:00 AM,75,1,1,impatiens,Female,EUTMAC,,,
Nachusa2020_4601,8/11/2020,doug_dot_unit,5,CRD,11:26:00 AM,11:50:00 AM,75,1,1,impatiens,Female,EUTMAC,,,
Nachusa2020_4602,8/11/2020,doug_dot_unit,5,CRD,11:26:00 AM,11:50:00 AM,75,1,1,impatiens,Female,EUTMAC,,,
Nachusa2020_4603,8/11/2020,doug_dot_unit,5,CRD,11:26:00 AM,11:50:00 AM,75,1,1,rufocinctus,Male,EUTMAC,,,
Nachusa2020_4604,8/11/2020,doug_dot_unit,5,CRD,11:26:00 AM,11:50:00 AM,75,1,1,rufocinctus,Male,SILPER,,,
Nachusa2020_4605,8/11/2020,doug_dot_unit,5,CRD,11:26:00 AM,11:50:00 AM,75,1,1,impatiens,Female,SILPER,,,
Nachusa2020_4606,8/11/2020,doug_dot_unit,5,CRD,11:26:00 AM,11:50:00 AM,75,1,1,vagans,Female,MONFIS,,,
Nachusa2020_4607,8/11/2020,doug_dot_unit,5,CRD,11:26:00 AM,11:50:00 AM,75,1,1,auricomus,Male,MONFIS,,,
Nachusa2020_4608,8/11/2020,doug_dot_unit,5,CRD,11:26:00 AM,11:50:00 AM,75,1,1,auricomus,Female,MONFIS,,,
Nachusa2020_4609,8/11/2020,doug_dot_unit,5,CRD,11:26:00 AM,11:50:00 AM,75,1,1,fervidus,Female,MONFIS,,,
Nachusa2020_4610,8/11/2020,doug_dot_unit,5,CRD,11:26:00 AM,11:50:00 AM,75,1,1,fervidus,Female,LIAPYC,,,
Nachusa2020_4611,8/11/2020,big_woods,4,CRD,12:51:00 PM,1:16:00 PM,77,1,1,rufocinctus,Male,LIAPYC,,,
Nachusa2020_4612,8/11/2020,big_woods,4,CRD,12:51:00 PM,1:16:00 PM,77,1,1,griseocollis,Female,MONFIS,,,
Nachusa2020_4613,8/11/2020,big_woods,4,CRD,12:51:00 PM,1:16:00 PM,77,1,1,griseocollis,Male,MONFIS,,,
Nachusa2020_4614,8/11/2020,big_woods,4,CRD,12:51:00 PM,1:16:00 PM,77,1,1,griseocollis,Male,MONFIS,,,
Nachusa2020_4615,8/11/2020,big_woods,4,CRD,12:51:00 PM,1:16:00 PM,77,1,1,auricomus,Female,VERHAS,,,
Nachusa2020_4616,8/11/2020,big_woods,4,CRD,12:51:00 PM,1:16:00 PM,77,1,1,rufocinctus,Female,VERHAS,,,
Nachusa2020_4617,8/11/2020,big_woods,4,CRD,12:51:00 PM,1:16:00 PM,77,1,1,rufocinctus,Female,VERHAS,,,
Nachusa2020_4618,8/11/2020,big_woods,4,CRD,12:51:00 PM,1:16:00 PM,77,1,1,rufocinctus,Male,EUTMAC,,,
Nachusa2020_4619,8/11/2020,big_woods,4,CRD,12:51:00 PM,1:16:00 PM,77,1,1,rufocinctus,Male,EUTMAC,,,
Nachusa2020_4620,8/11/2020,big_woods,4,CRD,12:51:00 PM,1:16:00 PM,77,1,1,griseocollis,Female,ASCINC,,,
Nachusa2020_4621,8/11/2020,big_woods,4,CRD,12:51:00 PM,1:16:00 PM,77,1,1,griseocollis,Female,ASCINC,,,
Nachusa2020_4622,8/11/2020,big_woods,4,CRD,12:51:00 PM,1:16:00 PM,77,1,1,griseocollis,Female,SILTER,,,
Nachusa2020_4623,8/11/2020,big_woods,4,CRD,12:51:00 PM,1:16:00 PM,77,1,1,auricomus,Male,VERFAS,,,
Nachusa2020_4624,8/11/2020,big_woods,4,CRD,12:51:00 PM,1:16:00 PM,77,1,1,impatiens,Female,EUTMAC,,,
Nachusa2020_4625,8/11/2020,big_woods,4,CRD,12:51:00 PM,1:16:00 PM,77,1,1,impatiens,Female,EUTMAC,,,
Nachusa2020_4626,8/11/2020,big_woods,4,CRD,12:51:00 PM,1:16:00 PM,77,1,1,rufocinctus,Male,RUDSUB,,,
Nachusa2020_4627,8/11/2020,big_woods,4,CRD,12:51:00 PM,1:16:00 PM,77,1,1,griseocollis,Male,EUTMAC,,,
Nachusa2020_4628,8/11/2020,big_woods,4,CRD,12:51:00 PM,1:16:00 PM,77,1,1,auricomus,Male,None,,,perched on standing dead
Nachusa2020_4629,8/11/2020,big_woods,4,CRD,12:51:00 PM,1:16:00 PM,77,1,1,impatiens,Female,PYCTEN,,,
Nachusa2020_4630,8/11/2020,big_woods,4,CRD,12:51:00 PM,1:16:00 PM,77,1,1,citrinus,Female,EUTMAC,,,
Nachusa2020_4631,8/11/2020,big_woods,4,CRD,12:51:00 PM,1:16:00 PM,77,1,1,rufocinctus,Male,VERFAS,,,
Nachusa2020_4632,8/11/2020,big_woods,4,CRD,12:51:00 PM,1:16:00 PM,77,1,1,griseocollis,Female,VERFAS,,,
Nachusa2020_4633,8/11/2020,big_woods,4,CRD,12:51:00 PM,1:16:00 PM,77,1,1,griseocollis,Female,VERFAS,,,
Nachusa2020_4634,8/11/2020,SE_knob,2,CRD,3:41:00 PM,4:01:00 PM,80,1,1,rufocinctus,Female,SOLJUN,,,
Nachusa2020_4635,8/11/2020,SE_knob,2,CRD,3:41:00 PM,4:01:00 PM,80,1,1,rufocinctus,Female,SOLJUN,,,
Nachusa2020_4636,8/11/2020,SE_knob,2,CRD,3:41:00 PM,4:01:00 PM,80,1,1,impatiens,Female,SOLJUN,,,
Nachusa2020_4637,8/11/2020,SE_knob,2,CRD,3:41:00 PM,4:01:00 PM,80,1,1,impatiens,Female,SOLJUN,,,
Nachusa2020_4638,8/11/2020,SE_knob,2,CRD,3:41:00 PM,4:01:00 PM,80,1,1,fervidus,Male,TRIPRA,,,
Nachusa2020_4639,8/11/2020,SE_knob,2,CRD,3:41:00 PM,4:01:00 PM,80,1,1,griseocollis,Male,DAUCAR,,,
Nachusa2020_4640,8/11/2020,SE_knob,2,CRD,3:41:00 PM,4:01:00 PM,80,1,1,griseocollis,Male,VERSTR,,,
Nachusa2020_4641,8/11/2020,SE_knob,2,CRD,3:41:00 PM,4:01:00 PM,80,1,1,griseocollis,Male,VERSTR,,,
Nachusa2020_4642,8/11/2020,SE_knob,2,CRD,3:41:00 PM,4:01:00 PM,80,1,1,griseocollis,Male,VERSTR,,,
Nachusa2020_4643,8/11/2020,SE_knob,2,CRD,3:41:00 PM,4:01:00 PM,80,1,1,griseocollis,Male,VERSTR,,,
Nachusa2020_4644,8/11/2020,SE_knob,2,CRD,3:41:00 PM,4:01:00 PM,80,1,1,impatiens,Female,VERSTR,,,
Nachusa2020_4645,8/11/2020,SE_knob,2,CRD,3:41:00 PM,4:01:00 PM,80,1,1,impatiens,Female,VERSTR,,,
Nachusa2020_4646,8/11/2020,SE_knob,2,CRD,3:41:00 PM,4:01:00 PM,80,1,1,impatiens,Male,VERSTR,,,
Nachusa2020_4647,8/12/2020,SE_knob,3,CRD,12:30:00 PM,12:53:00 PM,79,1,1,impatiens,Male,VERSTR,,,
Nachusa2020_4648,8/12/2020,SE_knob,3,CRD,12:30:00 PM,12:53:00 PM,79,1,1,impatiens,Male,VERSTR,,,
Nachusa2020_4649,8/12/2020,SE_knob,3,CRD,12:30:00 PM,12:53:00 PM,79,1,1,griseocollis,Male,VERSTR,,,
Nachusa2020_4650,8/12/2020,SE_knob,3,CRD,12:30:00 PM,12:53:00 PM,79,1,1,citrinus,Male,HELHEL,,,
Nachusa2020_4651,8/12/2020,SE_knob,3,CRD,12:30:00 PM,12:53:00 PM,79,1,1,griseocollis,Male,SOLCAN,,,perch
Nachusa2020_4652,8/12/2020,SE_knob,3,CRD,12:30:00 PM,12:53:00 PM,79,1,1,impatiens,Female,VERSTR,,,
Nachusa2020_4653,8/12/2020,SE_knob,3,CRD,12:30:00 PM,12:53:00 PM,79,1,1,impatiens,Male,SOLJUN,,,
Nachusa2020_4654,8/12/2020,SE_knob,3,CRD,12:30:00 PM,12:53:00 PM,79,1,1,impatiens,Male,SOLJUN,,,
Nachusa2020_4655,8/12/2020,SE_knob,3,CRD,12:30:00 PM,12:53:00 PM,79,1,1,rufocinctus,Female,SOLJUN,,,
Nachusa2020_4656,8/12/2020,SE_knob,3,CRD,12:30:00 PM,12:53:00 PM,79,1,1,impatiens,Female,SOLJUN,,,
Nachusa2020_4657,8/12/2020,SE_knob,3,CRD,12:30:00 PM,12:53:00 PM,79,1,1,pensylvanicus,Female,BAPALB,,,
Nachusa2020_4658,8/12/2020,doug_dot_unit,6,CRD,9:32:00 AM,10:01:00 AM,72,1,1,impatiens,Female,SILPER,,,
Nachusa2020_4659,8/12/2020,doug_dot_unit,6,CRD,9:32:00 AM,10:01:00 AM,72,1,1,impatiens,Female,SILPER,,,
Nachusa2020_4660,8/12/2020,doug_dot_unit,6,CRD,9:32:00 AM,10:01:00 AM,72,1,1,impatiens,Female,SILPER,,,
Nachusa2020_4661,8/12/2020,doug_dot_unit,6,CRD,9:32:00 AM,10:01:00 AM,72,1,1,impatiens,Female,SILPER,,,
Nachusa2020_4662,8/12/2020,doug_dot_unit,6,CRD,9:32:00 AM,10:01:00 AM,72,1,1,impatiens,Female,SILPER,,,
Nachusa2020_4663,8/12/2020,doug_dot_unit,6,CRD,9:32:00 AM,10:01:00 AM,72,1,1,rufocinctus,Female,SILPER,,,
Nachusa2020_4664,8/12/2020,doug_dot_unit,6,CRD,9:32:00 AM,10:01:00 AM,72,1,1,rufocinctus,Female,SILPER,,,
Nachusa2020_4665,8/12/2020,doug_dot_unit,6,CRD,9:32:00 AM,10:01:00 AM,72,1,1,rufocinctus,Female,SILPER,,,
Nachusa2020_4666,8/12/2020,doug_dot_unit,6,CRD,9:32:00 AM,10:01:00 AM,72,1,1,citrinus,Male,SILPER,,,
Nachusa2020_4667,8/12/2020,doug_dot_unit,6,CRD,9:32:00 AM,10:01:00 AM,72,1,1,griseocollis,Male,SILPER,,,
Nachusa2020_4668,8/12/2020,doug_dot_unit,6,CRD,9:32:00 AM,10:01:00 AM,72,1,1,auricomus,Female,MONFIS,,,
Nachusa2020_4669,8/12/2020,doug_dot_unit,6,CRD,9:32:00 AM,10:01:00 AM,72,1,1,auricomus,Female,MONFIS,,,
Nachusa2020_4670,8/12/2020,doug_dot_unit,6,CRD,9:32:00 AM,10:01:00 AM,72,1,1,auricomus,Female,MONFIS,,,
Nachusa2020_4671,8/12/2020,doug_dot_unit,6,CRD,9:32:00 AM,10:01:00 AM,72,1,1,auricomus,Female,MONFIS,,,
Nachusa2020_4672,8/12/2020,doug_dot_unit,6,CRD,9:32:00 AM,10:01:00 AM,72,1,1,auricomus,Female,MONFIS,,,
Nachusa2020_4673,8/12/2020,doug_dot_unit,6,CRD,9:32:00 AM,10:01:00 AM,72,1,1,auricomus,Female,MONFIS,,,
Nachusa2020_4674,8/12/2020,doug_dot_unit,6,CRD,9:32:00 AM,10:01:00 AM,72,1,1,auricomus,Female,MONFIS,,,
Nachusa2020_4675,8/12/2020,doug_dot_unit,6,CRD,9:32:00 AM,10:01:00 AM,72,1,1,auricomus,Female,MONFIS,,,
Nachusa2020_4676,8/12/2020,doug_dot_unit,6,CRD,9:32:00 AM,10:01:00 AM,72,1,1,auricomus,Female,MONFIS,,,
Nachusa2020_4677,8/12/2020,doug_dot_unit,6,CRD,9:32:00 AM,10:01:00 AM,72,1,1,impatiens,Female,MONFIS,,,
Nachusa2020_4678,8/12/2020,doug_dot_unit,6,CRD,9:32:00 AM,10:01:00 AM,72,1,1,impatiens,Female,MONFIS,,,
Nachusa2020_4679,8/12/2020,doug_dot_unit,6,CRD,9:32:00 AM,10:01:00 AM,72,1,1,impatiens,Female,MONFIS,,,
Nachusa2020_4680,8/12/2020,doug_dot_unit,6,CRD,9:32:00 AM,10:01:00 AM,72,1,1,impatiens,Female,MONFIS,,,
Nachusa2020_4681,8/12/2020,doug_dot_unit,6,CRD,9:32:00 AM,10:01:00 AM,72,1,1,impatiens,Female,MONFIS,,,
Nachusa2020_4682,8/12/2020,doug_dot_unit,6,CRD,9:32:00 AM,10:01:00 AM,72,1,1,impatiens,Female,MONFIS,,,
Nachusa2020_4683,8/12/2020,doug_dot_unit,6,CRD,9:32:00 AM,10:01:00 AM,72,1,1,impatiens,Female,MONFIS,,,
Nachusa2020_4684,8/12/2020,doug_dot_unit,6,CRD,9:32:00 AM,10:01:00 AM,72,1,1,impatiens,Female,MONFIS,,,
Nachusa2020_4685,8/12/2020,doug_dot_unit,6,CRD,9:32:00 AM,10:01:00 AM,72,1,1,impatiens,Female,MONFIS,,,
Nachusa2020_4686,8/12/2020,doug_dot_unit,6,CRD,9:32:00 AM,10:01:00 AM,72,1,1,impatiens,Female,MONFIS,,,
Nachusa2020_4687,8/12/2020,doug_dot_unit,6,CRD,9:32:00 AM,10:01:00 AM,72,1,1,impatiens,Female,MONFIS,,,
Nachusa2020_4688,8/12/2020,doug_dot_unit,6,CRD,9:32:00 AM,10:01:00 AM,72,1,1,impatiens,Female,MONFIS,,,
Nachusa2020_4689,8/12/2020,doug_dot_unit,6,CRD,9:32:00 AM,10:01:00 AM,72,1,1,impatiens,Female,MONFIS,,,
Nachusa2020_4690,8/12/2020,doug_dot_unit,6,CRD,9:32:00 AM,10:01:00 AM,72,1,1,impatiens,Female,MONFIS,,,
Nachusa2020_4691,8/12/2020,doug_dot_unit,6,CRD,9:32:00 AM,10:01:00 AM,72,1,1,griseocollis,Male,MONFIS,,,
Nachusa2020_4692,8/12/2020,doug_dot_unit,6,CRD,9:32:00 AM,10:01:00 AM,72,1,1,griseocollis,Male,MONFIS,,,
Nachusa2020_4693,8/12/2020,doug_dot_unit,6,CRD,9:32:00 AM,10:01:00 AM,72,1,1,griseocollis,Male,MONFIS,,,
Nachusa2020_4694,8/12/2020,doug_dot_unit,6,CRD,9:32:00 AM,10:01:00 AM,72,1,1,griseocollis,Male,MONFIS,,,
Nachusa2020_4695,8/12/2020,doug_dot_unit,6,CRD,9:32:00 AM,10:01:00 AM,72,1,1,griseocollis,Male,MONFIS,,,
Nachusa2020_4696,8/12/2020,doug_dot_unit,6,CRD,9:32:00 AM,10:01:00 AM,72,1,1,griseocollis,Male,MONFIS,,,
Nachusa2020_4697,8/12/2020,doug_dot_unit,6,CRD,9:32:00 AM,10:01:00 AM,72,1,1,griseocollis,Male,MONFIS,,,
Nachusa2020_4698,8/12/2020,doug_dot_unit,6,CRD,9:32:00 AM,10:01:00 AM,72,1,1,impatiens,Female,AGASCR,,,
Nachusa2020_4699,8/12/2020,doug_dot_unit,6,CRD,9:32:00 AM,10:01:00 AM,72,1,1,impatiens,Female,AGASCR,,,
Nachusa2020_4700,8/12/2020,doug_dot_unit,6,CRD,9:32:00 AM,10:01:00 AM,72,1,1,impatiens,Female,AGASCR,,,
Nachusa2020_4701,8/12/2020,doug_dot_unit,6,CRD,9:32:00 AM,10:01:00 AM,72,1,1,impatiens,Female,AGASCR,,,
Nachusa2020_4702,8/12/2020,doug_dot_unit,6,CRD,9:32:00 AM,10:01:00 AM,72,1,1,impatiens,Female,AGASCR,,,
Nachusa2020_4703,8/12/2020,doug_dot_unit,6,CRD,9:32:00 AM,10:01:00 AM,72,1,1,impatiens,Female,AGASCR,,,
Nachusa2020_4704,8/12/2020,doug_dot_unit,6,CRD,9:32:00 AM,10:01:00 AM,72,1,1,impatiens,Female,AGASCR,,,
Nachusa2020_4705,8/12/2020,doug_dot_unit,6,CRD,9:32:00 AM,10:01:00 AM,72,1,1,impatiens,Female,AGASCR,,,
Nachusa2020_4706,8/12/2020,doug_dot_unit,6,CRD,9:32:00 AM,10:01:00 AM,72,1,1,impatiens,Female,AGASCR,,,
Nachusa2020_4707,8/12/2020,doug_dot_unit,6,CRD,9:32:00 AM,10:01:00 AM,72,1,1,griseocollis,Female,MONFIS,,,
Nachusa2020_4708,8/12/2020,doug_dot_unit,6,CRD,9:32:00 AM,10:01:00 AM,72,1,1,griseocollis,Female,MONFIS,,,
Nachusa2020_4709,8/12/2020,doug_dot_unit,6,CRD,9:32:00 AM,10:01:00 AM,72,1,1,griseocollis,Female,MONFIS,,,
Nachusa2020_4710,8/12/2020,doug_dot_unit,6,CRD,9:32:00 AM,10:01:00 AM,72,1,1,griseocollis,Female,MONFIS,,,
Nachusa2020_4711,8/12/2020,doug_dot_unit,6,CRD,9:32:00 AM,10:01:00 AM,72,1,1,griseocollis,Female,MONFIS,,,
Nachusa2020_4712,8/12/2020,doug_dot_unit,6,CRD,9:32:00 AM,10:01:00 AM,72,1,1,griseocollis,Female,MONFIS,,,
Nachusa2020_4713,8/12/2020,doug_dot_unit,6,CRD,9:32:00 AM,10:01:00 AM,72,1,1,griseocollis,Female,MONFIS,,,
Nachusa2020_4714,8/12/2020,doug_dot_unit,6,CRD,9:32:00 AM,10:01:00 AM,72,1,1,impatiens,Female,AGAHEP,,,
Nachusa2020_4715,8/12/2020,doug_dot_unit,6,CRD,9:32:00 AM,10:01:00 AM,72,1,1,impatiens,Female,AGAHEP,,,
Nachusa2020_4716,8/12/2020,doug_dot_unit,6,CRD,9:32:00 AM,10:01:00 AM,72,1,1,citrinus,Male,SILPER,,,
Nachusa2020_4717,8/12/2020,doug_dot_unit,6,CRD,9:32:00 AM,10:01:00 AM,72,1,1,impatiens,Female,CORTRI,,,
Nachusa2020_4718,8/12/2020,doug_dot_unit,6,CRD,9:32:00 AM,10:01:00 AM,72,1,1,impatiens,Female,EUTMAC,,,
Nachusa2020_4719,8/12/2020,doug_dot_unit,6,CRD,9:32:00 AM,10:01:00 AM,72,1,1,rufocinctus,Male,EUTMAC,,,
Nachusa2020_4720,8/12/2020,doug_dot_unit,6,CRD,9:32:00 AM,10:01:00 AM,72,1,1,citrinus,Male,EUTMAC,,,
Nachusa2020_4721,8/12/2020,doug_dot_unit,6,CRD,9:32:00 AM,10:01:00 AM,72,1,1,citrinus,Male,EUTMAC,,,
Nachusa2020_4722,8/12/2020,doug_dot_unit,6,CRD,9:32:00 AM,10:01:00 AM,72,1,1,citrinus,Male,EUTMAC,,,
Nachusa2020_4723,8/12/2020,doug_dot_unit,6,CRD,9:32:00 AM,10:01:00 AM,72,1,1,rufocinctus,Female,EUTMAC,,,Id changed from impatiens -> rufocinctus
Nachusa2020_4724,8/12/2020,doug_dot_unit,6,CRD,9:32:00 AM,10:01:00 AM,72,1,1,impatiens,Male,EUTMAC,,,
Nachusa2020_4725,8/12/2020,naylor_road,4,CRD,3:02:00 PM,3:23:00 PM,81,1,1,griseocollis,Male,PYCTEN,,,
Nachusa2020_4726,8/12/2020,naylor_road,4,CRD,3:02:00 PM,3:23:00 PM,81,1,1,fervidus,Male,BAPALB,,,
Nachusa2020_4727,8/12/2020,naylor_road,4,CRD,3:02:00 PM,3:23:00 PM,81,1,1,fervidus,Male,BAPALB,,,
Nachusa2020_4728,8/12/2020,naylor_road,4,CRD,3:02:00 PM,3:23:00 PM,81,1,1,vagans,Male,ALLCER,,,
Nachusa2020_4729,8/12/2020,naylor_road,4,CRD,3:02:00 PM,3:23:00 PM,81,1,1,auricomus,Male,SILINT,,,
Nachusa2020_4730,8/12/2020,naylor_road,4,CRD,3:02:00 PM,3:23:00 PM,81,1,1,rufocinctus,Male,CORTRI,,,
Nachusa2020_4731,8/12/2020,naylor_road,4,CRD,3:02:00 PM,3:23:00 PM,81,1,1,griseocollis,Male,LIAPYC,,,
Nachusa2020_4732,8/12/2020,naylor_road,4,CRD,3:02:00 PM,3:23:00 PM,81,1,1,impatiens,Female,LIAPYC,,,
Nachusa2020_4733,8/12/2020,naylor_road,4,CRD,3:02:00 PM,3:23:00 PM,81,1,1,griseocollis,Female,LIAPYC,,,
Nachusa2020_4734,8/12/2020,naylor_road,4,CRD,3:02:00 PM,3:23:00 PM,81,1,1,fervidus,Female,BAPALB,,,
Nachusa2020_4735,8/13/2020,seven_knobs,3,CRD,8:58:00 AM,9:20:00 AM,72,1,1,impatiens,Female,DESCAN,,,
Nachusa2020_4736,8/13/2020,seven_knobs,3,CRD,8:58:00 AM,9:20:00 AM,72,1,1,impatiens,Female,DESCAN,,,
Nachusa2020_4737,8/13/2020,seven_knobs,3,CRD,8:58:00 AM,9:20:00 AM,72,1,1,rufocinctus,Male,EUPALT,,,"no flowers, but it was trying to forage"
Nachusa2020_4738,8/13/2020,seven_knobs,3,CRD,8:58:00 AM,9:20:00 AM,72,1,1,auricomus,Male,RATPIN,,,perched
Nachusa2020_4739,8/13/2020,seven_knobs,3,CRD,8:58:00 AM,9:20:00 AM,72,1,1,rufocinctus,Male,SOLCAN,,,perched
Nachusa2020_4740,8/13/2020,seven_knobs,3,CRD,8:58:00 AM,9:20:00 AM,72,1,1,griseocollis,Male,EUTMAC,,,
Nachusa2020_4741,8/13/2020,naylor_road,5,CRD,9:47:00 PM,10:07:00 PM,76,1,1,impatiens,Female,DESCAN,,,
Nachusa2020_4742,8/13/2020,naylor_road,5,CRD,9:47:00 PM,10:07:00 PM,76,1,1,impatiens,Female,DESCAN,,,
Nachusa2020_4743,8/13/2020,naylor_road,5,CRD,9:47:00 PM,10:07:00 PM,76,1,1,impatiens,Female,DESCAN,,,
Nachusa2020_4744,8/13/2020,naylor_road,5,CRD,9:47:00 PM,10:07:00 PM,76,1,1,impatiens,Female,DESCAN,,,
Nachusa2020_4745,8/13/2020,naylor_road,5,CRD,9:47:00 PM,10:07:00 PM,76,1,1,impatiens,Female,DESCAN,,,
Nachusa2020_4746,8/13/2020,naylor_road,5,CRD,9:47:00 PM,10:07:00 PM,76,1,1,impatiens,Female,DESCAN,,,
Nachusa2020_4747,8/13/2020,naylor_road,5,CRD,9:47:00 PM,10:07:00 PM,76,1,1,impatiens,Female,DESCAN,,,
Nachusa2020_4748,8/13/2020,naylor_road,5,CRD,9:47:00 PM,10:07:00 PM,76,1,1,impatiens,Female,DESCAN,,,
Nachusa2020_4749,8/13/2020,naylor_road,5,CRD,9:47:00 PM,10:07:00 PM,76,1,1,impatiens,Female,DESCAN,,,
Nachusa2020_4750,8/13/2020,naylor_road,5,CRD,9:47:00 PM,10:07:00 PM,76,1,1,impatiens,Female,DESCAN,,,
Nachusa2020_4751,8/13/2020,naylor_road,5,CRD,9:47:00 PM,10:07:00 PM,76,1,1,impatiens,Female,DESCAN,,,
Nachusa2020_4752,8/13/2020,naylor_road,5,CRD,9:47:00 PM,10:07:00 PM,76,1,1,griseocollis,Female,DESCAN,,,
Nachusa2020_4753,8/13/2020,naylor_road,5,CRD,9:47:00 PM,10:07:00 PM,76,1,1,griseocollis,Female,DESCAN,,,
Nachusa2020_4754,8/13/2020,naylor_road,5,CRD,9:47:00 PM,10:07:00 PM,76,1,1,rufocinctus,Male,LESCAP,,,
Nachusa2020_4755,8/13/2020,naylor_road,5,CRD,9:47:00 PM,10:07:00 PM,76,1,1,griseocollis,Female,LIAPYC,,,
Nachusa2020_4756,8/13/2020,naylor_road,5,CRD,9:47:00 PM,10:07:00 PM,76,1,1,impatiens,Female,LIAPYC,,,
Nachusa2020_4757,8/13/2020,SE_knob,4,CRD,1:24:00 PM,1:45:00 PM,82,1,1,auricomus,Male,CIRDIS,,,
Nachusa2020_4758,8/13/2020,SE_knob,4,CRD,1:24:00 PM,1:45:00 PM,82,1,1,impatiens,Male,CIRDIS,,,
Nachusa2020_4759,8/13/2020,SE_knob,4,CRD,1:24:00 PM,1:45:00 PM,82,1,1,rufocinctus,Male,SOLJUN,,,
Nachusa2020_4760,8/13/2020,SE_knob,4,CRD,1:24:00 PM,1:45:00 PM,82,1,1,impatiens,Female,SOLJUN,,,
Nachusa2020_4761,8/13/2020,SE_knob,4,CRD,1:24:00 PM,1:45:00 PM,82,1,1,griseocollis,Male,DAUCAR,,,perch
Nachusa2020_4762,8/13/2020,SE_knob,4,CRD,1:24:00 PM,1:45:00 PM,82,1,1,griseocollis,Male,SOLCAN,,,perch
Nachusa2020_4763,8/13/2020,SE_knob,4,CRD,1:24:00 PM,1:45:00 PM,82,1,1,griseocollis,Male,VERSTR,,,
Nachusa2020_4764,8/13/2020,SE_knob,4,CRD,1:24:00 PM,1:45:00 PM,82,1,1,griseocollis,Male,VERSTR,,,
Nachusa2020_4765,8/13/2020,SE_knob,4,CRD,1:24:00 PM,1:45:00 PM,82,1,1,rufocinctus,Male,VERSTR,,,
Nachusa2020_4766,8/13/2020,SE_knob,4,CRD,1:24:00 PM,1:45:00 PM,82,1,1,rufocinctus,Male,VERSTR,,,
Nachusa2020_4767,8/13/2020,SE_knob,4,CRD,1:24:00 PM,1:45:00 PM,82,1,1,citrinus,Male,VERSTR,,,specimen
Nachusa2020_4768,8/13/2020,SE_knob,4,CRD,1:24:00 PM,1:45:00 PM,82,1,1,impatiens,Male,VERSTR,,,
Nachusa2020_4769,8/13/2020,SE_knob,4,CRD,1:24:00 PM,1:45:00 PM,82,1,1,impatiens,Male,VERSTR,,,
Nachusa2020_4770,8/14/2020,thelma_carpenter,3,CRD,3:00:00 PM,3:21:00 PM,85,1,1,griseocollis,Male,MONFIS,,,
Nachusa2020_4771,8/14/2020,thelma_carpenter,3,CRD,3:00:00 PM,3:21:00 PM,85,1,1,griseocollis,Male,MONFIS,,,
Nachusa2020_4772,8/14/2020,thelma_carpenter,3,CRD,3:00:00 PM,3:21:00 PM,85,1,1,griseocollis,Male,MONFIS,,,
Nachusa2020_4773,8/14/2020,thelma_carpenter,3,CRD,3:00:00 PM,3:21:00 PM,85,1,1,griseocollis,Male,MONFIS,,,
Nachusa2020_4774,8/14/2020,thelma_carpenter,3,CRD,3:00:00 PM,3:21:00 PM,85,1,1,griseocollis,Male,MONFIS,,,
Nachusa2020_4775,8/14/2020,thelma_carpenter,3,CRD,3:00:00 PM,3:21:00 PM,85,1,1,griseocollis,Male,MONFIS,,,
Nachusa2020_4776,8/14/2020,thelma_carpenter,3,CRD,3:00:00 PM,3:21:00 PM,85,1,1,griseocollis,Male,MONFIS,,,
Nachusa2020_4777,8/14/2020,thelma_carpenter,3,CRD,3:00:00 PM,3:21:00 PM,85,1,1,griseocollis,Male,MONFIS,,,
Nachusa2020_4778,8/14/2020,thelma_carpenter,3,CRD,3:00:00 PM,3:21:00 PM,85,1,1,griseocollis,Male,MONFIS,,,
Nachusa2020_4779,8/14/2020,thelma_carpenter,3,CRD,3:00:00 PM,3:21:00 PM,85,1,1,griseocollis,Male,MONFIS,,,
Nachusa2020_4780,8/14/2020,thelma_carpenter,3,CRD,3:00:00 PM,3:21:00 PM,85,1,1,griseocollis,Male,MONFIS,,,
Nachusa2020_4781,8/14/2020,thelma_carpenter,3,CRD,3:00:00 PM,3:21:00 PM,85,1,1,griseocollis,Male,MONFIS,,,
Nachusa2020_4782,8/14/2020,thelma_carpenter,3,CRD,3:00:00 PM,3:21:00 PM,85,1,1,griseocollis,Male,MONFIS,,,
Nachusa2020_4783,8/14/2020,thelma_carpenter,3,CRD,3:00:00 PM,3:21:00 PM,85,1,1,griseocollis,Male,MONFIS,,,
Nachusa2020_4784,8/14/2020,thelma_carpenter,3,CRD,3:00:00 PM,3:21:00 PM,85,1,1,griseocollis,Male,MONFIS,,,
Nachusa2020_4785,8/14/2020,thelma_carpenter,3,CRD,3:00:00 PM,3:21:00 PM,85,1,1,griseocollis,Male,MONFIS,,,
Nachusa2020_4786,8/14/2020,thelma_carpenter,3,CRD,3:00:00 PM,3:21:00 PM,85,1,1,griseocollis,Male,MONFIS,,,
Nachusa2020_4787,8/14/2020,thelma_carpenter,3,CRD,3:00:00 PM,3:21:00 PM,85,1,1,griseocollis,Male,MONFIS,,,
Nachusa2020_4788,8/14/2020,thelma_carpenter,3,CRD,3:00:00 PM,3:21:00 PM,85,1,1,griseocollis,Male,MONFIS,,,
Nachusa2020_4789,8/14/2020,thelma_carpenter,3,CRD,3:00:00 PM,3:21:00 PM,85,1,1,griseocollis,Male,MONFIS,,,
Nachusa2020_4790,8/14/2020,thelma_carpenter,3,CRD,3:00:00 PM,3:21:00 PM,85,1,1,griseocollis,Male,MONFIS,,,
Nachusa2020_4791,8/14/2020,thelma_carpenter,3,CRD,3:00:00 PM,3:21:00 PM,85,1,1,griseocollis,Male,MONFIS,,,
Nachusa2020_4792,8/14/2020,thelma_carpenter,3,CRD,3:00:00 PM,3:21:00 PM,85,1,1,griseocollis,Male,MONFIS,,,
Nachusa2020_4793,8/14/2020,thelma_carpenter,3,CRD,3:00:00 PM,3:21:00 PM,85,1,1,griseocollis,Male,MONFIS,,,
Nachusa2020_4794,8/14/2020,thelma_carpenter,3,CRD,3:00:00 PM,3:21:00 PM,85,1,1,griseocollis,Male,MONFIS,,,
Nachusa2020_4795,8/14/2020,thelma_carpenter,3,CRD,3:00:00 PM,3:21:00 PM,85,1,1,griseocollis,Male,MONFIS,,,
Nachusa2020_4796,8/14/2020,thelma_carpenter,3,CRD,3:00:00 PM,3:21:00 PM,85,1,1,griseocollis,Male,MONFIS,,,
Nachusa2020_4797,8/14/2020,thelma_carpenter,3,CRD,3:00:00 PM,3:21:00 PM,85,1,1,griseocollis,Male,MONFIS,,,
Nachusa2020_4798,8/14/2020,thelma_carpenter,3,CRD,3:00:00 PM,3:21:00 PM,85,1,1,griseocollis,Male,MONFIS,,,
Nachusa2020_4799,8/14/2020,thelma_carpenter,3,CRD,3:00:00 PM,3:21:00 PM,85,1,1,griseocollis,Male,MONFIS,,,
Nachusa2020_4800,8/14/2020,thelma_carpenter,3,CRD,3:00:00 PM,3:21:00 PM,85,1,1,griseocollis,Male,MONFIS,,,
Nachusa2020_4801,8/14/2020,thelma_carpenter,3,CRD,3:00:00 PM,3:21:00 PM,85,1,1,griseocollis,Male,MONFIS,,,
Nachusa2020_4802,8/14/2020,thelma_carpenter,3,CRD,3:00:00 PM,3:21:00 PM,85,1,1,griseocollis,Male,MONFIS,,,
Nachusa2020_4803,8/14/2020,thelma_carpenter,3,CRD,3:00:00 PM,3:21:00 PM,85,1,1,griseocollis,Male,MONFIS,,,
Nachusa2020_4804,8/14/2020,thelma_carpenter,3,CRD,3:00:00 PM,3:21:00 PM,85,1,1,griseocollis,Male,MONFIS,,,
Nachusa2020_4805,8/14/2020,thelma_carpenter,3,CRD,3:00:00 PM,3:21:00 PM,85,1,1,griseocollis,Male,MONFIS,,,
Nachusa2020_4806,8/14/2020,thelma_carpenter,3,CRD,3:00:00 PM,3:21:00 PM,85,1,1,griseocollis,Male,MONFIS,,,
Nachusa2020_4807,8/14/2020,thelma_carpenter,3,CRD,3:00:00 PM,3:21:00 PM,85,1,1,griseocollis,Male,MONFIS,,,
Nachusa2020_4808,8/14/2020,thelma_carpenter,3,CRD,3:00:00 PM,3:21:00 PM,85,1,1,griseocollis,Male,MONFIS,,,
Nachusa2020_4809,8/14/2020,thelma_carpenter,3,CRD,3:00:00 PM,3:21:00 PM,85,1,1,griseocollis,Male,MONFIS,,,
Nachusa2020_4810,8/14/2020,thelma_carpenter,3,CRD,3:00:00 PM,3:21:00 PM,85,1,1,griseocollis,Male,MONFIS,,,
Nachusa2020_4811,8/14/2020,thelma_carpenter,3,CRD,3:00:00 PM,3:21:00 PM,85,1,1,rufocinctus,Male,MONFIS,,,Specimen Taken
Nachusa2020_4812,8/14/2020,thelma_carpenter,3,CRD,3:00:00 PM,3:21:00 PM,85,1,1,impatiens,Female,MONFIS,,,
Nachusa2020_4813,8/14/2020,thelma_carpenter,3,CRD,3:00:00 PM,3:21:00 PM,85,1,1,impatiens,Female,MONFIS,,,
Nachusa2020_4814,8/14/2020,thelma_carpenter,3,CRD,3:00:00 PM,3:21:00 PM,85,1,1,impatiens,Female,MONFIS,,,
Nachusa2020_4815,8/14/2020,thelma_carpenter,3,CRD,3:00:00 PM,3:21:00 PM,85,1,1,impatiens,Female,MONFIS,,,
Nachusa2020_4816,8/14/2020,thelma_carpenter,3,CRD,3:00:00 PM,3:21:00 PM,85,1,1,impatiens,Female,MONFIS,,,
Nachusa2020_4817,8/14/2020,thelma_carpenter,3,CRD,3:00:00 PM,3:21:00 PM,85,1,1,impatiens,Female,MONFIS,,,
Nachusa2020_4818,8/14/2020,thelma_carpenter,3,CRD,3:00:00 PM,3:21:00 PM,85,1,1,impatiens,Female,MONFIS,,,
Nachusa2020_4819,8/14/2020,thelma_carpenter,3,CRD,3:00:00 PM,3:21:00 PM,85,1,1,impatiens,Female,MONFIS,,,
Nachusa2020_4820,8/14/2020,thelma_carpenter,3,CRD,3:00:00 PM,3:21:00 PM,85,1,1,impatiens,Female,MONFIS,,,
Nachusa2020_4821,8/14/2020,thelma_carpenter,3,CRD,3:00:00 PM,3:21:00 PM,85,1,1,impatiens,Female,MONFIS,,,
Nachusa2020_4822,8/14/2020,thelma_carpenter,3,CRD,3:00:00 PM,3:21:00 PM,85,1,1,griseocollis,Female,MONFIS,,,
Nachusa2020_4823,8/14/2020,thelma_carpenter,3,CRD,3:00:00 PM,3:21:00 PM,85,1,1,griseocollis,Female,MONFIS,,,
Nachusa2020_4824,8/14/2020,thelma_carpenter,3,CRD,3:00:00 PM,3:21:00 PM,85,1,1,griseocollis,Female,MONFIS,,,
Nachusa2020_4825,8/14/2020,thelma_carpenter,3,CRD,3:00:00 PM,3:21:00 PM,85,1,1,impatiens,Female,PYCTEN,,,
Nachusa2020_4826,8/14/2020,thelma_carpenter,3,CRD,3:00:00 PM,3:21:00 PM,85,1,1,impatiens,Female,PYCTEN,,,
Nachusa2020_4827,8/14/2020,thelma_carpenter,3,CRD,3:00:00 PM,3:21:00 PM,85,1,1,impatiens,Female,PYCTEN,,,
Nachusa2020_4828,8/14/2020,thelma_carpenter,3,CRD,3:00:00 PM,3:21:00 PM,85,1,1,impatiens,Female,PYCTEN,,,
Nachusa2020_4829,8/14/2020,thelma_carpenter,3,CRD,3:00:00 PM,3:21:00 PM,85,1,1,rufocinctus,Male,PYCTEN,,,
Nachusa2020_4830,8/15/2020,clear_creek_knolls,5,CRD,5:18:00 PM,5:50:00 PM,78,1,1,impatiens,Female,MONFIS,,,
Nachusa2020_4831,8/15/2020,clear_creek_knolls,5,CRD,5:18:00 PM,5:50:00 PM,78,1,1,impatiens,Female,TRIPRA,,,
Nachusa2020_4832,8/15/2020,clear_creek_knolls,5,CRD,5:18:00 PM,5:50:00 PM,78,1,1,impatiens,Female,LIAPYC,,,
Nachusa2020_4833,8/15/2020,clear_creek_knolls,5,CRD,5:18:00 PM,5:50:00 PM,78,1,1,impatiens,Female,LIAPYC,,,
Nachusa2020_4834,8/15/2020,clear_creek_knolls,5,CRD,5:18:00 PM,5:50:00 PM,78,1,1,impatiens,Female,LIAPYC,,,
Nachusa2020_4835,8/15/2020,clear_creek_knolls,5,CRD,5:18:00 PM,5:50:00 PM,78,1,1,impatiens,Female,LIAPYC,,,
Nachusa2020_4836,8/15/2020,clear_creek_knolls,5,CRD,5:18:00 PM,5:50:00 PM,78,1,1,impatiens,Female,LIAPYC,,,
Nachusa2020_4837,8/15/2020,clear_creek_knolls,5,CRD,5:18:00 PM,5:50:00 PM,78,1,1,impatiens,Female,LIAPYC,,,
Nachusa2020_4838,8/15/2020,clear_creek_knolls,5,CRD,5:18:00 PM,5:50:00 PM,78,1,1,impatiens,Female,LIAPYC,,,
Nachusa2020_4839,8/15/2020,clear_creek_knolls,5,CRD,5:18:00 PM,5:50:00 PM,78,1,1,impatiens,Female,LIAPYC,,,
Nachusa2020_4840,8/15/2020,clear_creek_knolls,5,CRD,5:18:00 PM,5:50:00 PM,78,1,1,impatiens,Female,LIAPYC,,,
Nachusa2020_4841,8/15/2020,clear_creek_knolls,5,CRD,5:18:00 PM,5:50:00 PM,78,1,1,impatiens,Female,LIAPYC,,,
Nachusa2020_4842,8/15/2020,clear_creek_knolls,5,CRD,5:18:00 PM,5:50:00 PM,78,1,1,impatiens,Female,LIAPYC,,,
Nachusa2020_4843,8/15/2020,clear_creek_knolls,5,CRD,5:18:00 PM,5:50:00 PM,78,1,1,impatiens,Female,PYCTEN,,,
Nachusa2020_4844,8/15/2020,clear_creek_knolls,5,CRD,5:18:00 PM,5:50:00 PM,78,1,1,impatiens,Female,PYCTEN,,,
Nachusa2020_4845,8/15/2020,clear_creek_knolls,5,CRD,5:18:00 PM,5:50:00 PM,78,1,1,impatiens,Female,PYCTEN,,,
Nachusa2020_4846,8/15/2020,clear_creek_knolls,5,CRD,5:18:00 PM,5:50:00 PM,78,1,1,griseocollis,Female,LIAPYC,,,
Nachusa2020_4847,8/15/2020,clear_creek_knolls,5,CRD,5:18:00 PM,5:50:00 PM,78,1,1,griseocollis,Female,LIAPYC,,,
Nachusa2020_4848,8/15/2020,clear_creek_knolls,5,CRD,5:18:00 PM,5:50:00 PM,78,1,1,griseocollis,Female,LIAPYC,,,
Nachusa2020_4849,8/15/2020,clear_creek_knolls,5,CRD,5:18:00 PM,5:50:00 PM,78,1,1,griseocollis,Male,LIAPYC,,,
Nachusa2020_4850,8/15/2020,clear_creek_knolls,5,CRD,5:18:00 PM,5:50:00 PM,78,1,1,griseocollis,Male,LIAPYC,,,
Nachusa2020_4851,8/15/2020,clear_creek_knolls,5,CRD,5:18:00 PM,5:50:00 PM,78,1,1,griseocollis,Male,LIAPYC,,,
Nachusa2020_4852,8/15/2020,clear_creek_knolls,5,CRD,5:18:00 PM,5:50:00 PM,78,1,1,griseocollis,Male,LIAPYC,,,
Nachusa2020_4853,8/15/2020,clear_creek_knolls,5,CRD,5:18:00 PM,5:50:00 PM,78,1,1,griseocollis,Male,LIAPYC,,,
Nachusa2020_4854,8/15/2020,clear_creek_knolls,5,CRD,5:18:00 PM,5:50:00 PM,78,1,1,griseocollis,Male,LIAPYC,,,
Nachusa2020_4855,8/15/2020,clear_creek_knolls,5,CRD,5:18:00 PM,5:50:00 PM,78,1,1,griseocollis,Male,LIAPYC,,,
Nachusa2020_4856,8/15/2020,clear_creek_knolls,5,CRD,5:18:00 PM,5:50:00 PM,78,1,1,griseocollis,Male,LIAPYC,,,
Nachusa2020_4857,8/15/2020,clear_creek_knolls,5,CRD,5:18:00 PM,5:50:00 PM,78,1,1,griseocollis,Male,LIAPYC,,,
Nachusa2020_4858,8/15/2020,clear_creek_knolls,5,CRD,5:18:00 PM,5:50:00 PM,78,1,1,griseocollis,Male,LIAPYC,,,
Nachusa2020_4859,8/15/2020,clear_creek_knolls,5,CRD,5:18:00 PM,5:50:00 PM,78,1,1,griseocollis,Male,LIAPYC,,,
Nachusa2020_4860,8/15/2020,clear_creek_knolls,5,CRD,5:18:00 PM,5:50:00 PM,78,1,1,griseocollis,Male,LIAPYC,,,
Nachusa2020_4861,8/15/2020,clear_creek_knolls,5,CRD,5:18:00 PM,5:50:00 PM,78,1,1,griseocollis,Male,LIAPYC,,,
Nachusa2020_4862,8/15/2020,clear_creek_knolls,5,CRD,5:18:00 PM,5:50:00 PM,78,1,1,griseocollis,Male,LIAPYC,,,
Nachusa2020_4863,8/15/2020,clear_creek_knolls,5,CRD,5:18:00 PM,5:50:00 PM,78,1,1,griseocollis,Male,LIAPYC,,,
Nachusa2020_4864,8/15/2020,clear_creek_knolls,5,CRD,5:18:00 PM,5:50:00 PM,78,1,1,griseocollis,Female,LIAPYC,,,
Nachusa2020_4865,8/15/2020,clear_creek_knolls,5,CRD,5:18:00 PM,5:50:00 PM,78,1,1,griseocollis,Female,LIAPYC,,,
Nachusa2020_4866,8/15/2020,clear_creek_knolls,5,CRD,5:18:00 PM,5:50:00 PM,78,1,1,citrinus,Male,LIAPYC,,,
Nachusa2020_4867,8/15/2020,clear_creek_knolls,5,CRD,5:18:00 PM,5:50:00 PM,78,1,1,griseocollis,Female,TRIPRA,,,
Nachusa2020_4868,8/15/2020,clear_creek_knolls,5,CRD,5:18:00 PM,5:50:00 PM,78,1,1,rufocinctus,Female,LIAPYC,,,
Nachusa2020_4869,8/15/2020,clear_creek_knolls,5,CRD,5:18:00 PM,5:50:00 PM,78,1,1,Bombus sp.,unknown,LIAPYC,,,
Nachusa2020_4870,8/17/2020,sanders_unit,4,CRD,11:18:00 AM,11:42:00 AM,78,2,2,impatiens,Female,PYCTEN,,,
Nachusa2020_4871,8/17/2020,sanders_unit,4,CRD,11:18:00 AM,11:42:00 AM,78,2,2,impatiens,Female,PYCTEN,,,
Nachusa2020_4872,8/17/2020,sanders_unit,4,CRD,11:18:00 AM,11:42:00 AM,78,2,2,impatiens,Female,PYCTEN,,,
Nachusa2020_4873,8/17/2020,sanders_unit,4,CRD,11:18:00 AM,11:42:00 AM,78,2,2,impatiens,Female,PYCTEN,,,
Nachusa2020_4874,8/17/2020,sanders_unit,4,CRD,11:18:00 AM,11:42:00 AM,78,2,2,impatiens,Female,PYCTEN,,,
Nachusa2020_4875,8/17/2020,sanders_unit,4,CRD,11:18:00 AM,11:42:00 AM,78,2,2,impatiens,Female,PYCTEN,,,
Nachusa2020_4876,8/17/2020,sanders_unit,4,CRD,11:18:00 AM,11:42:00 AM,78,2,2,impatiens,Female,PYCTEN,,,
Nachusa2020_4877,8/17/2020,sanders_unit,4,CRD,11:18:00 AM,11:42:00 AM,78,2,2,impatiens,Female,PYCTEN,,,
Nachusa2020_4878,8/17/2020,sanders_unit,4,CRD,11:18:00 AM,11:42:00 AM,78,2,2,impatiens,Female,PYCTEN,,,
Nachusa2020_4879,8/17/2020,sanders_unit,4,CRD,11:18:00 AM,11:42:00 AM,78,2,2,impatiens,Female,PYCTEN,,,
Nachusa2020_4880,8/17/2020,sanders_unit,4,CRD,11:18:00 AM,11:42:00 AM,78,2,2,impatiens,Female,PYCTEN,,,
Nachusa2020_4881,8/17/2020,sanders_unit,4,CRD,11:18:00 AM,11:42:00 AM,78,2,2,impatiens,Female,PYCTEN,,,
Nachusa2020_4882,8/17/2020,sanders_unit,4,CRD,11:18:00 AM,11:42:00 AM,78,2,2,impatiens,Female,CORTRI,,,
Nachusa2020_4883,8/17/2020,sanders_unit,4,CRD,11:18:00 AM,11:42:00 AM,78,2,2,rufocinctus,Female,SILPER,,,
Nachusa2020_4884,8/17/2020,sanders_unit,4,CRD,11:18:00 AM,11:42:00 AM,78,2,2,rufocinctus,Male,SOLCAN,,,perch
Nachusa2020_4885,8/17/2020,sanders_unit,4,CRD,11:18:00 AM,11:42:00 AM,78,2,2,impatiens,Female,LIAPYC,,,
Nachusa2020_4886,8/17/2020,sanders_unit,4,CRD,11:18:00 AM,11:42:00 AM,78,2,2,auri/pens,Female,GENALB,,,
Nachusa2020_4887,8/17/2020,sanders_unit,4,CRD,11:18:00 AM,11:42:00 AM,78,2,2,auri/pens,Female,GENALB,,,
Nachusa2020_4888,8/17/2020,sanders_unit,4,CRD,11:18:00 AM,11:42:00 AM,78,2,2,auri/pens,Female,GENALB,,,
Nachusa2020_4889,8/17/2020,sanders_unit,4,CRD,11:18:00 AM,11:42:00 AM,78,2,2,auri/pens,Female,GENALB,,,
Nachusa2020_4890,8/17/2020,sanders_unit,4,CRD,11:18:00 AM,11:42:00 AM,78,2,2,fervidus,Female,GENALB,,,
Nachusa2020_4891,8/17/2020,sanders_unit,4,CRD,11:18:00 AM,11:42:00 AM,78,2,2,fervidus,Female,GENALB,,,
Nachusa2020_4892,8/17/2020,sanders_unit,4,CRD,11:18:00 AM,11:42:00 AM,78,2,2,fervidus,Female,GENALB,,,
Nachusa2020_4893,8/17/2020,sanders_unit,4,CRD,11:18:00 AM,11:42:00 AM,78,2,2,fervidus,Female,GENALB,,,
Nachusa2020_4894,8/17/2020,sanders_unit,4,CRD,11:18:00 AM,11:42:00 AM,78,2,2,fervidus,Female,GENALB,,,
Nachusa2020_4895,8/17/2020,sanders_unit,4,CRD,11:18:00 AM,11:42:00 AM,78,2,2,fervidus,Female,GENALB,,,
Nachusa2020_4896,8/17/2020,sanders_unit,4,CRD,11:18:00 AM,11:42:00 AM,78,2,2,vagans,Female,GENALB,,,
Nachusa2020_4897,8/17/2020,sanders_unit,4,CRD,11:18:00 AM,11:42:00 AM,78,2,2,rufocinctus,Female,PYCTEN,,,
Nachusa2020_4898,8/17/2020,sanders_unit,4,CRD,11:18:00 AM,11:42:00 AM,78,2,2,rufocinctus,Female,PYCTEN,,,
Nachusa2020_4899,8/17/2020,sanders_unit,4,CRD,11:18:00 AM,11:42:00 AM,78,2,2,rufocinctus,Female,PYCTEN,,,
Nachusa2020_4900,8/17/2020,sanders_unit,4,CRD,11:18:00 AM,11:42:00 AM,78,2,2,rufocinctus,Female,PYCTEN,,,
Nachusa2020_4901,8/17/2020,sanders_unit,4,CRD,11:18:00 AM,11:42:00 AM,78,2,2,rufocinctus,Female,PYCTEN,,,
Nachusa2020_4902,8/17/2020,sanders_unit,4,CRD,11:18:00 AM,11:42:00 AM,78,2,2,rufocinctus,Female,PYCTEN,,,
Nachusa2020_4903,8/17/2020,sanders_unit,4,CRD,11:18:00 AM,11:42:00 AM,78,2,2,impatiens,Female,GENALB,,,
Nachusa2020_4904,8/17/2020,sanders_unit,4,CRD,11:18:00 AM,11:42:00 AM,78,2,2,impatiens,Female,GENALB,,,
Nachusa2020_4905,8/17/2020,sanders_unit,4,CRD,11:18:00 AM,11:42:00 AM,78,2,2,rufocinctus,Male,LESCAP,,,perch
Nachusa2020_4906,8/17/2020,sanders_unit,4,CRD,11:18:00 AM,11:42:00 AM,78,2,2,auricomus,Female,GENALB,,,photo
Nachusa2020_4907,8/17/2020,sanders_unit,4,CRD,11:18:00 AM,11:42:00 AM,78,2,2,rufocinctus,Male,PYCTEN,,,perch
Nachusa2020_4908,8/17/2020,visitor_area,3,CRD,12:28:00 PM,12:49:00 PM,80,2,2,rufocinctus,Male,LESCAP,,,perch
Nachusa2020_4909,8/17/2020,visitor_area,3,CRD,12:28:00 PM,12:49:00 PM,80,2,2,rufocinctus,Male,EUPCOR,,,
Nachusa2020_4910,8/17/2020,visitor_area,3,CRD,12:28:00 PM,12:49:00 PM,80,2,2,impatiens,Female,TRIPRA,,,
Nachusa2020_4911,8/17/2020,visitor_area,3,CRD,12:28:00 PM,12:49:00 PM,80,2,2,impatiens,Female,TRIPRA,,,
Nachusa2020_4912,8/17/2020,visitor_area,3,CRD,12:28:00 PM,12:49:00 PM,80,2,2,griseocollis,Male,LESCAP,,,perch
Nachusa2020_4913,8/17/2020,visitor_area,3,CRD,12:28:00 PM,12:49:00 PM,80,2,2,griseocollis,Male,CIRDIS,,,
Nachusa2020_4914,8/17/2020,visitor_area,3,CRD,12:28:00 PM,12:49:00 PM,80,2,2,impatiens,Female,CIRDIS,,,
Nachusa2020_4915,8/17/2020,visitor_area,3,CRD,12:28:00 PM,12:49:00 PM,80,2,2,griseocollis,Female,CIRDIS,,,
Nachusa2020_4916,8/17/2020,visitor_area,3,CRD,12:28:00 PM,12:49:00 PM,80,2,2,griseocollis,Female,CIRDIS,,,
Nachusa2020_4917,8/17/2020,visitor_area,3,CRD,12:28:00 PM,12:49:00 PM,80,2,2,rufocinctus,Male,SOLCAN,,,perch
Nachusa2020_4918,8/17/2020,visitor_area,3,CRD,12:28:00 PM,12:49:00 PM,80,2,2,auricomus,Male,None,,,perch on dead
Nachusa2020_4919,8/17/2020,visitor_area,3,CRD,12:28:00 PM,12:49:00 PM,80,2,2,impatiens,Male,VERSTR,,,
Nachusa2020_4920,8/17/2020,visitor_area,3,CRD,12:28:00 PM,12:49:00 PM,80,2,2,griseocollis,Female,MONPUN,,,
Nachusa2020_4921,8/17/2020,hook_larson,6,CRD,3:09:00 PM,3:37:00 PM,76,1,1,griseocollis,Male,MONFIS,,,
Nachusa2020_4922,8/17/2020,hook_larson,6,CRD,3:09:00 PM,3:37:00 PM,76,1,1,griseocollis,Male,MONFIS,,,
Nachusa2020_4923,8/17/2020,hook_larson,6,CRD,3:09:00 PM,3:37:00 PM,76,1,1,griseocollis,Male,MONFIS,,,
Nachusa2020_4924,8/17/2020,hook_larson,6,CRD,3:09:00 PM,3:37:00 PM,76,1,1,griseocollis,Male,MONFIS,,,
Nachusa2020_4925,8/17/2020,hook_larson,6,CRD,3:09:00 PM,3:37:00 PM,76,1,1,griseocollis,Male,MONFIS,,,
Nachusa2020_4926,8/17/2020,hook_larson,6,CRD,3:09:00 PM,3:37:00 PM,76,1,1,griseocollis,Male,MONFIS,,,
Nachusa2020_4927,8/17/2020,hook_larson,6,CRD,3:09:00 PM,3:37:00 PM,76,1,1,griseocollis,Male,MONFIS,,,
Nachusa2020_4928,8/17/2020,hook_larson,6,CRD,3:09:00 PM,3:37:00 PM,76,1,1,griseocollis,Male,MONFIS,,,
Nachusa2020_4929,8/17/2020,hook_larson,6,CRD,3:09:00 PM,3:37:00 PM,76,1,1,griseocollis,Male,MONFIS,,,
Nachusa2020_4930,8/17/2020,hook_larson,6,CRD,3:09:00 PM,3:37:00 PM,76,1,1,griseocollis,Male,MONFIS,,,
Nachusa2020_4931,8/17/2020,hook_larson,6,CRD,3:09:00 PM,3:37:00 PM,76,1,1,griseocollis,Male,MONFIS,,,
Nachusa2020_4932,8/17/2020,hook_larson,6,CRD,3:09:00 PM,3:37:00 PM,76,1,1,griseocollis,Male,MONFIS,,,
Nachusa2020_4933,8/17/2020,hook_larson,6,CRD,3:09:00 PM,3:37:00 PM,76,1,1,griseocollis,Male,MONFIS,,,
Nachusa2020_4934,8/17/2020,hook_larson,6,CRD,3:09:00 PM,3:37:00 PM,76,1,1,griseocollis,Male,MONFIS,,,
Nachusa2020_4935,8/17/2020,hook_larson,6,CRD,3:09:00 PM,3:37:00 PM,76,1,1,griseocollis,Male,MONFIS,,,
Nachusa2020_4936,8/17/2020,hook_larson,6,CRD,3:09:00 PM,3:37:00 PM,76,1,1,griseocollis,Male,MONFIS,,,
Nachusa2020_4937,8/17/2020,hook_larson,6,CRD,3:09:00 PM,3:37:00 PM,76,1,1,griseocollis,Male,MONFIS,,,
Nachusa2020_4938,8/17/2020,hook_larson,6,CRD,3:09:00 PM,3:37:00 PM,76,1,1,griseocollis,Male,MONFIS,,,
Nachusa2020_4939,8/17/2020,hook_larson,6,CRD,3:09:00 PM,3:37:00 PM,76,1,1,griseocollis,Male,MONFIS,,,
Nachusa2020_4940,8/17/2020,hook_larson,6,CRD,3:09:00 PM,3:37:00 PM,76,1,1,griseocollis,Male,MONFIS,,,
Nachusa2020_4941,8/17/2020,hook_larson,6,CRD,3:09:00 PM,3:37:00 PM,76,1,1,griseocollis,Male,MONFIS,,,
Nachusa2020_4942,8/17/2020,hook_larson,6,CRD,3:09:00 PM,3:37:00 PM,76,1,1,griseocollis,Male,MONFIS,,,
Nachusa2020_4943,8/17/2020,hook_larson,6,CRD,3:09:00 PM,3:37:00 PM,76,1,1,griseocollis,Male,MONFIS,,,
Nachusa2020_4944,8/17/2020,hook_larson,6,CRD,3:09:00 PM,3:37:00 PM,76,1,1,griseocollis,Male,MONFIS,,,
Nachusa2020_4945,8/17/2020,hook_larson,6,CRD,3:09:00 PM,3:37:00 PM,76,1,1,griseocollis,Male,MONFIS,,,
Nachusa2020_4946,8/17/2020,hook_larson,6,CRD,3:09:00 PM,3:37:00 PM,76,1,1,griseocollis,Male,MONFIS,,,
Nachusa2020_4947,8/17/2020,hook_larson,6,CRD,3:09:00 PM,3:37:00 PM,76,1,1,griseocollis,Male,MONFIS,,,
Nachusa2020_4948,8/17/2020,hook_larson,6,CRD,3:09:00 PM,3:37:00 PM,76,1,1,griseocollis,Male,MONFIS,,,
Nachusa2020_4949,8/17/2020,hook_larson,6,CRD,3:09:00 PM,3:37:00 PM,76,1,1,griseocollis,Male,MONFIS,,,
Nachusa2020_4950,8/17/2020,hook_larson,6,CRD,3:09:00 PM,3:37:00 PM,76,1,1,griseocollis,Male,MONFIS,,,
Nachusa2020_4951,8/17/2020,hook_larson,6,CRD,3:09:00 PM,3:37:00 PM,76,1,1,griseocollis,Male,MONFIS,,,
Nachusa2020_4952,8/17/2020,hook_larson,6,CRD,3:09:00 PM,3:37:00 PM,76,1,1,griseocollis,Male,MONFIS,,,
Nachusa2020_4953,8/17/2020,hook_larson,6,CRD,3:09:00 PM,3:37:00 PM,76,1,1,griseocollis,Male,MONFIS,,,
Nachusa2020_4954,8/17/2020,hook_larson,6,CRD,3:09:00 PM,3:37:00 PM,76,1,1,griseocollis,Male,MONFIS,,,
Nachusa2020_4955,8/17/2020,hook_larson,6,CRD,3:09:00 PM,3:37:00 PM,76,1,1,griseocollis,Male,MONFIS,,,
Nachusa2020_4956,8/17/2020,hook_larson,6,CRD,3:09:00 PM,3:37:00 PM,76,1,1,griseocollis,Male,MONFIS,,,
Nachusa2020_4957,8/17/2020,hook_larson,6,CRD,3:09:00 PM,3:37:00 PM,76,1,1,griseocollis,Male,MONFIS,,,
Nachusa2020_4958,8/17/2020,hook_larson,6,CRD,3:09:00 PM,3:37:00 PM,76,1,1,griseocollis,Male,MONFIS,,,
Nachusa2020_4959,8/17/2020,hook_larson,6,CRD,3:09:00 PM,3:37:00 PM,76,1,1,griseocollis,Male,MONFIS,,,
Nachusa2020_4960,8/17/2020,hook_larson,6,CRD,3:09:00 PM,3:37:00 PM,76,1,1,griseocollis,Male,MONFIS,,,
Nachusa2020_4961,8/17/2020,hook_larson,6,CRD,3:09:00 PM,3:37:00 PM,76,1,1,griseocollis,Male,MONFIS,,,
Nachusa2020_4962,8/17/2020,hook_larson,6,CRD,3:09:00 PM,3:37:00 PM,76,1,1,griseocollis,Male,MONFIS,,,
Nachusa2020_4963,8/17/2020,hook_larson,6,CRD,3:09:00 PM,3:37:00 PM,76,1,1,griseocollis,Male,MONFIS,,,
Nachusa2020_4964,8/17/2020,hook_larson,6,CRD,3:09:00 PM,3:37:00 PM,76,1,1,griseocollis,Male,MONFIS,,,
Nachusa2020_4965,8/17/2020,hook_larson,6,CRD,3:09:00 PM,3:37:00 PM,76,1,1,griseocollis,Male,MONFIS,,,
Nachusa2020_4966,8/17/2020,hook_larson,6,CRD,3:09:00 PM,3:37:00 PM,76,1,1,griseocollis,Male,MONFIS,,,
Nachusa2020_4967,8/17/2020,hook_larson,6,CRD,3:09:00 PM,3:37:00 PM,76,1,1,griseocollis,Male,MONFIS,,,
Nachusa2020_4968,8/17/2020,hook_larson,6,CRD,3:09:00 PM,3:37:00 PM,76,1,1,griseocollis,Male,MONFIS,,,
Nachusa2020_4969,8/17/2020,hook_larson,6,CRD,3:09:00 PM,3:37:00 PM,76,1,1,griseocollis,Male,MONFIS,,,
Nachusa2020_4970,8/17/2020,hook_larson,6,CRD,3:09:00 PM,3:37:00 PM,76,1,1,griseocollis,Male,MONFIS,,,
Nachusa2020_4971,8/17/2020,hook_larson,6,CRD,3:09:00 PM,3:37:00 PM,76,1,1,griseocollis,Male,MONFIS,,,
Nachusa2020_4972,8/17/2020,hook_larson,6,CRD,3:09:00 PM,3:37:00 PM,76,1,1,griseocollis,Male,MONFIS,,,
Nachusa2020_4973,8/17/2020,hook_larson,6,CRD,3:09:00 PM,3:37:00 PM,76,1,1,griseocollis,Male,MONFIS,,,
Nachusa2020_4974,8/17/2020,hook_larson,6,CRD,3:09:00 PM,3:37:00 PM,76,1,1,griseocollis,Male,MONFIS,,,
Nachusa2020_4975,8/17/2020,hook_larson,6,CRD,3:09:00 PM,3:37:00 PM,76,1,1,griseocollis,Male,MONFIS,,,
Nachusa2020_4976,8/17/2020,hook_larson,6,CRD,3:09:00 PM,3:37:00 PM,76,1,1,griseocollis,Male,MONFIS,,,
Nachusa2020_4977,8/17/2020,hook_larson,6,CRD,3:09:00 PM,3:37:00 PM,76,1,1,griseocollis,Male,MONFIS,,,
Nachusa2020_4978,8/17/2020,hook_larson,6,CRD,3:09:00 PM,3:37:00 PM,76,1,1,griseocollis,Male,MONFIS,,,
Nachusa2020_4979,8/17/2020,hook_larson,6,CRD,3:09:00 PM,3:37:00 PM,76,1,1,griseocollis,Male,MONFIS,,,
Nachusa2020_4980,8/17/2020,hook_larson,6,CRD,3:09:00 PM,3:37:00 PM,76,1,1,griseocollis,Male,MONFIS,,,
Nachusa2020_4981,8/17/2020,hook_larson,6,CRD,3:09:00 PM,3:37:00 PM,76,1,1,griseocollis,Male,MONFIS,,,
Nachusa2020_4982,8/17/2020,hook_larson,6,CRD,3:09:00 PM,3:37:00 PM,76,1,1,griseocollis,Male,MONFIS,,,
Nachusa2020_4983,8/17/2020,hook_larson,6,CRD,3:09:00 PM,3:37:00 PM,76,1,1,impatiens,Female,MONFIS,,,
Nachusa2020_4984,8/17/2020,hook_larson,6,CRD,3:09:00 PM,3:37:00 PM,76,1,1,impatiens,Female,MONFIS,,,
Nachusa2020_4985,8/17/2020,hook_larson,6,CRD,3:09:00 PM,3:37:00 PM,76,1,1,impatiens,Female,MONFIS,,,
Nachusa2020_4986,8/17/2020,hook_larson,6,CRD,3:09:00 PM,3:37:00 PM,76,1,1,impatiens,Female,MONFIS,,,
Nachusa2020_4987,8/17/2020,hook_larson,6,CRD,3:09:00 PM,3:37:00 PM,76,1,1,impatiens,Female,MONFIS,,,
Nachusa2020_4988,8/17/2020,hook_larson,6,CRD,3:09:00 PM,3:37:00 PM,76,1,1,impatiens,Female,MONFIS,,,
Nachusa2020_4989,8/17/2020,hook_larson,6,CRD,3:09:00 PM,3:37:00 PM,76,1,1,impatiens,Female,MONFIS,,,
Nachusa2020_4990,8/17/2020,hook_larson,6,CRD,3:09:00 PM,3:37:00 PM,76,1,1,impatiens,Female,MONFIS,,,
Nachusa2020_4991,8/17/2020,hook_larson,6,CRD,3:09:00 PM,3:37:00 PM,76,1,1,impatiens,Female,MONFIS,,,
Nachusa2020_4992,8/17/2020,hook_larson,6,CRD,3:09:00 PM,3:37:00 PM,76,1,1,impatiens,Female,MONFIS,,,
Nachusa2020_4993,8/17/2020,hook_larson,6,CRD,3:09:00 PM,3:37:00 PM,76,1,1,impatiens,Female,MONFIS,,,
Nachusa2020_4994,8/17/2020,hook_larson,6,CRD,3:09:00 PM,3:37:00 PM,76,1,1,impatiens,Female,MONFIS,,,
Nachusa2020_4995,8/17/2020,hook_larson,6,CRD,3:09:00 PM,3:37:00 PM,76,1,1,impatiens,Female,MONFIS,,,
Nachusa2020_4996,8/17/2020,hook_larson,6,CRD,3:09:00 PM,3:37:00 PM,76,1,1,impatiens,Female,MONFIS,,,
Nachusa2020_4997,8/17/2020,hook_larson,6,CRD,3:09:00 PM,3:37:00 PM,76,1,1,impatiens,Female,MONFIS,,,
Nachusa2020_4998,8/17/2020,hook_larson,6,CRD,3:09:00 PM,3:37:00 PM,76,1,1,impatiens,Female,MONFIS,,,
Nachusa2020_4999,8/17/2020,hook_larson,6,CRD,3:09:00 PM,3:37:00 PM,76,1,1,impatiens,Female,MONFIS,,,
Nachusa2020_5000,8/17/2020,hook_larson,6,CRD,3:09:00 PM,3:37:00 PM,76,1,1,impatiens,Female,MONFIS,,,
Nachusa2020_5001,8/17/2020,hook_larson,6,CRD,3:09:00 PM,3:37:00 PM,76,1,1,impatiens,Female,MONFIS,,,
Nachusa2020_5002,8/17/2020,hook_larson,6,CRD,3:09:00 PM,3:37:00 PM,76,1,1,impatiens,Female,MONFIS,,,
Nachusa2020_5003,8/17/2020,hook_larson,6,CRD,3:09:00 PM,3:37:00 PM,76,1,1,impatiens,Female,MONFIS,,,
Nachusa2020_5004,8/17/2020,hook_larson,6,CRD,3:09:00 PM,3:37:00 PM,76,1,1,impatiens,Female,MONFIS,,,
Nachusa2020_5005,8/17/2020,hook_larson,6,CRD,3:09:00 PM,3:37:00 PM,76,1,1,impatiens,Female,MONFIS,,,
Nachusa2020_5006,8/17/2020,hook_larson,6,CRD,3:09:00 PM,3:37:00 PM,76,1,1,impatiens,Female,MONFIS,,,
Nachusa2020_5007,8/17/2020,hook_larson,6,CRD,3:09:00 PM,3:37:00 PM,76,1,1,impatiens,Female,MONFIS,,,
Nachusa2020_5008,8/17/2020,hook_larson,6,CRD,3:09:00 PM,3:37:00 PM,76,1,1,impatiens,Female,MONFIS,,,
Nachusa2020_5009,8/17/2020,hook_larson,6,CRD,3:09:00 PM,3:37:00 PM,76,1,1,impatiens,Female,MONFIS,,,
Nachusa2020_5010,8/17/2020,hook_larson,6,CRD,3:09:00 PM,3:37:00 PM,76,1,1,impatiens,Female,MONFIS,,,
Nachusa2020_5011,8/17/2020,hook_larson,6,CRD,3:09:00 PM,3:37:00 PM,76,1,1,impatiens,Female,MONFIS,,,
Nachusa2020_5012,8/17/2020,hook_larson,6,CRD,3:09:00 PM,3:37:00 PM,76,1,1,griseocollis,Female,MONFIS,,,
Nachusa2020_5013,8/17/2020,hook_larson,6,CRD,3:09:00 PM,3:37:00 PM,76,1,1,griseocollis,Female,MONFIS,,,
Nachusa2020_5014,8/17/2020,hook_larson,6,CRD,3:09:00 PM,3:37:00 PM,76,1,1,griseocollis,Female,MONFIS,,,
Nachusa2020_5015,8/17/2020,hook_larson,6,CRD,3:09:00 PM,3:37:00 PM,76,1,1,griseocollis,Female,MONFIS,,,
Nachusa2020_5016,8/17/2020,hook_larson,6,CRD,3:09:00 PM,3:37:00 PM,76,1,1,griseocollis,Female,MONFIS,,,
Nachusa2020_5017,8/17/2020,hook_larson,6,CRD,3:09:00 PM,3:37:00 PM,76,1,1,griseocollis,Female,MONFIS,,,
Nachusa2020_5018,8/17/2020,hook_larson,6,CRD,3:09:00 PM,3:37:00 PM,76,1,1,impatiens,Female,TRIPRA,,,
Nachusa2020_5019,8/17/2020,hook_larson,6,CRD,3:09:00 PM,3:37:00 PM,76,1,1,auricomus,Male,MONFIS,,,
Nachusa2020_5020,8/17/2020,hook_larson,6,CRD,3:09:00 PM,3:37:00 PM,76,1,1,auricomus,Male,MONFIS,,,
Nachusa2020_5021,8/17/2020,hook_larson,6,CRD,3:09:00 PM,3:37:00 PM,76,1,1,auricomus,Male,MONFIS,,,
Nachusa2020_5022,8/17/2020,hook_larson,6,CRD,3:09:00 PM,3:37:00 PM,76,1,1,auricomus,Female,CIRDIS,,,
Nachusa2020_5023,8/17/2020,hook_larson,6,CRD,3:09:00 PM,3:37:00 PM,76,1,1,auricomus,Female,CIRDIS,,,
Nachusa2020_5024,8/17/2020,hook_larson,6,CRD,3:09:00 PM,3:37:00 PM,76,1,1,auricomus,Female,CIRDIS,,,
Nachusa2020_5025,8/17/2020,hook_larson,6,CRD,3:09:00 PM,3:37:00 PM,76,1,1,auricomus,Female,CIRDIS,,,
Nachusa2020_5026,8/17/2020,hook_larson,6,CRD,3:09:00 PM,3:37:00 PM,76,1,1,auricomus,Female,CIRDIS,,,
Nachusa2020_5027,8/17/2020,hook_larson,6,CRD,3:09:00 PM,3:37:00 PM,76,1,1,auricomus,Female,MONFIS,,,
Nachusa2020_5028,8/17/2020,hook_larson,6,CRD,3:09:00 PM,3:37:00 PM,76,1,1,auricomus,Female,MONFIS,,,
Nachusa2020_5029,8/17/2020,hook_larson,6,CRD,3:09:00 PM,3:37:00 PM,76,1,1,auricomus,Female,MONFIS,,,
Nachusa2020_5030,8/17/2020,hook_larson,6,CRD,3:09:00 PM,3:37:00 PM,76,1,1,auricomus,Female,MONFIS,,,
Nachusa2020_5031,8/17/2020,hook_larson,6,CRD,3:09:00 PM,3:37:00 PM,76,1,1,auricomus,Female,MONFIS,,,
Nachusa2020_5032,8/17/2020,hook_larson,6,CRD,3:09:00 PM,3:37:00 PM,76,1,1,auri/pens,Female,CIRDIS,,,
Nachusa2020_5033,8/17/2020,hook_larson,6,CRD,3:09:00 PM,3:37:00 PM,76,1,1,auricomus,Male,CIRDIS,,,
Nachusa2020_5034,8/17/2020,hook_larson,6,CRD,3:09:00 PM,3:37:00 PM,76,1,1,griseocollis,Male,CIRDIS,,,
Nachusa2020_5035,8/17/2020,hook_larson,6,CRD,3:09:00 PM,3:37:00 PM,76,1,1,griseocollis,Male,CIRDIS,,,
Nachusa2020_5036,8/17/2020,hook_larson,6,CRD,3:09:00 PM,3:37:00 PM,76,1,1,auricomus,Male,TRIPRA,,,
Nachusa2020_5037,8/17/2020,hook_larson,6,CRD,3:09:00 PM,3:37:00 PM,76,1,1,impatiens,Female,CIRDIS,,,
Nachusa2020_5038,8/17/2020,hook_larson,6,CRD,3:09:00 PM,3:37:00 PM,76,1,1,impatiens,Female,CIRDIS,,,
Nachusa2020_5039,8/17/2020,hook_larson,6,CRD,3:09:00 PM,3:37:00 PM,76,1,1,impatiens,Male,MONFIS,,,
Nachusa2020_5040,8/17/2020,hook_larson,6,CRD,3:09:00 PM,3:37:00 PM,76,1,1,impatiens,Male,MONFIS,,,
Nachusa2020_5041,8/17/2020,hook_larson,6,CRD,3:09:00 PM,3:37:00 PM,76,1,1,affinis,Female,MONFIS,,,
Nachusa2020_5042,8/17/2020,hook_larson,6,CRD,3:09:00 PM,3:37:00 PM,76,1,1,fervidus,Female,MONFIS,,,
Nachusa2020_5043,8/17/2020,holland_prairie_west,8,CRD,4:05:00 PM,4:27:00 PM,77,1,1,impatiens,Female,GENALB,,,
Nachusa2020_5044,8/17/2020,holland_prairie_west,8,CRD,4:05:00 PM,4:27:00 PM,77,1,1,impatiens,Female,GENALB,,,
Nachusa2020_5045,8/17/2020,holland_prairie_west,8,CRD,4:05:00 PM,4:27:00 PM,77,1,1,impatiens,Female,GENALB,,,
Nachusa2020_5046,8/17/2020,holland_prairie_west,8,CRD,4:05:00 PM,4:27:00 PM,77,1,1,impatiens,Female,GENALB,,,
Nachusa2020_5047,8/17/2020,holland_prairie_west,8,CRD,4:05:00 PM,4:27:00 PM,77,1,1,pensylvanicus,Female,GENALB,,,
Nachusa2020_5048,8/17/2020,holland_prairie_west,8,CRD,4:05:00 PM,4:27:00 PM,77,1,1,vagans,Female,GENALB,,,
Nachusa2020_5049,8/17/2020,holland_prairie_west,8,CRD,4:05:00 PM,4:27:00 PM,77,1,1,impatiens,Female,SILINT,,,
Nachusa2020_5050,8/17/2020,holland_prairie_west,8,CRD,4:05:00 PM,4:27:00 PM,77,1,1,pensylvanicus,Female,GENALB,,,
Nachusa2020_5051,8/18/2020,sanders_unit,5,CRD,8:31:00 AM,8:54:00 AM,66,1,1,rufocinctus,Female,CORTRI,,,
Nachusa2020_5052,8/18/2020,sanders_unit,5,CRD,8:31:00 AM,8:54:00 AM,66,1,1,rufocinctus,Female,CORTRI,,,
Nachusa2020_5053,8/18/2020,sanders_unit,5,CRD,8:31:00 AM,8:54:00 AM,66,1,1,rufocinctus,Male,CORTRI,,,
Nachusa2020_5054,8/18/2020,sanders_unit,5,CRD,8:31:00 AM,8:54:00 AM,66,1,1,impatiens,Female,SILLAN,,,
Nachusa2020_5055,8/18/2020,sanders_unit,5,CRD,8:31:00 AM,8:54:00 AM,66,1,1,vagans,Female,CHAFAS,,,
Nachusa2020_5056,8/18/2020,sanders_unit,5,CRD,8:31:00 AM,8:54:00 AM,66,1,1,vagans,Female,CHAFAS,,,
Nachusa2020_5057,8/18/2020,sanders_unit,5,CRD,8:31:00 AM,8:54:00 AM,66,1,1,fervidus,Female,CHAFAS,,,
Nachusa2020_5058,8/18/2020,sanders_unit,5,CRD,8:31:00 AM,8:54:00 AM,66,1,1,pensylvanicus,Female,GENALB,,,
Nachusa2020_5059,8/18/2020,sanders_unit,5,CRD,8:31:00 AM,8:54:00 AM,66,1,1,fervidus,Female,GENALB,,,
Nachusa2020_5060,8/18/2020,sanders_unit,5,CRD,8:31:00 AM,8:54:00 AM,66,1,1,auricomus,Female,GENALB,,,
Nachusa2020_5061,8/18/2020,sanders_unit,5,CRD,8:31:00 AM,8:54:00 AM,66,1,1,impatiens,Female,CHAFAS,,,
Nachusa2020_5062,8/18/2020,sanders_unit,5,CRD,8:31:00 AM,8:54:00 AM,66,1,1,impatiens,Female,CHAFAS,,,
Nachusa2020_5063,8/18/2020,sanders_unit,5,CRD,8:31:00 AM,8:54:00 AM,66,1,1,impatiens,Female,CHAFAS,,,
Nachusa2020_5064,8/18/2020,sanders_unit,5,CRD,8:31:00 AM,8:54:00 AM,66,1,1,impatiens,Female,CHAFAS,,,
Nachusa2020_5065,8/18/2020,sanders_unit,5,CRD,8:31:00 AM,8:54:00 AM,66,1,1,impatiens,Female,CHAFAS,,,
Nachusa2020_5066,8/18/2020,sanders_unit,5,CRD,8:31:00 AM,8:54:00 AM,66,1,1,impatiens,Female,CHAFAS,,,
Nachusa2020_5067,8/18/2020,sanders_unit,5,CRD,8:31:00 AM,8:54:00 AM,66,1,1,impatiens,Female,CHAFAS,,,
Nachusa2020_5068,8/18/2020,sanders_unit,5,CRD,8:31:00 AM,8:54:00 AM,66,1,1,impatiens,Female,CHAFAS,,,
Nachusa2020_5069,8/18/2020,sanders_unit,5,CRD,8:31:00 AM,8:54:00 AM,66,1,1,vagans,Female,GENALB,,,
Nachusa2020_5070,8/18/2020,sanders_unit,5,CRD,8:31:00 AM,8:54:00 AM,66,1,1,fervidus,Male,DAUCAR,,,"no flower, crawling on stem"
Nachusa2020_5071,8/18/2020,sanders_unit,5,CRD,8:31:00 AM,8:54:00 AM,66,1,1,impatiens,Female,GENALB,,,
Nachusa2020_5072,8/18/2020,sanders_unit,5,CRD,8:31:00 AM,8:54:00 AM,66,1,1,rufocinctus,Male,ALLCER,,,
Nachusa2020_5073,8/20/2020,hook_larson,7,CRD,9:24:00 AM,9:48:00 AM,70,1,1,griseocollis,Male,TRIPRA,,,
Nachusa2020_5074,8/20/2020,hook_larson,7,CRD,9:24:00 AM,9:48:00 AM,70,1,1,griseocollis,Male,TRIPRA,,,
Nachusa2020_5075,8/20/2020,hook_larson,7,CRD,9:24:00 AM,9:48:00 AM,70,1,1,griseocollis,Male,MONFIS,,,
Nachusa2020_5076,8/20/2020,hook_larson,7,CRD,9:24:00 AM,9:48:00 AM,70,1,1,griseocollis,Male,MONFIS,,,
Nachusa2020_5077,8/20/2020,hook_larson,7,CRD,9:24:00 AM,9:48:00 AM,70,1,1,griseocollis,Male,MONFIS,,,
Nachusa2020_5078,8/20/2020,hook_larson,7,CRD,9:24:00 AM,9:48:00 AM,70,1,1,griseocollis,Male,MONFIS,,,
Nachusa2020_5079,8/20/2020,hook_larson,7,CRD,9:24:00 AM,9:48:00 AM,70,1,1,griseocollis,Male,MONFIS,,,
Nachusa2020_5080,8/20/2020,hook_larson,7,CRD,9:24:00 AM,9:48:00 AM,70,1,1,griseocollis,Male,MONFIS,,,
Nachusa2020_5081,8/20/2020,hook_larson,7,CRD,9:24:00 AM,9:48:00 AM,70,1,1,griseocollis,Male,MONFIS,,,
Nachusa2020_5082,8/20/2020,hook_larson,7,CRD,9:24:00 AM,9:48:00 AM,70,1,1,griseocollis,Male,MONFIS,,,
Nachusa2020_5083,8/20/2020,hook_larson,7,CRD,9:24:00 AM,9:48:00 AM,70,1,1,griseocollis,Male,MONFIS,,,
Nachusa2020_5084,8/20/2020,hook_larson,7,CRD,9:24:00 AM,9:48:00 AM,70,1,1,griseocollis,Male,MONFIS,,,
Nachusa2020_5085,8/20/2020,hook_larson,7,CRD,9:24:00 AM,9:48:00 AM,70,1,1,griseocollis,Male,MONFIS,,,
Nachusa2020_5086,8/20/2020,hook_larson,7,CRD,9:24:00 AM,9:48:00 AM,70,1,1,griseocollis,Male,MONFIS,,,
Nachusa2020_5087,8/20/2020,hook_larson,7,CRD,9:24:00 AM,9:48:00 AM,70,1,1,griseocollis,Male,MONFIS,,,
Nachusa2020_5088,8/20/2020,hook_larson,7,CRD,9:24:00 AM,9:48:00 AM,70,1,1,griseocollis,Male,MONFIS,,,
Nachusa2020_5089,8/20/2020,hook_larson,7,CRD,9:24:00 AM,9:48:00 AM,70,1,1,griseocollis,Male,MONFIS,,,
Nachusa2020_5090,8/20/2020,hook_larson,7,CRD,9:24:00 AM,9:48:00 AM,70,1,1,griseocollis,Male,MONFIS,,,
Nachusa2020_5091,8/20/2020,hook_larson,7,CRD,9:24:00 AM,9:48:00 AM,70,1,1,griseocollis,Male,MONFIS,,,
Nachusa2020_5092,8/20/2020,hook_larson,7,CRD,9:24:00 AM,9:48:00 AM,70,1,1,griseocollis,Male,MONFIS,,,
Nachusa2020_5093,8/20/2020,hook_larson,7,CRD,9:24:00 AM,9:48:00 AM,70,1,1,griseocollis,Male,MONFIS,,,
Nachusa2020_5094,8/20/2020,hook_larson,7,CRD,9:24:00 AM,9:48:00 AM,70,1,1,griseocollis,Male,MONFIS,,,
Nachusa2020_5095,8/20/2020,hook_larson,7,CRD,9:24:00 AM,9:48:00 AM,70,1,1,griseocollis,Male,MONFIS,,,
Nachusa2020_5096,8/20/2020,hook_larson,7,CRD,9:24:00 AM,9:48:00 AM,70,1,1,griseocollis,Male,MONFIS,,,
Nachusa2020_5097,8/20/2020,hook_larson,7,CRD,9:24:00 AM,9:48:00 AM,70,1,1,griseocollis,Male,CIRDIS,,,
Nachusa2020_5098,8/20/2020,hook_larson,7,CRD,9:24:00 AM,9:48:00 AM,70,1,1,griseocollis,Male,CIRDIS,,,
Nachusa2020_5099,8/20/2020,hook_larson,7,CRD,9:24:00 AM,9:48:00 AM,70,1,1,griseocollis,Male,CIRDIS,,,
Nachusa2020_5100,8/20/2020,hook_larson,7,CRD,9:24:00 AM,9:48:00 AM,70,1,1,griseocollis,Male,CIRDIS,,,
Nachusa2020_5101,8/20/2020,hook_larson,7,CRD,9:24:00 AM,9:48:00 AM,70,1,1,griseocollis,Male,CIRDIS,,,
Nachusa2020_5102,8/20/2020,hook_larson,7,CRD,9:24:00 AM,9:48:00 AM,70,1,1,griseocollis,Male,CIRDIS,,,
Nachusa2020_5103,8/20/2020,hook_larson,7,CRD,9:24:00 AM,9:48:00 AM,70,1,1,griseocollis,Male,CIRDIS,,,
Nachusa2020_5104,8/20/2020,hook_larson,7,CRD,9:24:00 AM,9:48:00 AM,70,1,1,griseocollis,Male,CIRDIS,,,
Nachusa2020_5105,8/20/2020,hook_larson,7,CRD,9:24:00 AM,9:48:00 AM,70,1,1,griseocollis,Male,CIRDIS,,,
Nachusa2020_5106,8/20/2020,hook_larson,7,CRD,9:24:00 AM,9:48:00 AM,70,1,1,griseocollis,Male,CIRDIS,,,
Nachusa2020_5107,8/20/2020,hook_larson,7,CRD,9:24:00 AM,9:48:00 AM,70,1,1,griseocollis,Male,CIRDIS,,,
Nachusa2020_5108,8/20/2020,hook_larson,7,CRD,9:24:00 AM,9:48:00 AM,70,1,1,griseocollis,Male,CIRDIS,,,
Nachusa2020_5109,8/20/2020,hook_larson,7,CRD,9:24:00 AM,9:48:00 AM,70,1,1,griseocollis,Male,CIRDIS,,,
Nachusa2020_5110,8/20/2020,hook_larson,7,CRD,9:24:00 AM,9:48:00 AM,70,1,1,griseocollis,Female,MONFIS,,,
Nachusa2020_5111,8/20/2020,hook_larson,7,CRD,9:24:00 AM,9:48:00 AM,70,1,1,griseocollis,Female,MONFIS,,,
Nachusa2020_5112,8/20/2020,hook_larson,7,CRD,9:24:00 AM,9:48:00 AM,70,1,1,griseocollis,Female,MONFIS,,,
Nachusa2020_5113,8/20/2020,hook_larson,7,CRD,9:24:00 AM,9:48:00 AM,70,1,1,impatiens,Male,MONFIS,,,
Nachusa2020_5114,8/20/2020,hook_larson,7,CRD,9:24:00 AM,9:48:00 AM,70,1,1,impatiens,Female,MONFIS,,,
Nachusa2020_5115,8/20/2020,hook_larson,7,CRD,9:24:00 AM,9:48:00 AM,70,1,1,impatiens,Female,MONFIS,,,
Nachusa2020_5116,8/20/2020,hook_larson,7,CRD,9:24:00 AM,9:48:00 AM,70,1,1,impatiens,Female,MONFIS,,,
Nachusa2020_5117,8/20/2020,hook_larson,7,CRD,9:24:00 AM,9:48:00 AM,70,1,1,impatiens,Female,MONFIS,,,
Nachusa2020_5118,8/20/2020,hook_larson,7,CRD,9:24:00 AM,9:48:00 AM,70,1,1,impatiens,Female,MONFIS,,,
Nachusa2020_5119,8/20/2020,hook_larson,7,CRD,9:24:00 AM,9:48:00 AM,70,1,1,impatiens,Female,MONFIS,,,
Nachusa2020_5120,8/20/2020,hook_larson,7,CRD,9:24:00 AM,9:48:00 AM,70,1,1,impatiens,Female,MONFIS,,,
Nachusa2020_5121,8/20/2020,hook_larson,7,CRD,9:24:00 AM,9:48:00 AM,70,1,1,impatiens,Female,MONFIS,,,
Nachusa2020_5122,8/20/2020,hook_larson,7,CRD,9:24:00 AM,9:48:00 AM,70,1,1,impatiens,Female,MONFIS,,,
Nachusa2020_5123,8/20/2020,hook_larson,7,CRD,9:24:00 AM,9:48:00 AM,70,1,1,impatiens,Female,MONFIS,,,
Nachusa2020_5124,8/20/2020,hook_larson,7,CRD,9:24:00 AM,9:48:00 AM,70,1,1,impatiens,Female,MONFIS,,,
Nachusa2020_5125,8/20/2020,hook_larson,7,CRD,9:24:00 AM,9:48:00 AM,70,1,1,impatiens,Female,MONFIS,,,
Nachusa2020_5126,8/20/2020,hook_larson,7,CRD,9:24:00 AM,9:48:00 AM,70,1,1,auricomus,Male,CIRDIS,,,
Nachusa2020_5127,8/20/2020,hook_larson,7,CRD,9:24:00 AM,9:48:00 AM,70,1,1,auricomus,Male,CIRDIS,,,
Nachusa2020_5128,8/20/2020,hook_larson,7,CRD,9:24:00 AM,9:48:00 AM,70,1,1,auricomus,Male,CIRDIS,,,
Nachusa2020_5129,8/20/2020,hook_larson,7,CRD,9:24:00 AM,9:48:00 AM,70,1,1,auricomus,Male,CIRDIS,,,
Nachusa2020_5130,8/20/2020,hook_larson,7,CRD,9:24:00 AM,9:48:00 AM,70,1,1,auricomus,Female,CIRDIS,,,
Nachusa2020_5131,8/20/2020,hook_larson,7,CRD,9:24:00 AM,9:48:00 AM,70,1,1,auricomus,Female,CIRDIS,,,
Nachusa2020_5132,8/20/2020,hook_larson,7,CRD,9:24:00 AM,9:48:00 AM,70,1,1,auricomus,Female,CIRDIS,,,
Nachusa2020_5133,8/20/2020,hook_larson,7,CRD,9:24:00 AM,9:48:00 AM,70,1,1,auricomus,Female,CIRDIS,,,
Nachusa2020_5134,8/20/2020,hook_larson,7,CRD,9:24:00 AM,9:48:00 AM,70,1,1,auricomus,Female,CIRDIS,,,
Nachusa2020_5135,8/20/2020,hook_larson,7,CRD,9:24:00 AM,9:48:00 AM,70,1,1,griseocollis,Female,CIRDIS,,,
Nachusa2020_5136,8/20/2020,hook_larson,7,CRD,9:24:00 AM,9:48:00 AM,70,1,1,griseocollis,Female,CIRDIS,,,
Nachusa2020_5137,8/20/2020,hook_larson,7,CRD,9:24:00 AM,9:48:00 AM,70,1,1,griseocollis,Female,CIRDIS,,,
Nachusa2020_5138,8/20/2020,hook_larson,7,CRD,9:24:00 AM,9:48:00 AM,70,1,1,griseocollis,Female,CIRDIS,,,
Nachusa2020_5139,8/20/2020,hook_larson,7,CRD,9:24:00 AM,9:48:00 AM,70,1,1,griseocollis,Female,CIRDIS,,,
Nachusa2020_5140,8/20/2020,hook_larson,7,CRD,9:24:00 AM,9:48:00 AM,70,1,1,griseocollis,Female,CIRDIS,,,
Nachusa2020_5141,8/20/2020,hook_larson,7,CRD,9:24:00 AM,9:48:00 AM,70,1,1,griseocollis,Female,CIRDIS,,,
Nachusa2020_5142,8/20/2020,hook_larson,7,CRD,9:24:00 AM,9:48:00 AM,70,1,1,griseocollis,Female,CIRDIS,,,
Nachusa2020_5143,8/20/2020,hook_larson,7,CRD,9:24:00 AM,9:48:00 AM,70,1,1,auricomus,Female,MONFIS,,,
Nachusa2020_5144,8/20/2020,hook_larson,7,CRD,9:24:00 AM,9:48:00 AM,70,1,1,auricomus,Female,MONFIS,,,
Nachusa2020_5145,8/20/2020,hook_larson,7,CRD,9:24:00 AM,9:48:00 AM,70,1,1,auricomus,Female,CIRDIS,,,
Nachusa2020_5146,8/20/2020,hook_larson,7,CRD,9:24:00 AM,9:48:00 AM,70,1,1,impatiens,Female,CIRDIS,,,
Nachusa2020_5147,8/20/2020,hook_larson,7,CRD,9:24:00 AM,9:48:00 AM,70,1,1,impatiens,Female,CIRDIS,,,
Nachusa2020_5148,8/20/2020,hook_larson,7,CRD,9:24:00 AM,9:48:00 AM,70,1,1,impatiens,Female,CIRDIS,,,
Nachusa2020_5149,8/20/2020,hook_larson,7,CRD,9:24:00 AM,9:48:00 AM,70,1,1,impatiens,Female,CIRDIS,,,
Nachusa2020_5150,8/20/2020,hook_larson,7,CRD,9:24:00 AM,9:48:00 AM,70,1,1,impatiens,Female,CIRDIS,,,
Nachusa2020_5151,8/20/2020,hook_larson,7,CRD,9:24:00 AM,9:48:00 AM,70,1,1,impatiens,Female,CIRDIS,,,
Nachusa2020_5152,8/20/2020,hook_larson,7,CRD,9:24:00 AM,9:48:00 AM,70,1,1,impatiens,Female,CIRDIS,,,
Nachusa2020_5153,8/20/2020,hook_larson,7,CRD,9:24:00 AM,9:48:00 AM,70,1,1,impatiens,Female,CIRDIS,,,
Nachusa2020_5154,8/20/2020,hook_larson,7,CRD,9:24:00 AM,9:48:00 AM,70,1,1,impatiens,Female,CIRDIS,,,
Nachusa2020_5155,8/20/2020,hook_larson,7,CRD,9:24:00 AM,9:48:00 AM,70,1,1,impatiens,Female,CIRDIS,,,
Nachusa2020_5156,8/20/2020,hook_larson,7,CRD,9:24:00 AM,9:48:00 AM,70,1,1,impatiens,Female,CIRDIS,,,
Nachusa2020_5157,8/20/2020,hook_larson,7,CRD,9:24:00 AM,9:48:00 AM,70,1,1,impatiens,Female,CIRDIS,,,
Nachusa2020_5158,8/20/2020,hook_larson,7,CRD,9:24:00 AM,9:48:00 AM,70,1,1,impatiens,Female,CIRDIS,,,
Nachusa2020_5159,8/20/2020,hook_larson,7,CRD,9:24:00 AM,9:48:00 AM,70,1,1,impatiens,Female,CIRDIS,,,
Nachusa2020_5160,8/20/2020,hook_larson,7,CRD,9:24:00 AM,9:48:00 AM,70,1,1,impatiens,Male,MONFIS,,,
Nachusa2020_5161,8/20/2020,hook_larson,7,CRD,9:24:00 AM,9:48:00 AM,70,1,1,impatiens,Male,MONFIS,,,
Nachusa2020_5162,8/20/2020,hook_larson,7,CRD,9:24:00 AM,9:48:00 AM,70,1,1,impatiens,Male,MONFIS,,,
Nachusa2020_5163,8/20/2020,hook_larson,7,CRD,9:24:00 AM,9:48:00 AM,70,1,1,impatiens,Male,MONFIS,,,
Nachusa2020_5164,8/20/2020,hook_larson,7,CRD,9:24:00 AM,9:48:00 AM,70,1,1,fervidus,Female,CIRDIS,,,
Nachusa2020_5165,8/20/2020,sanders_unit,6,CRD,10:30:00 AM,10:58:00 AM,73,1,1,pensylvanicus,Female,GENALB,,,
Nachusa2020_5166,8/20/2020,sanders_unit,6,CRD,10:30:00 AM,10:58:00 AM,73,1,1,pensylvanicus,Female,GENALB,,,
Nachusa2020_5167,8/20/2020,sanders_unit,6,CRD,10:30:00 AM,10:58:00 AM,73,1,1,rufocinctus,Male,LESCAP,,,perch
Nachusa2020_5168,8/20/2020,sanders_unit,6,CRD,10:30:00 AM,10:58:00 AM,73,1,1,rufocinctus,Male,LESCAP,,,perch
Nachusa2020_5169,8/20/2020,sanders_unit,6,CRD,10:30:00 AM,10:58:00 AM,73,1,1,rufocinctus,Male,BAPALB,,,perch on leaf
Nachusa2020_5170,8/20/2020,sanders_unit,6,CRD,10:30:00 AM,10:58:00 AM,73,1,1,auricomus,Male,None,,,perch on dead
Nachusa2020_5171,8/20/2020,sanders_unit,6,CRD,10:30:00 AM,10:58:00 AM,73,1,1,vagans,Female,GENALB,,,
Nachusa2020_5172,8/20/2020,sanders_unit,6,CRD,10:30:00 AM,10:58:00 AM,73,1,1,vagans,Female,GENALB,,,
Nachusa2020_5173,8/20/2020,sanders_unit,6,CRD,10:30:00 AM,10:58:00 AM,73,1,1,vagans,Female,GENALB,,,
Nachusa2020_5174,8/20/2020,sanders_unit,6,CRD,10:30:00 AM,10:58:00 AM,73,1,1,auri/pens,Female,GENALB,,,
Nachusa2020_5175,8/20/2020,sanders_unit,6,CRD,10:30:00 AM,10:58:00 AM,73,1,1,rufocinctus,Male,None,,,perch on dead
Nachusa2020_5176,8/20/2020,sanders_unit,6,CRD,10:30:00 AM,10:58:00 AM,73,1,1,impatiens,Female,CHAFAS,,,
Nachusa2020_5177,8/20/2020,sanders_unit,6,CRD,10:30:00 AM,10:58:00 AM,73,1,1,impatiens,Female,GENALB,,,
Nachusa2020_5178,8/20/2020,sanders_unit,6,CRD,10:30:00 AM,10:58:00 AM,73,1,1,impatiens,Female,GENALB,,,
Nachusa2020_5179,8/20/2020,sanders_unit,6,CRD,10:30:00 AM,10:58:00 AM,73,1,1,auri/pens,Female,GENALB,,,
Nachusa2020_5180,8/20/2020,sanders_unit,6,CRD,10:30:00 AM,10:58:00 AM,73,1,1,rufocinctus,Female,ALLCER,,,specimen: needs ID
Nachusa2020_5181,8/20/2020,sanders_unit,6,CRD,10:30:00 AM,10:58:00 AM,73,1,1,fervidus,Male,GENALB,,,
Nachusa2020_5182,8/20/2020,sanders_unit,6,CRD,10:30:00 AM,10:58:00 AM,73,1,1,fervidus,Female,GENALB,,,
Nachusa2020_5183,8/20/2020,sanders_unit,6,CRD,10:30:00 AM,10:58:00 AM,73,1,1,fervidus,Female,GENALB,,,
Nachusa2020_5184,8/20/2020,sanders_unit,6,CRD,10:30:00 AM,10:58:00 AM,73,1,1,fervidus,Female,GENALB,,,
Nachusa2020_5185,8/20/2020,sanders_unit,6,CRD,10:30:00 AM,10:58:00 AM,73,1,1,auri/pens,Female,GENALB,,,
Nachusa2020_5186,8/20/2020,sanders_unit,6,CRD,10:30:00 AM,10:58:00 AM,73,1,1,rufocinctus,Male,SOLCAN,,,perch
Nachusa2020_5187,8/20/2020,clear_creek_knolls,6,CRD,11:52:00 AM,12:12:00 PM,76,1,1,fervidus,Female,GENALB,,,
Nachusa2020_5188,8/20/2020,clear_creek_knolls,6,CRD,11:52:00 AM,12:12:00 PM,76,1,1,fervidus,Female,GENALB,,,
Nachusa2020_5189,8/20/2020,clear_creek_knolls,6,CRD,11:52:00 AM,12:12:00 PM,76,1,1,fervidus,Female,GENALB,,,
Nachusa2020_5190,8/20/2020,clear_creek_knolls,6,CRD,11:52:00 AM,12:12:00 PM,76,1,1,fervidus,Female,GENALB,,,
Nachusa2020_5191,8/20/2020,clear_creek_knolls,6,CRD,11:52:00 AM,12:12:00 PM,76,1,1,impatiens,Female,GENALB,,,
Nachusa2020_5192,8/20/2020,clear_creek_knolls,6,CRD,11:52:00 AM,12:12:00 PM,76,1,1,impatiens,Female,GENALB,,,
Nachusa2020_5193,8/20/2020,clear_creek_knolls,6,CRD,11:52:00 AM,12:12:00 PM,76,1,1,fervidus,Male,GENALB,,,
Nachusa2020_5194,8/20/2020,clear_creek_knolls,6,CRD,11:52:00 AM,12:12:00 PM,76,1,1,pensylvanicus,Female,GENALB,,,
Nachusa2020_5195,8/20/2020,clear_creek_knolls,6,CRD,11:52:00 AM,12:12:00 PM,76,1,1,auri/pens,Female,GENALB,,,
Nachusa2020_5196,8/20/2020,gobbler_ridge,4,CRD,1:20:00 PM,1:40:00 PM,77,1,1,impatiens,Female,CORTRI,,,
Nachusa2020_5197,8/20/2020,gobbler_ridge,4,CRD,1:20:00 PM,1:40:00 PM,77,1,1,impatiens,Female,CORTRI,,,
Nachusa2020_5198,8/20/2020,gobbler_ridge,4,CRD,1:20:00 PM,1:40:00 PM,77,1,1,impatiens,Female,CORTRI,,,
Nachusa2020_5199,8/20/2020,gobbler_ridge,4,CRD,1:20:00 PM,1:40:00 PM,77,1,1,impatiens,Female,CORTRI,,,
Nachusa2020_5200,8/20/2020,gobbler_ridge,4,CRD,1:20:00 PM,1:40:00 PM,77,1,1,impatiens,Female,CORTRI,,,
Nachusa2020_5201,8/20/2020,gobbler_ridge,4,CRD,1:20:00 PM,1:40:00 PM,77,1,1,griseocollis,Male,CIRDIS,,,
Nachusa2020_5202,8/20/2020,gobbler_ridge,4,CRD,1:20:00 PM,1:40:00 PM,77,1,1,impatiens,Female,CIRDIS,,,
Nachusa2020_5203,8/20/2020,gobbler_ridge,4,CRD,1:20:00 PM,1:40:00 PM,77,1,1,impatiens,Female,CIRDIS,,,
Nachusa2020_5204,8/20/2020,gobbler_ridge,4,CRD,1:20:00 PM,1:40:00 PM,77,1,1,impatiens,Female,CIRDIS,,,
Nachusa2020_5205,8/20/2020,gobbler_ridge,4,CRD,1:20:00 PM,1:40:00 PM,77,1,1,impatiens,Female,CIRDIS,,,
Nachusa2020_5206,8/20/2020,gobbler_ridge,4,CRD,1:20:00 PM,1:40:00 PM,77,1,1,impatiens,Female,CIRDIS,,,
Nachusa2020_5207,8/20/2020,gobbler_ridge,4,CRD,1:20:00 PM,1:40:00 PM,77,1,1,impatiens,Female,CIRDIS,,,
Nachusa2020_5208,8/20/2020,gobbler_ridge,4,CRD,1:20:00 PM,1:40:00 PM,77,1,1,impatiens,Female,CIRDIS,,,
Nachusa2020_5209,8/20/2020,gobbler_ridge,4,CRD,1:20:00 PM,1:40:00 PM,77,1,1,impatiens,Female,CIRDIS,,,
Nachusa2020_5210,8/20/2020,gobbler_ridge,4,CRD,1:20:00 PM,1:40:00 PM,77,1,1,griseocollis,Female,CIRDIS,,,
Nachusa2020_5211,8/20/2020,gobbler_ridge,4,CRD,1:20:00 PM,1:40:00 PM,77,1,1,griseocollis,Male,CORTRI,,,
Nachusa2020_5212,8/20/2020,gobbler_ridge,4,CRD,1:20:00 PM,1:40:00 PM,77,1,1,griseocollis,Male,CORTRI,,,
Nachusa2020_5213,8/20/2020,gobbler_ridge,4,CRD,1:20:00 PM,1:40:00 PM,77,1,1,griseocollis,Male,CORTRI,,,
Nachusa2020_5214,8/20/2020,gobbler_ridge,4,CRD,1:20:00 PM,1:40:00 PM,77,1,1,rufocinctus,Male,CORTRI,,,
Nachusa2020_5215,8/20/2020,gobbler_ridge,4,CRD,1:20:00 PM,1:40:00 PM,77,1,1,rufocinctus,Female,CORTRI,,,
Nachusa2020_5216,8/20/2020,gobbler_ridge,4,CRD,1:20:00 PM,1:40:00 PM,77,1,1,auricomus,Female,GENALB,,,
Nachusa2020_5217,8/20/2020,gobbler_ridge,4,CRD,1:20:00 PM,1:40:00 PM,77,1,1,impatiens,Female,SILINT,,,
Nachusa2020_5218,8/20/2020,gobbler_ridge,4,CRD,1:20:00 PM,1:40:00 PM,77,1,1,griseocollis,Female,CORTRI,,,
Nachusa2020_5219,8/20/2020,oak_island,3,CRD,2:35:00 PM,2:57:00 PM,79,1,1,impatiens,Female,TRIPRA,,,
Nachusa2020_5220,8/20/2020,oak_island,3,CRD,2:35:00 PM,2:57:00 PM,79,1,1,griseocollis,Female,TRIPRA,,,
Nachusa2020_5221,8/20/2020,oak_island,3,CRD,2:35:00 PM,2:57:00 PM,79,1,1,griseocollis,Male,TRIPRA,,,
Nachusa2020_5222,8/20/2020,oak_island,3,CRD,2:35:00 PM,2:57:00 PM,79,1,1,pensylvanicus,Female,TRIPRA,,,
Nachusa2020_5223,8/21/2020,no_name_knob,4,CRD,11:36:00 AM,11:58:00 AM,77,1,1,impatiens,Male,VERSTR,,,
Nachusa2020_5224,8/21/2020,no_name_knob,4,CRD,11:36:00 AM,11:58:00 AM,77,1,1,impatiens,Male,VERSTR,,,
Nachusa2020_5225,8/21/2020,no_name_knob,4,CRD,11:36:00 AM,11:58:00 AM,77,1,1,impatiens,Male,VERSTR,,,
Nachusa2020_5226,8/21/2020,no_name_knob,4,CRD,11:36:00 AM,11:58:00 AM,77,1,1,impatiens,Male,VERSTR,,,
Nachusa2020_5227,8/21/2020,no_name_knob,4,CRD,11:36:00 AM,11:58:00 AM,77,1,1,fervidus,Female,CIRDIS,,,
Nachusa2020_5228,8/21/2020,no_name_knob,4,CRD,11:36:00 AM,11:58:00 AM,77,1,1,fervidus,Female,CIRDIS,,,
Nachusa2020_5229,8/21/2020,no_name_knob,4,CRD,11:36:00 AM,11:58:00 AM,77,1,1,impatiens,Female,MONFIS,,,
Nachusa2020_5230,8/21/2020,no_name_knob,4,CRD,11:36:00 AM,11:58:00 AM,77,1,1,impatiens,Male,SILPER,,,
Nachusa2020_5231,8/21/2020,no_name_knob,4,CRD,11:36:00 AM,11:58:00 AM,77,1,1,griseocollis,Male,CIRDIS,,,
Nachusa2020_5232,8/21/2020,no_name_knob,4,CRD,11:36:00 AM,11:58:00 AM,77,1,1,griseocollis,Male,CIRDIS,,,
Nachusa2020_5233,8/21/2020,no_name_knob,4,CRD,11:36:00 AM,11:58:00 AM,77,1,1,griseocollis,Male,CIRDIS,,,
Nachusa2020_5234,8/21/2020,no_name_knob,4,CRD,11:36:00 AM,11:58:00 AM,77,1,1,griseocollis,Female,CIRDIS,,,
Nachusa2020_5235,8/21/2020,no_name_knob,4,CRD,11:36:00 AM,11:58:00 AM,77,1,1,griseocollis,Female,CIRDIS,,,
Nachusa2020_5236,8/21/2020,no_name_knob,4,CRD,11:36:00 AM,11:58:00 AM,77,1,1,griseocollis,Female,CIRDIS,,,
Nachusa2020_5237,8/21/2020,no_name_knob,4,CRD,11:36:00 AM,11:58:00 AM,77,1,1,auricomus,Female,CIRDIS,,,
Nachusa2020_5238,8/21/2020,no_name_knob,4,CRD,11:36:00 AM,11:58:00 AM,77,1,1,impatiens,Female,CIRDIS,,,
Nachusa2020_5239,8/21/2020,no_name_knob,4,CRD,11:36:00 AM,11:58:00 AM,77,1,1,impatiens,Female,CIRDIS,,,
Nachusa2020_5240,8/21/2020,no_name_knob,4,CRD,11:36:00 AM,11:58:00 AM,77,1,1,impatiens,Female,CIRDIS,,,
Nachusa2020_5241,8/21/2020,no_name_knob,4,CRD,11:36:00 AM,11:58:00 AM,77,1,1,impatiens,Female,CIRDIS,,,
Nachusa2020_5242,8/21/2020,no_name_knob,4,CRD,11:36:00 AM,11:58:00 AM,77,1,1,impatiens,Female,CIRDIS,,,
Nachusa2020_5243,8/21/2020,no_name_knob,4,CRD,11:36:00 AM,11:58:00 AM,77,1,1,impatiens,Female,CIRDIS,,,
Nachusa2020_5244,8/21/2020,no_name_knob,4,CRD,11:36:00 AM,11:58:00 AM,77,1,1,auricomus,Male,CIRDIS,,,CORNBUG RIDING THIS AURICOMUS
Nachusa2020_5245,8/21/2020,clear_creek_knolls,7,CRD,1:17:00 PM,1:38:00 PM,79,1,1,impatiens,Female,GENALB,,,
Nachusa2020_5246,8/21/2020,clear_creek_knolls,7,CRD,1:17:00 PM,1:38:00 PM,79,1,1,pensylvanicus,Female,CIRDIS,,,photo
Nachusa2020_5247,8/21/2020,clear_creek_knolls,7,CRD,1:17:00 PM,1:38:00 PM,79,1,1,impatiens,Male,CORTRI,,,
Nachusa2020_5248,8/21/2020,clear_creek_knolls,7,CRD,1:17:00 PM,1:38:00 PM,79,1,1,griseocollis,Female,CIRDIS,,,
Nachusa2020_5249,8/21/2020,gobbler_ridge,5,CRD,2:11:00 PM,2:33:00 PM,79,1,1,rufocinctus,Female,ALLCER,,,
Nachusa2020_5250,8/21/2020,gobbler_ridge,5,CRD,2:11:00 PM,2:33:00 PM,79,1,1,pensylvanicus,Male,GENALB,,,specimen needs ID; *UPDATE* species changed fervidus -> pensylvanicus
Nachusa2020_5251,8/21/2020,gobbler_ridge,5,CRD,2:11:00 PM,2:33:00 PM,79,1,1,pensylvanicus,Female,GENALB,,,
Nachusa2020_5252,8/21/2020,gobbler_ridge,5,CRD,2:11:00 PM,2:33:00 PM,79,1,1,impatiens,Female,ALLCER,,,
Nachusa2020_5253,8/21/2020,gobbler_ridge,5,CRD,2:11:00 PM,2:33:00 PM,79,1,1,impatiens,Female,ALLCER,,,
Nachusa2020_5254,8/21/2020,flag_lowden,4,CRD,3:39:00 PM,3:59:00 PM,80,1,1,griseocollis,Male,CIRDIS,,,
Nachusa2020_5255,8/21/2020,flag_lowden,4,CRD,3:39:00 PM,3:59:00 PM,80,1,1,griseocollis,Male,CIRDIS,,,
Nachusa2020_5256,8/21/2020,flag_lowden,4,CRD,3:39:00 PM,3:59:00 PM,80,1,1,griseocollis,Male,CIRDIS,,,
Nachusa2020_5257,8/21/2020,flag_lowden,4,CRD,3:39:00 PM,3:59:00 PM,80,1,1,griseocollis,Male,CIRDIS,,,
Nachusa2020_5258,8/21/2020,flag_lowden,4,CRD,3:39:00 PM,3:59:00 PM,80,1,1,griseocollis,Male,CIRDIS,,,
Nachusa2020_5259,8/21/2020,flag_lowden,4,CRD,3:39:00 PM,3:59:00 PM,80,1,1,griseocollis,Male,CIRDIS,,,
Nachusa2020_5260,8/21/2020,flag_lowden,4,CRD,3:39:00 PM,3:59:00 PM,80,1,1,griseocollis,Male,CIRDIS,,,
Nachusa2020_5261,8/21/2020,flag_lowden,4,CRD,3:39:00 PM,3:59:00 PM,80,1,1,griseocollis,Male,CIRDIS,,,
Nachusa2020_5262,8/21/2020,flag_lowden,4,CRD,3:39:00 PM,3:59:00 PM,80,1,1,griseocollis,Male,CIRDIS,,,
Nachusa2020_5263,8/21/2020,flag_lowden,4,CRD,3:39:00 PM,3:59:00 PM,80,1,1,griseocollis,Male,CIRDIS,,,
Nachusa2020_5264,8/21/2020,flag_lowden,4,CRD,3:39:00 PM,3:59:00 PM,80,1,1,griseocollis,Male,CIRDIS,,,
Nachusa2020_5265,8/21/2020,flag_lowden,4,CRD,3:39:00 PM,3:59:00 PM,80,1,1,griseocollis,Male,CIRDIS,,,
Nachusa2020_5266,8/21/2020,flag_lowden,4,CRD,3:39:00 PM,3:59:00 PM,80,1,1,griseocollis,Male,CIRDIS,,,
Nachusa2020_5267,8/21/2020,flag_lowden,4,CRD,3:39:00 PM,3:59:00 PM,80,1,1,griseocollis,Male,CIRDIS,,,
Nachusa2020_5268,8/21/2020,flag_lowden,4,CRD,3:39:00 PM,3:59:00 PM,80,1,1,griseocollis,Male,CIRDIS,,,
Nachusa2020_5269,8/21/2020,flag_lowden,4,CRD,3:39:00 PM,3:59:00 PM,80,1,1,griseocollis,Male,CIRDIS,,,
Nachusa2020_5270,8/21/2020,flag_lowden,4,CRD,3:39:00 PM,3:59:00 PM,80,1,1,griseocollis,Male,CIRDIS,,,
Nachusa2020_5271,8/21/2020,flag_lowden,4,CRD,3:39:00 PM,3:59:00 PM,80,1,1,griseocollis,Male,CIRDIS,,,
Nachusa2020_5272,8/21/2020,flag_lowden,4,CRD,3:39:00 PM,3:59:00 PM,80,1,1,griseocollis,Male,CIRDIS,,,
Nachusa2020_5273,8/21/2020,flag_lowden,4,CRD,3:39:00 PM,3:59:00 PM,80,1,1,griseocollis,Female,CIRDIS,,,
Nachusa2020_5274,8/21/2020,flag_lowden,4,CRD,3:39:00 PM,3:59:00 PM,80,1,1,impatiens,Female,CIRDIS,,,
Nachusa2020_5275,8/21/2020,flag_lowden,4,CRD,3:39:00 PM,3:59:00 PM,80,1,1,fervidus,Male,CIRDIS,,,
Nachusa2020_5276,8/21/2020,flag_lowden,4,CRD,3:39:00 PM,3:59:00 PM,80,1,1,fervidus,unknown,CIRDIS,,,resting
Nachusa2020_5277,8/21/2020,flag_lowden,4,CRD,3:39:00 PM,3:59:00 PM,80,1,1,vagans,Female,CIRDIS,,,
Nachusa2020_5278,8/21/2020,flag_lowden,4,CRD,3:39:00 PM,3:59:00 PM,80,1,1,rufocinctus,Male,VERHAS,,,
Nachusa2020_5279,8/21/2020,flag_lowden,4,CRD,3:39:00 PM,3:59:00 PM,80,1,1,rufocinctus,Male,VERHAS,,,
Nachusa2020_5280,8/21/2020,flag_lowden,4,CRD,3:39:00 PM,3:59:00 PM,80,1,1,impatiens,Female,VERHAS,,,
Nachusa2020_5281,8/24/2020,rolling_thunder,5,CRD,8:59:00 AM,9:22:00 AM,74,1,1,impatiens,Female,CIRDIS,,,
Nachusa2020_5282,8/24/2020,rolling_thunder,5,CRD,8:59:00 AM,9:22:00 AM,74,1,1,impatiens,Female,CIRDIS,,,
Nachusa2020_5283,8/24/2020,rolling_thunder,5,CRD,8:59:00 AM,9:22:00 AM,74,1,1,impatiens,Female,CIRDIS,,,
Nachusa2020_5284,8/24/2020,rolling_thunder,5,CRD,8:59:00 AM,9:22:00 AM,74,1,1,impatiens,Female,CIRDIS,,,
Nachusa2020_5285,8/24/2020,rolling_thunder,5,CRD,8:59:00 AM,9:22:00 AM,74,1,1,impatiens,Female,CIRDIS,,,
Nachusa2020_5286,8/24/2020,rolling_thunder,5,CRD,8:59:00 AM,9:22:00 AM,74,1,1,impatiens,Female,CIRDIS,,,
Nachusa2020_5287,8/24/2020,rolling_thunder,5,CRD,8:59:00 AM,9:22:00 AM,74,1,1,impatiens,Female,CIRDIS,,,
Nachusa2020_5288,8/24/2020,rolling_thunder,5,CRD,8:59:00 AM,9:22:00 AM,74,1,1,impatiens,Female,CIRDIS,,,
Nachusa2020_5289,8/24/2020,rolling_thunder,5,CRD,8:59:00 AM,9:22:00 AM,74,1,1,impatiens,Female,CIRDIS,,,
Nachusa2020_5290,8/24/2020,rolling_thunder,5,CRD,8:59:00 AM,9:22:00 AM,74,1,1,impatiens,Female,CIRDIS,,,
Nachusa2020_5291,8/24/2020,rolling_thunder,5,CRD,8:59:00 AM,9:22:00 AM,74,1,1,impatiens,Female,CIRDIS,,,
Nachusa2020_5292,8/24/2020,rolling_thunder,5,CRD,8:59:00 AM,9:22:00 AM,74,1,1,impatiens,Female,CIRDIS,,,
Nachusa2020_5293,8/24/2020,rolling_thunder,5,CRD,8:59:00 AM,9:22:00 AM,74,1,1,impatiens,Female,CIRDIS,,,
Nachusa2020_5294,8/24/2020,rolling_thunder,5,CRD,8:59:00 AM,9:22:00 AM,74,1,1,impatiens,Female,CIRDIS,,,
Nachusa2020_5295,8/24/2020,rolling_thunder,5,CRD,8:59:00 AM,9:22:00 AM,74,1,1,impatiens,Female,CIRDIS,,,
Nachusa2020_5296,8/24/2020,rolling_thunder,5,CRD,8:59:00 AM,9:22:00 AM,74,1,1,impatiens,Female,CIRDIS,,,
Nachusa2020_5297,8/24/2020,rolling_thunder,5,CRD,8:59:00 AM,9:22:00 AM,74,1,1,impatiens,Female,CIRDIS,,,
Nachusa2020_5298,8/24/2020,rolling_thunder,5,CRD,8:59:00 AM,9:22:00 AM,74,1,1,impatiens,Female,CIRDIS,,,
Nachusa2020_5299,8/24/2020,rolling_thunder,5,CRD,8:59:00 AM,9:22:00 AM,74,1,1,impatiens,Female,CIRDIS,,,
Nachusa2020_5300,8/24/2020,rolling_thunder,5,CRD,8:59:00 AM,9:22:00 AM,74,1,1,impatiens,Female,CIRDIS,,,
Nachusa2020_5301,8/24/2020,rolling_thunder,5,CRD,8:59:00 AM,9:22:00 AM,74,1,1,impatiens,Female,CIRDIS,,,
Nachusa2020_5302,8/24/2020,rolling_thunder,5,CRD,8:59:00 AM,9:22:00 AM,74,1,1,impatiens,Female,CIRDIS,,,
Nachusa2020_5303,8/24/2020,rolling_thunder,5,CRD,8:59:00 AM,9:22:00 AM,74,1,1,impatiens,Female,CIRDIS,,,
Nachusa2020_5304,8/24/2020,rolling_thunder,5,CRD,8:59:00 AM,9:22:00 AM,74,1,1,impatiens,Female,CIRDIS,,,
Nachusa2020_5305,8/24/2020,rolling_thunder,5,CRD,8:59:00 AM,9:22:00 AM,74,1,1,impatiens,Female,CIRDIS,,,
Nachusa2020_5306,8/24/2020,rolling_thunder,5,CRD,8:59:00 AM,9:22:00 AM,74,1,1,impatiens,Female,CIRDIS,,,
Nachusa2020_5307,8/24/2020,rolling_thunder,5,CRD,8:59:00 AM,9:22:00 AM,74,1,1,impatiens,Female,CIRDIS,,,
Nachusa2020_5308,8/24/2020,rolling_thunder,5,CRD,8:59:00 AM,9:22:00 AM,74,1,1,impatiens,Female,CIRDIS,,,
Nachusa2020_5309,8/24/2020,rolling_thunder,5,CRD,8:59:00 AM,9:22:00 AM,74,1,1,impatiens,Female,CIRDIS,,,
Nachusa2020_5310,8/24/2020,rolling_thunder,5,CRD,8:59:00 AM,9:22:00 AM,74,1,1,impatiens,Female,CIRDIS,,,
Nachusa2020_5311,8/24/2020,rolling_thunder,5,CRD,8:59:00 AM,9:22:00 AM,74,1,1,impatiens,Female,CIRDIS,,,
Nachusa2020_5312,8/24/2020,rolling_thunder,5,CRD,8:59:00 AM,9:22:00 AM,74,1,1,impatiens,Female,CIRDIS,,,
Nachusa2020_5313,8/24/2020,rolling_thunder,5,CRD,8:59:00 AM,9:22:00 AM,74,1,1,impatiens,Female,CIRDIS,,,
Nachusa2020_5314,8/24/2020,rolling_thunder,5,CRD,8:59:00 AM,9:22:00 AM,74,1,1,impatiens,Female,CIRDIS,,,
Nachusa2020_5315,8/24/2020,rolling_thunder,5,CRD,8:59:00 AM,9:22:00 AM,74,1,1,impatiens,Female,CIRDIS,,,
Nachusa2020_5316,8/24/2020,rolling_thunder,5,CRD,8:59:00 AM,9:22:00 AM,74,1,1,impatiens,Female,CIRDIS,,,
Nachusa2020_5317,8/24/2020,rolling_thunder,5,CRD,8:59:00 AM,9:22:00 AM,74,1,1,impatiens,Female,CIRDIS,,,
Nachusa2020_5318,8/24/2020,rolling_thunder,5,CRD,8:59:00 AM,9:22:00 AM,74,1,1,impatiens,Female,CIRDIS,,,
Nachusa2020_5319,8/24/2020,rolling_thunder,5,CRD,8:59:00 AM,9:22:00 AM,74,1,1,impatiens,Female,CIRDIS,,,
Nachusa2020_5320,8/24/2020,rolling_thunder,5,CRD,8:59:00 AM,9:22:00 AM,74,1,1,impatiens,Female,CIRDIS,,,
Nachusa2020_5321,8/24/2020,rolling_thunder,5,CRD,8:59:00 AM,9:22:00 AM,74,1,1,impatiens,Female,CIRDIS,,,
Nachusa2020_5322,8/24/2020,rolling_thunder,5,CRD,8:59:00 AM,9:22:00 AM,74,1,1,impatiens,Female,CIRDIS,,,
Nachusa2020_5323,8/24/2020,rolling_thunder,5,CRD,8:59:00 AM,9:22:00 AM,74,1,1,impatiens,Female,CIRDIS,,,
Nachusa2020_5324,8/24/2020,rolling_thunder,5,CRD,8:59:00 AM,9:22:00 AM,74,1,1,impatiens,Female,CIRDIS,,,
Nachusa2020_5325,8/24/2020,rolling_thunder,5,CRD,8:59:00 AM,9:22:00 AM,74,1,1,impatiens,Female,CIRDIS,,,
Nachusa2020_5326,8/24/2020,rolling_thunder,5,CRD,8:59:00 AM,9:22:00 AM,74,1,1,impatiens,Female,CIRDIS,,,
Nachusa2020_5327,8/24/2020,rolling_thunder,5,CRD,8:59:00 AM,9:22:00 AM,74,1,1,impatiens,Female,CIRDIS,,,
Nachusa2020_5328,8/24/2020,rolling_thunder,5,CRD,8:59:00 AM,9:22:00 AM,74,1,1,impatiens,Female,CIRDIS,,,
Nachusa2020_5329,8/24/2020,rolling_thunder,5,CRD,8:59:00 AM,9:22:00 AM,74,1,1,impatiens,Female,CIRDIS,,,
Nachusa2020_5330,8/24/2020,rolling_thunder,5,CRD,8:59:00 AM,9:22:00 AM,74,1,1,impatiens,Female,CIRDIS,,,
Nachusa2020_5331,8/24/2020,rolling_thunder,5,CRD,8:59:00 AM,9:22:00 AM,74,1,1,impatiens,Female,CIRDIS,,,
Nachusa2020_5332,8/24/2020,rolling_thunder,5,CRD,8:59:00 AM,9:22:00 AM,74,1,1,fervidus,Female,CIRDIS,,,
Nachusa2020_5333,8/24/2020,rolling_thunder,5,CRD,8:59:00 AM,9:22:00 AM,74,1,1,fervidus,Female,CIRDIS,,,
Nachusa2020_5334,8/24/2020,rolling_thunder,5,CRD,8:59:00 AM,9:22:00 AM,74,1,1,fervidus,Female,CIRDIS,,,
Nachusa2020_5335,8/24/2020,rolling_thunder,5,CRD,8:59:00 AM,9:22:00 AM,74,1,1,fervidus,Female,CIRDIS,,,
Nachusa2020_5336,8/24/2020,rolling_thunder,5,CRD,8:59:00 AM,9:22:00 AM,74,1,1,fervidus,Female,CIRDIS,,,
Nachusa2020_5337,8/24/2020,rolling_thunder,5,CRD,8:59:00 AM,9:22:00 AM,74,1,1,auricomus,Female,CIRDIS,,,
Nachusa2020_5338,8/24/2020,rolling_thunder,5,CRD,8:59:00 AM,9:22:00 AM,74,1,1,auricomus,Female,CIRDIS,,,
Nachusa2020_5339,8/24/2020,rolling_thunder,5,CRD,8:59:00 AM,9:22:00 AM,74,1,1,auricomus,Female,CIRDIS,,,
Nachusa2020_5340,8/24/2020,rolling_thunder,5,CRD,8:59:00 AM,9:22:00 AM,74,1,1,auricomus,Female,CIRDIS,,,
Nachusa2020_5341,8/24/2020,rolling_thunder,5,CRD,8:59:00 AM,9:22:00 AM,74,1,1,auricomus,Female,CIRDIS,,,
Nachusa2020_5342,8/24/2020,rolling_thunder,5,CRD,8:59:00 AM,9:22:00 AM,74,1,1,auricomus,Female,CIRDIS,,,
Nachusa2020_5343,8/24/2020,rolling_thunder,5,CRD,8:59:00 AM,9:22:00 AM,74,1,1,auricomus,Female,CIRDIS,,,
Nachusa2020_5344,8/24/2020,rolling_thunder,5,CRD,8:59:00 AM,9:22:00 AM,74,1,1,auricomus,Female,CIRDIS,,,
Nachusa2020_5345,8/24/2020,rolling_thunder,5,CRD,8:59:00 AM,9:22:00 AM,74,1,1,auricomus,Female,CIRDIS,,,
Nachusa2020_5346,8/24/2020,rolling_thunder,5,CRD,8:59:00 AM,9:22:00 AM,74,1,1,griseocollis,Female,CIRDIS,,,
Nachusa2020_5347,8/24/2020,rolling_thunder,5,CRD,8:59:00 AM,9:22:00 AM,74,1,1,griseocollis,Female,CIRDIS,,,
Nachusa2020_5348,8/24/2020,rolling_thunder,5,CRD,8:59:00 AM,9:22:00 AM,74,1,1,griseocollis,Female,CIRDIS,,,
Nachusa2020_5349,8/24/2020,rolling_thunder,5,CRD,8:59:00 AM,9:22:00 AM,74,1,1,griseocollis,Female,CIRDIS,,,
Nachusa2020_5350,8/24/2020,rolling_thunder,5,CRD,8:59:00 AM,9:22:00 AM,74,1,1,griseocollis,Female,CIRDIS,,,
Nachusa2020_5351,8/24/2020,rolling_thunder,5,CRD,8:59:00 AM,9:22:00 AM,74,1,1,griseocollis,Female,CIRDIS,,,
Nachusa2020_5352,8/24/2020,rolling_thunder,5,CRD,8:59:00 AM,9:22:00 AM,74,1,1,griseocollis,Female,CIRDIS,,,
Nachusa2020_5353,8/24/2020,rolling_thunder,5,CRD,8:59:00 AM,9:22:00 AM,74,1,1,griseocollis,Female,CIRDIS,,,
Nachusa2020_5354,8/24/2020,rolling_thunder,5,CRD,8:59:00 AM,9:22:00 AM,74,1,1,griseocollis,Female,CIRDIS,,,
Nachusa2020_5355,8/24/2020,rolling_thunder,5,CRD,8:59:00 AM,9:22:00 AM,74,1,1,griseocollis,Female,CIRDIS,,,
Nachusa2020_5356,8/24/2020,rolling_thunder,5,CRD,8:59:00 AM,9:22:00 AM,74,1,1,griseocollis,Female,CIRDIS,,,
Nachusa2020_5357,8/24/2020,rolling_thunder,5,CRD,8:59:00 AM,9:22:00 AM,74,1,1,griseocollis,Female,CIRDIS,,,
Nachusa2020_5358,8/24/2020,rolling_thunder,5,CRD,8:59:00 AM,9:22:00 AM,74,1,1,griseocollis,Female,CIRDIS,,,
Nachusa2020_5359,8/24/2020,rolling_thunder,5,CRD,8:59:00 AM,9:22:00 AM,74,1,1,griseocollis,Female,CIRDIS,,,
Nachusa2020_5360,8/24/2020,rolling_thunder,5,CRD,8:59:00 AM,9:22:00 AM,74,1,1,griseocollis,Female,CIRDIS,,,
Nachusa2020_5361,8/24/2020,rolling_thunder,5,CRD,8:59:00 AM,9:22:00 AM,74,1,1,griseocollis,Female,CIRDIS,,,
Nachusa2020_5362,8/24/2020,rolling_thunder,5,CRD,8:59:00 AM,9:22:00 AM,74,1,1,griseocollis,Female,CIRDIS,,,
Nachusa2020_5363,8/24/2020,rolling_thunder,5,CRD,8:59:00 AM,9:22:00 AM,74,1,1,griseocollis,Female,CIRDIS,,,
Nachusa2020_5364,8/24/2020,rolling_thunder,5,CRD,8:59:00 AM,9:22:00 AM,74,1,1,griseocollis,Male,CIRDIS,,,
Nachusa2020_5365,8/24/2020,rolling_thunder,5,CRD,8:59:00 AM,9:22:00 AM,74,1,1,griseocollis,Male,CIRDIS,,,
Nachusa2020_5366,8/24/2020,rolling_thunder,5,CRD,8:59:00 AM,9:22:00 AM,74,1,1,griseocollis,Male,CIRDIS,,,
Nachusa2020_5367,8/24/2020,rolling_thunder,5,CRD,8:59:00 AM,9:22:00 AM,74,1,1,griseocollis,Male,CIRDIS,,,
Nachusa2020_5368,8/24/2020,rolling_thunder,5,CRD,8:59:00 AM,9:22:00 AM,74,1,1,griseocollis,Male,CIRDIS,,,
Nachusa2020_5369,8/24/2020,rolling_thunder,5,CRD,8:59:00 AM,9:22:00 AM,74,1,1,griseocollis,Male,CIRDIS,,,
Nachusa2020_5370,8/24/2020,rolling_thunder,5,CRD,8:59:00 AM,9:22:00 AM,74,1,1,griseocollis,Male,CIRDIS,,,
Nachusa2020_5371,8/24/2020,rolling_thunder,5,CRD,8:59:00 AM,9:22:00 AM,74,1,1,pensylvanicus,Female,CIRDIS,,,
Nachusa2020_5372,8/24/2020,rolling_thunder,5,CRD,8:59:00 AM,9:22:00 AM,74,1,1,impatiens,Male,CIRDIS,,,
Nachusa2020_5373,8/24/2020,rolling_thunder,5,CRD,8:59:00 AM,9:22:00 AM,74,1,1,impatiens,Male,CIRDIS,,,
Nachusa2020_5374,8/24/2020,rolling_thunder,5,CRD,8:59:00 AM,9:22:00 AM,74,1,1,impatiens,Female,MONFIS,,,
Nachusa2020_5375,8/24/2020,rolling_thunder,5,CRD,8:59:00 AM,9:22:00 AM,74,1,1,impatiens,Female,CIRDIS,,,
Nachusa2020_5376,8/24/2020,rolling_thunder,5,CRD,8:59:00 AM,9:22:00 AM,74,1,1,impatiens,Female,CIRDIS,,,
Nachusa2020_5377,8/24/2020,rolling_thunder,5,CRD,8:59:00 AM,9:22:00 AM,74,1,1,impatiens,Female,CIRDIS,,,
Nachusa2020_5378,8/24/2020,rolling_thunder,5,CRD,8:59:00 AM,9:22:00 AM,74,1,1,impatiens,Female,CIRDIS,,,
Nachusa2020_5379,8/24/2020,rolling_thunder,5,CRD,8:59:00 AM,9:22:00 AM,74,1,1,impatiens,Female,CIRDIS,,,
Nachusa2020_5380,8/24/2020,rolling_thunder,5,CRD,8:59:00 AM,9:22:00 AM,74,1,1,impatiens,Female,CIRDIS,,,
Nachusa2020_5381,8/24/2020,rolling_thunder,5,CRD,8:59:00 AM,9:22:00 AM,74,1,1,impatiens,Female,CIRDIS,,,
Nachusa2020_5382,8/24/2020,rolling_thunder,5,CRD,8:59:00 AM,9:22:00 AM,74,1,1,impatiens,Female,CIRDIS,,,
Nachusa2020_5383,8/24/2020,rolling_thunder,5,CRD,8:59:00 AM,9:22:00 AM,74,1,1,impatiens,Female,CIRDIS,,,
Nachusa2020_5384,8/24/2020,rolling_thunder,5,CRD,8:59:00 AM,9:22:00 AM,74,1,1,impatiens,Female,CIRDIS,,,
Nachusa2020_5385,8/24/2020,rolling_thunder,5,CRD,8:59:00 AM,9:22:00 AM,74,1,1,impatiens,Female,CIRDIS,,,
Nachusa2020_5386,8/24/2020,rolling_thunder,5,CRD,8:59:00 AM,9:22:00 AM,74,1,1,impatiens,Female,CIRDIS,,,
Nachusa2020_5387,8/24/2020,rolling_thunder,5,CRD,8:59:00 AM,9:22:00 AM,74,1,1,impatiens,Female,CIRDIS,,,
Nachusa2020_5388,8/24/2020,rolling_thunder,5,CRD,8:59:00 AM,9:22:00 AM,74,1,1,impatiens,Female,CIRDIS,,,
Nachusa2020_5389,8/24/2020,rolling_thunder,5,CRD,8:59:00 AM,9:22:00 AM,74,1,1,impatiens,Female,CIRDIS,,,
Nachusa2020_5390,8/24/2020,rolling_thunder,5,CRD,8:59:00 AM,9:22:00 AM,74,1,1,impatiens,Female,CIRDIS,,,
Nachusa2020_5391,8/24/2020,rolling_thunder,5,CRD,8:59:00 AM,9:22:00 AM,74,1,1,impatiens,Female,CIRDIS,,,
Nachusa2020_5392,8/24/2020,rolling_thunder,5,CRD,8:59:00 AM,9:22:00 AM,74,1,1,impatiens,Female,CIRDIS,,,
Nachusa2020_5393,8/24/2020,rolling_thunder,5,CRD,8:59:00 AM,9:22:00 AM,74,1,1,impatiens,Female,CIRDIS,,,
Nachusa2020_5394,8/24/2020,rolling_thunder,5,CRD,8:59:00 AM,9:22:00 AM,74,1,1,impatiens,Female,CIRDIS,,,
Nachusa2020_5395,8/24/2020,rolling_thunder,5,CRD,8:59:00 AM,9:22:00 AM,74,1,1,impatiens,Female,CIRDIS,,,
Nachusa2020_5396,8/24/2020,rolling_thunder,5,CRD,8:59:00 AM,9:22:00 AM,74,1,1,impatiens,Female,CIRDIS,,,
Nachusa2020_5397,8/24/2020,rolling_thunder,5,CRD,8:59:00 AM,9:22:00 AM,74,1,1,impatiens,Female,CIRDIS,,,
Nachusa2020_5398,8/24/2020,rolling_thunder,5,CRD,8:59:00 AM,9:22:00 AM,74,1,1,impatiens,Female,CIRDIS,,,
Nachusa2020_5399,8/24/2020,rolling_thunder,5,CRD,8:59:00 AM,9:22:00 AM,74,1,1,impatiens,Female,CIRDIS,,,
Nachusa2020_5400,8/24/2020,rolling_thunder,5,CRD,8:59:00 AM,9:22:00 AM,74,1,1,impatiens,Female,CIRDIS,,,
Nachusa2020_5401,8/24/2020,rolling_thunder,5,CRD,8:59:00 AM,9:22:00 AM,74,1,1,impatiens,Female,CIRDIS,,,
Nachusa2020_5402,8/24/2020,rolling_thunder,5,CRD,8:59:00 AM,9:22:00 AM,74,1,1,impatiens,Female,CIRDIS,,,
Nachusa2020_5403,8/24/2020,rolling_thunder,5,CRD,8:59:00 AM,9:22:00 AM,74,1,1,impatiens,Female,CIRDIS,,,
Nachusa2020_5404,8/24/2020,rolling_thunder,5,CRD,8:59:00 AM,9:22:00 AM,74,1,1,impatiens,Female,CIRDIS,,,
Nachusa2020_5405,8/24/2020,rolling_thunder,5,CRD,8:59:00 AM,9:22:00 AM,74,1,1,impatiens,Female,CIRDIS,,,
Nachusa2020_5406,8/24/2020,rolling_thunder,5,CRD,8:59:00 AM,9:22:00 AM,74,1,1,impatiens,Female,CIRDIS,,,
Nachusa2020_5407,8/24/2020,rolling_thunder,5,CRD,8:59:00 AM,9:22:00 AM,74,1,1,impatiens,Female,CIRDIS,,,
Nachusa2020_5408,8/24/2020,rolling_thunder,5,CRD,8:59:00 AM,9:22:00 AM,74,1,1,impatiens,Female,CIRDIS,,,
Nachusa2020_5409,8/24/2020,rolling_thunder,5,CRD,8:59:00 AM,9:22:00 AM,74,1,1,impatiens,Female,CIRDIS,,,
Nachusa2020_5410,8/24/2020,rolling_thunder,5,CRD,8:59:00 AM,9:22:00 AM,74,1,1,impatiens,Female,CIRDIS,,,
Nachusa2020_5411,8/24/2020,rolling_thunder,5,CRD,8:59:00 AM,9:22:00 AM,74,1,1,impatiens,Female,CIRDIS,,,
Nachusa2020_5412,8/24/2020,rolling_thunder,5,CRD,8:59:00 AM,9:22:00 AM,74,1,1,impatiens,Female,CIRDIS,,,
Nachusa2020_5413,8/24/2020,rolling_thunder,5,CRD,8:59:00 AM,9:22:00 AM,74,1,1,impatiens,Female,CIRDIS,,,
Nachusa2020_5414,8/24/2020,rolling_thunder,5,CRD,8:59:00 AM,9:22:00 AM,74,1,1,impatiens,Female,CIRDIS,,,
Nachusa2020_5415,8/24/2020,rolling_thunder,5,CRD,8:59:00 AM,9:22:00 AM,74,1,1,impatiens,Female,CIRDIS,,,
Nachusa2020_5416,8/24/2020,rolling_thunder,5,CRD,8:59:00 AM,9:22:00 AM,74,1,1,impatiens,Female,CIRDIS,,,
Nachusa2020_5417,8/24/2020,rolling_thunder,5,CRD,8:59:00 AM,9:22:00 AM,74,1,1,impatiens,Female,CIRDIS,,,
Nachusa2020_5418,8/24/2020,rolling_thunder,5,CRD,8:59:00 AM,9:22:00 AM,74,1,1,impatiens,Female,CIRDIS,,,
Nachusa2020_5419,8/24/2020,rolling_thunder,5,CRD,8:59:00 AM,9:22:00 AM,74,1,1,impatiens,Female,CIRDIS,,,
Nachusa2020_5420,8/24/2020,rolling_thunder,5,CRD,8:59:00 AM,9:22:00 AM,74,1,1,impatiens,Female,CIRDIS,,,
Nachusa2020_5421,8/24/2020,rolling_thunder,5,CRD,8:59:00 AM,9:22:00 AM,74,1,1,impatiens,Female,CIRDIS,,,
Nachusa2020_5422,8/24/2020,rolling_thunder,5,CRD,8:59:00 AM,9:22:00 AM,74,1,1,impatiens,Female,CIRDIS,,,
Nachusa2020_5423,8/24/2020,rolling_thunder,5,CRD,8:59:00 AM,9:22:00 AM,74,1,1,impatiens,Female,CIRDIS,,,
Nachusa2020_5424,8/24/2020,rolling_thunder,5,CRD,8:59:00 AM,9:22:00 AM,74,1,1,impatiens,Female,CIRDIS,,,
Nachusa2020_5425,8/24/2020,rolling_thunder,5,CRD,8:59:00 AM,9:22:00 AM,74,1,1,impatiens,Female,CIRDIS,,,
Nachusa2020_5426,8/24/2020,rolling_thunder,5,CRD,8:59:00 AM,9:22:00 AM,74,1,1,impatiens,Female,CIRDIS,,,
Nachusa2020_5427,8/24/2020,rolling_thunder,5,CRD,8:59:00 AM,9:22:00 AM,74,1,1,impatiens,Female,CIRDIS,,,
Nachusa2020_5428,8/24/2020,rolling_thunder,5,CRD,8:59:00 AM,9:22:00 AM,74,1,1,vagans,Female,CIRDIS,,,
Nachusa2020_5429,8/24/2020,holland_prairie_west,9,CRD,9:56:00 AM,10:18:00 AM,80,1,1,impatiens,Female,TRIPRA,,,
Nachusa2020_5430,8/24/2020,holland_prairie_west,9,CRD,9:56:00 AM,10:18:00 AM,80,1,1,impatiens,Female,TRIPRA,,,
Nachusa2020_5431,8/24/2020,holland_prairie_west,9,CRD,9:56:00 AM,10:18:00 AM,80,1,1,impatiens,Female,TRIPRA,,,
Nachusa2020_5432,8/24/2020,holland_prairie_west,9,CRD,9:56:00 AM,10:18:00 AM,80,1,1,impatiens,Female,TRIPRA,,,
Nachusa2020_5433,8/24/2020,holland_prairie_west,9,CRD,9:56:00 AM,10:18:00 AM,80,1,1,impatiens,Female,TRIPRA,,,
Nachusa2020_5434,8/24/2020,holland_prairie_west,9,CRD,9:56:00 AM,10:18:00 AM,80,1,1,impatiens,Male,SILTER,,,
Nachusa2020_5435,8/24/2020,holland_prairie_west,9,CRD,9:56:00 AM,10:18:00 AM,80,1,1,impatiens,Male,SILTER,,,
Nachusa2020_5436,8/24/2020,holland_prairie_west,9,CRD,9:56:00 AM,10:18:00 AM,80,1,1,impatiens,Male,SILTER,,,
Nachusa2020_5437,8/24/2020,holland_prairie_west,9,CRD,9:56:00 AM,10:18:00 AM,80,1,1,auricomus,Female,TRIPRA,,,
Nachusa2020_5438,8/24/2020,holland_prairie_west,9,CRD,9:56:00 AM,10:18:00 AM,80,1,1,auricomus,Female,TRIPRA,,,
Nachusa2020_5439,8/24/2020,holland_prairie_west,9,CRD,9:56:00 AM,10:18:00 AM,80,1,1,impatiens,Female,GENALB,,,
Nachusa2020_5440,8/24/2020,holland_prairie_west,9,CRD,9:56:00 AM,10:18:00 AM,80,1,1,impatiens,Female,GENALB,,,
Nachusa2020_5441,8/24/2020,holland_prairie_west,9,CRD,9:56:00 AM,10:18:00 AM,80,1,1,griseocollis,Female,TRIPRA,,,
Nachusa2020_5442,8/24/2020,holland_prairie_west,9,CRD,9:56:00 AM,10:18:00 AM,80,1,1,griseocollis,Female,TRIPRA,,,
Nachusa2020_5443,8/24/2020,holland_prairie_west,9,CRD,9:56:00 AM,10:18:00 AM,80,1,1,griseocollis,Female,TRIPRA,,,
Nachusa2020_5444,8/24/2020,holland_prairie_west,9,CRD,9:56:00 AM,10:18:00 AM,80,1,1,griseocollis,Female,TRIPRA,,,
Nachusa2020_5445,8/24/2020,holland_prairie_west,9,CRD,9:56:00 AM,10:18:00 AM,80,1,1,griseocollis,Female,TRIPRA,,,
Nachusa2020_5446,8/24/2020,holland_prairie_west,9,CRD,9:56:00 AM,10:18:00 AM,80,1,1,griseocollis,Male,LESCAP,,,perch
Nachusa2020_5447,8/24/2020,sengers,4,CRD,10:48:00 AM,11:02:00 AM,84,1,1,impatiens,Male,LIAASP,,,
Nachusa2020_5448,8/24/2020,sengers,4,CRD,10:48:00 AM,11:02:00 AM,84,1,1,Bombus sp.,Male,LIAASP,,,specimen taken; Needs ID
Nachusa2020_5449,8/24/2020,sengers,4,CRD,10:48:00 AM,11:02:00 AM,84,1,1,rufocinctus,Female,LIAASP,,,
Nachusa2020_5450,8/24/2020,sengers,4,CRD,10:48:00 AM,11:02:00 AM,84,1,1,impatiens,Female,GENALB,,,
Nachusa2020_5451,8/24/2020,sengers,4,CRD,10:48:00 AM,11:02:00 AM,84,1,1,impatiens,Female,TRIPRA,,,
Nachusa2020_5452,8/24/2020,sengers,4,CRD,10:48:00 AM,11:02:00 AM,84,1,1,pensylvanicus,Female,TRIPRA,,,
Nachusa2020_5453,8/24/2020,sengers,4,CRD,10:48:00 AM,11:02:00 AM,84,1,1,impatiens,Female,CHAFAS,,,
Nachusa2020_5454,8/24/2020,sengers,4,CRD,10:48:00 AM,11:02:00 AM,84,1,1,impatiens,Female,CHAFAS,,,
Nachusa2020_5455,8/24/2020,sengers,4,CRD,10:48:00 AM,11:02:00 AM,84,1,1,impatiens,Male,PYCTEN,,,
Nachusa2020_5456,8/24/2020,sengers,4,CRD,10:48:00 AM,11:02:00 AM,84,1,1,rufocinctus,Male,SILTER,,,
Nachusa2020_5457,8/24/2020,sengers,4,CRD,10:48:00 AM,11:02:00 AM,84,1,1,rufocinctus,Male,SILTER,,,resting
Nachusa2020_5458,8/24/2020,sengers,4,CRD,10:48:00 AM,11:02:00 AM,84,1,1,impatiens,Male,SILTER,,,
Nachusa2020_5459,8/24/2020,williams,4,CRD,11:55:00 AM,12:15:00 AM,87,1,1,fervidus,Male,TRIPRA,,,
Nachusa2020_5460,8/24/2020,williams,4,CRD,11:55:00 AM,12:15:00 AM,87,1,1,auricomus,Male,SOLRIG,,,perched
Nachusa2020_5461,8/24/2020,coneflower_trash_knob,3,CRD,1:40:00 PM,2:03:00 PM,91,2,1,griseocollis,Female,CIRDIS,,,
Nachusa2020_5462,8/24/2020,coneflower_trash_knob,3,CRD,1:40:00 PM,2:03:00 PM,91,2,1,griseocollis,Female,CIRDIS,,,
Nachusa2020_5463,8/24/2020,coneflower_trash_knob,3,CRD,1:40:00 PM,2:03:00 PM,91,2,1,griseocollis,Female,CIRDIS,,,
Nachusa2020_5464,8/24/2020,coneflower_trash_knob,3,CRD,1:40:00 PM,2:03:00 PM,91,2,1,griseocollis,Female,CIRDIS,,,
Nachusa2020_5465,8/24/2020,coneflower_trash_knob,3,CRD,1:40:00 PM,2:03:00 PM,91,2,1,griseocollis,Female,CIRDIS,,,
Nachusa2020_5466,8/24/2020,coneflower_trash_knob,3,CRD,1:40:00 PM,2:03:00 PM,91,2,1,griseocollis,Female,CIRDIS,,,
Nachusa2020_5467,8/24/2020,coneflower_trash_knob,3,CRD,1:40:00 PM,2:03:00 PM,91,2,1,griseocollis,Female,CIRDIS,,,
Nachusa2020_5468,8/24/2020,coneflower_trash_knob,3,CRD,1:40:00 PM,2:03:00 PM,91,2,1,griseocollis,Female,CIRDIS,,,
Nachusa2020_5469,8/24/2020,coneflower_trash_knob,3,CRD,1:40:00 PM,2:03:00 PM,91,2,1,griseocollis,Female,CIRDIS,,,
Nachusa2020_5470,8/24/2020,coneflower_trash_knob,3,CRD,1:40:00 PM,2:03:00 PM,91,2,1,griseocollis,Female,CIRDIS,,,
Nachusa2020_5471,8/24/2020,coneflower_trash_knob,3,CRD,1:40:00 PM,2:03:00 PM,91,2,1,griseocollis,Female,CIRDIS,,,
Nachusa2020_5472,8/24/2020,coneflower_trash_knob,3,CRD,1:40:00 PM,2:03:00 PM,91,2,1,griseocollis,Female,CIRDIS,,,
Nachusa2020_5473,8/24/2020,coneflower_trash_knob,3,CRD,1:40:00 PM,2:03:00 PM,91,2,1,griseocollis,Female,CIRDIS,,,
Nachusa2020_5474,8/24/2020,coneflower_trash_knob,3,CRD,1:40:00 PM,2:03:00 PM,91,2,1,griseocollis,Female,CIRDIS,,,
Nachusa2020_5475,8/24/2020,coneflower_trash_knob,3,CRD,1:40:00 PM,2:03:00 PM,91,2,1,griseocollis,Female,CIRDIS,,,
Nachusa2020_5476,8/24/2020,coneflower_trash_knob,3,CRD,1:40:00 PM,2:03:00 PM,91,2,1,griseocollis,Female,CIRDIS,,,
Nachusa2020_5477,8/24/2020,coneflower_trash_knob,3,CRD,1:40:00 PM,2:03:00 PM,91,2,1,griseocollis,Female,CIRDIS,,,
Nachusa2020_5478,8/24/2020,coneflower_trash_knob,3,CRD,1:40:00 PM,2:03:00 PM,91,2,1,griseocollis,Female,CIRDIS,,,
Nachusa2020_5479,8/24/2020,coneflower_trash_knob,3,CRD,1:40:00 PM,2:03:00 PM,91,2,1,griseocollis,Female,CIRDIS,,,
Nachusa2020_5480,8/24/2020,coneflower_trash_knob,3,CRD,1:40:00 PM,2:03:00 PM,91,2,1,griseocollis,Female,CIRDIS,,,
Nachusa2020_5481,8/24/2020,coneflower_trash_knob,3,CRD,1:40:00 PM,2:03:00 PM,91,2,1,griseocollis,Female,CIRDIS,,,
Nachusa2020_5482,8/24/2020,coneflower_trash_knob,3,CRD,1:40:00 PM,2:03:00 PM,91,2,1,griseocollis,Female,CIRDIS,,,
Nachusa2020_5483,8/24/2020,coneflower_trash_knob,3,CRD,1:40:00 PM,2:03:00 PM,91,2,1,griseocollis,Female,CIRDIS,,,
Nachusa2020_5484,8/24/2020,coneflower_trash_knob,3,CRD,1:40:00 PM,2:03:00 PM,91,2,1,griseocollis,Female,CIRDIS,,,
Nachusa2020_5485,8/24/2020,coneflower_trash_knob,3,CRD,1:40:00 PM,2:03:00 PM,91,2,1,griseocollis,Female,CIRDIS,,,
Nachusa2020_5486,8/24/2020,coneflower_trash_knob,3,CRD,1:40:00 PM,2:03:00 PM,91,2,1,griseocollis,Female,CIRDIS,,,
Nachusa2020_5487,8/24/2020,coneflower_trash_knob,3,CRD,1:40:00 PM,2:03:00 PM,91,2,1,griseocollis,Female,CIRDIS,,,
Nachusa2020_5488,8/24/2020,coneflower_trash_knob,3,CRD,1:40:00 PM,2:03:00 PM,91,2,1,griseocollis,Female,CIRDIS,,,
Nachusa2020_5489,8/24/2020,coneflower_trash_knob,3,CRD,1:40:00 PM,2:03:00 PM,91,2,1,griseocollis,Female,CIRDIS,,,
Nachusa2020_5490,8/24/2020,coneflower_trash_knob,3,CRD,1:40:00 PM,2:03:00 PM,91,2,1,griseocollis,Female,CIRDIS,,,
Nachusa2020_5491,8/24/2020,coneflower_trash_knob,3,CRD,1:40:00 PM,2:03:00 PM,91,2,1,impatiens,Female,CIRDIS,,,
Nachusa2020_5492,8/24/2020,coneflower_trash_knob,3,CRD,1:40:00 PM,2:03:00 PM,91,2,1,impatiens,Female,CIRDIS,,,
Nachusa2020_5493,8/24/2020,coneflower_trash_knob,3,CRD,1:40:00 PM,2:03:00 PM,91,2,1,impatiens,Female,CIRDIS,,,
Nachusa2020_5494,8/24/2020,coneflower_trash_knob,3,CRD,1:40:00 PM,2:03:00 PM,91,2,1,impatiens,Female,CIRDIS,,,
Nachusa2020_5495,8/24/2020,coneflower_trash_knob,3,CRD,1:40:00 PM,2:03:00 PM,91,2,1,impatiens,Female,CIRDIS,,,
Nachusa2020_5496,8/24/2020,coneflower_trash_knob,3,CRD,1:40:00 PM,2:03:00 PM,91,2,1,impatiens,Female,CIRDIS,,,
Nachusa2020_5497,8/24/2020,coneflower_trash_knob,3,CRD,1:40:00 PM,2:03:00 PM,91,2,1,impatiens,Female,CIRDIS,,,
Nachusa2020_5498,8/24/2020,coneflower_trash_knob,3,CRD,1:40:00 PM,2:03:00 PM,91,2,1,impatiens,Female,CIRDIS,,,
Nachusa2020_5499,8/24/2020,coneflower_trash_knob,3,CRD,1:40:00 PM,2:03:00 PM,91,2,1,impatiens,Female,CIRDIS,,,
Nachusa2020_5500,8/24/2020,coneflower_trash_knob,3,CRD,1:40:00 PM,2:03:00 PM,91,2,1,impatiens,Female,CIRDIS,,,
Nachusa2020_5501,8/24/2020,coneflower_trash_knob,3,CRD,1:40:00 PM,2:03:00 PM,91,2,1,impatiens,Female,CIRDIS,,,
Nachusa2020_5502,8/24/2020,coneflower_trash_knob,3,CRD,1:40:00 PM,2:03:00 PM,91,2,1,impatiens,Female,CIRDIS,,,
Nachusa2020_5503,8/24/2020,coneflower_trash_knob,3,CRD,1:40:00 PM,2:03:00 PM,91,2,1,impatiens,Female,CIRDIS,,,
Nachusa2020_5504,8/24/2020,coneflower_trash_knob,3,CRD,1:40:00 PM,2:03:00 PM,91,2,1,impatiens,Female,CIRDIS,,,
Nachusa2020_5505,8/24/2020,coneflower_trash_knob,3,CRD,1:40:00 PM,2:03:00 PM,91,2,1,impatiens,Female,CIRDIS,,,
Nachusa2020_5506,8/24/2020,coneflower_trash_knob,3,CRD,1:40:00 PM,2:03:00 PM,91,2,1,impatiens,Female,CIRDIS,,,
Nachusa2020_5507,8/24/2020,coneflower_trash_knob,3,CRD,1:40:00 PM,2:03:00 PM,91,2,1,impatiens,Female,CIRDIS,,,
Nachusa2020_5508,8/24/2020,coneflower_trash_knob,3,CRD,1:40:00 PM,2:03:00 PM,91,2,1,impatiens,Female,CIRDIS,,,
Nachusa2020_5509,8/24/2020,coneflower_trash_knob,3,CRD,1:40:00 PM,2:03:00 PM,91,2,1,impatiens,Female,CIRDIS,,,
Nachusa2020_5510,8/24/2020,coneflower_trash_knob,3,CRD,1:40:00 PM,2:03:00 PM,91,2,1,impatiens,Female,CIRDIS,,,
Nachusa2020_5511,8/24/2020,coneflower_trash_knob,3,CRD,1:40:00 PM,2:03:00 PM,91,2,1,impatiens,Female,CIRDIS,,,
Nachusa2020_5512,8/24/2020,coneflower_trash_knob,3,CRD,1:40:00 PM,2:03:00 PM,91,2,1,impatiens,Female,CIRDIS,,,
Nachusa2020_5513,8/24/2020,coneflower_trash_knob,3,CRD,1:40:00 PM,2:03:00 PM,91,2,1,impatiens,Female,CIRDIS,,,
Nachusa2020_5514,8/24/2020,coneflower_trash_knob,3,CRD,1:40:00 PM,2:03:00 PM,91,2,1,impatiens,Female,CIRDIS,,,
Nachusa2020_5515,8/24/2020,coneflower_trash_knob,3,CRD,1:40:00 PM,2:03:00 PM,91,2,1,impatiens,Female,CIRDIS,,,
Nachusa2020_5516,8/24/2020,coneflower_trash_knob,3,CRD,1:40:00 PM,2:03:00 PM,91,2,1,auri/pens,Female,CIRDIS,,,
Nachusa2020_5517,8/24/2020,coneflower_trash_knob,3,CRD,1:40:00 PM,2:03:00 PM,91,2,1,auri/pens,Female,CIRDIS,,,
Nachusa2020_5518,8/24/2020,coneflower_trash_knob,3,CRD,1:40:00 PM,2:03:00 PM,91,2,1,auri/pens,Female,CIRDIS,,,
Nachusa2020_5519,8/24/2020,coneflower_trash_knob,3,CRD,1:40:00 PM,2:03:00 PM,91,2,1,auri/pens,Female,CIRDIS,,,
Nachusa2020_5520,8/24/2020,coneflower_trash_knob,3,CRD,1:40:00 PM,2:03:00 PM,91,2,1,auricomus,Female,CIRDIS,,,
Nachusa2020_5521,8/24/2020,coneflower_trash_knob,3,CRD,1:40:00 PM,2:03:00 PM,91,2,1,auricomus,Female,CIRDIS,,,
Nachusa2020_5522,8/24/2020,coneflower_trash_knob,3,CRD,1:40:00 PM,2:03:00 PM,91,2,1,auricomus,Female,CIRDIS,,,
Nachusa2020_5523,8/24/2020,coneflower_trash_knob,3,CRD,1:40:00 PM,2:03:00 PM,91,2,1,auricomus,Female,CIRDIS,,,
Nachusa2020_5524,8/24/2020,coneflower_trash_knob,3,CRD,1:40:00 PM,2:03:00 PM,91,2,1,auricomus,Female,CIRDIS,,,
Nachusa2020_5525,8/24/2020,coneflower_trash_knob,3,CRD,1:40:00 PM,2:03:00 PM,91,2,1,auricomus,Female,CIRDIS,,,
Nachusa2020_5526,8/24/2020,coneflower_trash_knob,3,CRD,1:40:00 PM,2:03:00 PM,91,2,1,auricomus,Female,CIRDIS,,,
Nachusa2020_5527,8/24/2020,coneflower_trash_knob,3,CRD,1:40:00 PM,2:03:00 PM,91,2,1,auricomus,Female,CIRDIS,,,
Nachusa2020_5528,8/24/2020,coneflower_trash_knob,3,CRD,1:40:00 PM,2:03:00 PM,91,2,1,auricomus,Female,CIRDIS,,,
Nachusa2020_5529,8/24/2020,coneflower_trash_knob,3,CRD,1:40:00 PM,2:03:00 PM,91,2,1,griseocollis,Male,CIRDIS,,,
Nachusa2020_5530,8/24/2020,coneflower_trash_knob,3,CRD,1:40:00 PM,2:03:00 PM,91,2,1,griseocollis,Male,CIRDIS,,,
Nachusa2020_5531,8/24/2020,coneflower_trash_knob,3,CRD,1:40:00 PM,2:03:00 PM,91,2,1,griseocollis,Male,CIRDIS,,,
Nachusa2020_5532,8/24/2020,coneflower_trash_knob,3,CRD,1:40:00 PM,2:03:00 PM,91,2,1,griseocollis,Male,CIRDIS,,,
Nachusa2020_5533,8/24/2020,coneflower_trash_knob,3,CRD,1:40:00 PM,2:03:00 PM,91,2,1,griseocollis,Male,CIRDIS,,,
Nachusa2020_5534,8/24/2020,coneflower_trash_knob,3,CRD,1:40:00 PM,2:03:00 PM,91,2,1,griseocollis,Male,CIRDIS,,,
Nachusa2020_5535,8/24/2020,coneflower_trash_knob,3,CRD,1:40:00 PM,2:03:00 PM,91,2,1,fervidus,Female,CIRDIS,,,
Nachusa2020_5536,8/24/2020,coneflower_trash_knob,3,CRD,1:40:00 PM,2:03:00 PM,91,2,1,fervidus,Female,CIRDIS,,,
Nachusa2020_5537,8/24/2020,coneflower_trash_knob,3,CRD,1:40:00 PM,2:03:00 PM,91,2,1,fervidus,Female,CIRDIS,,,
Nachusa2020_5538,8/24/2020,coneflower_trash_knob,3,CRD,1:40:00 PM,2:03:00 PM,91,2,1,fervidus,Female,CIRDIS,,,
Nachusa2020_5539,8/24/2020,coneflower_trash_knob,3,CRD,1:40:00 PM,2:03:00 PM,91,2,1,fervidus,Female,CIRDIS,,,
Nachusa2020_5540,8/24/2020,coneflower_trash_knob,3,CRD,1:40:00 PM,2:03:00 PM,91,2,1,fervidus,Female,CIRDIS,,,
Nachusa2020_5541,8/24/2020,coneflower_trash_knob,3,CRD,1:40:00 PM,2:03:00 PM,91,2,1,fervidus,Female,CIRDIS,,,
Nachusa2020_5542,8/24/2020,coneflower_trash_knob,3,CRD,1:40:00 PM,2:03:00 PM,91,2,1,fervidus,Female,CIRDIS,,,
Nachusa2020_5543,8/24/2020,coneflower_trash_knob,3,CRD,1:40:00 PM,2:03:00 PM,91,2,1,fervidus,Female,CIRDIS,,,
Nachusa2020_5544,8/24/2020,coneflower_trash_knob,3,CRD,1:40:00 PM,2:03:00 PM,91,2,1,pensylvanicus,Female,CIRDIS,,,
Nachusa2020_5545,8/24/2020,coneflower_trash_knob,3,CRD,1:40:00 PM,2:03:00 PM,91,2,1,pensylvanicus,Female,CIRDIS,,,
Nachusa2020_5546,8/24/2020,coneflower_trash_knob,3,CRD,1:40:00 PM,2:03:00 PM,91,2,1,fervidus,Male,CIRDIS,,,
Nachusa2020_5547,8/25/2020,coneflower_trash_knob,4,CRD,8:49:00 AM,9:11:00 AM,72,2,2,griseocollis,Female,CIRDIS,,,
Nachusa2020_5548,8/25/2020,coneflower_trash_knob,4,CRD,8:49:00 AM,9:11:00 AM,72,2,2,griseocollis,Female,CIRDIS,,,
Nachusa2020_5549,8/25/2020,coneflower_trash_knob,4,CRD,8:49:00 AM,9:11:00 AM,72,2,2,griseocollis,Female,CIRDIS,,,
Nachusa2020_5550,8/25/2020,coneflower_trash_knob,4,CRD,8:49:00 AM,9:11:00 AM,72,2,2,griseocollis,Female,CIRDIS,,,
Nachusa2020_5551,8/25/2020,coneflower_trash_knob,4,CRD,8:49:00 AM,9:11:00 AM,72,2,2,griseocollis,Female,CIRDIS,,,
Nachusa2020_5552,8/25/2020,coneflower_trash_knob,4,CRD,8:49:00 AM,9:11:00 AM,72,2,2,griseocollis,Female,CIRDIS,,,
Nachusa2020_5553,8/25/2020,coneflower_trash_knob,4,CRD,8:49:00 AM,9:11:00 AM,72,2,2,griseocollis,Female,CIRDIS,,,
Nachusa2020_5554,8/25/2020,coneflower_trash_knob,4,CRD,8:49:00 AM,9:11:00 AM,72,2,2,griseocollis,Female,CIRDIS,,,
Nachusa2020_5555,8/25/2020,coneflower_trash_knob,4,CRD,8:49:00 AM,9:11:00 AM,72,2,2,griseocollis,Female,CIRDIS,,,
Nachusa2020_5556,8/25/2020,coneflower_trash_knob,4,CRD,8:49:00 AM,9:11:00 AM,72,2,2,griseocollis,Female,CIRDIS,,,
Nachusa2020_5557,8/25/2020,coneflower_trash_knob,4,CRD,8:49:00 AM,9:11:00 AM,72,2,2,griseocollis,Female,CIRDIS,,,
Nachusa2020_5558,8/25/2020,coneflower_trash_knob,4,CRD,8:49:00 AM,9:11:00 AM,72,2,2,griseocollis,Female,CIRDIS,,,
Nachusa2020_5559,8/25/2020,coneflower_trash_knob,4,CRD,8:49:00 AM,9:11:00 AM,72,2,2,griseocollis,Female,CIRDIS,,,
Nachusa2020_5560,8/25/2020,coneflower_trash_knob,4,CRD,8:49:00 AM,9:11:00 AM,72,2,2,griseocollis,Female,CIRDIS,,,
Nachusa2020_5561,8/25/2020,coneflower_trash_knob,4,CRD,8:49:00 AM,9:11:00 AM,72,2,2,griseocollis,Female,CIRDIS,,,
Nachusa2020_5562,8/25/2020,coneflower_trash_knob,4,CRD,8:49:00 AM,9:11:00 AM,72,2,2,griseocollis,Female,CIRDIS,,,
Nachusa2020_5563,8/25/2020,coneflower_trash_knob,4,CRD,8:49:00 AM,9:11:00 AM,72,2,2,griseocollis,Female,CIRDIS,,,
Nachusa2020_5564,8/25/2020,coneflower_trash_knob,4,CRD,8:49:00 AM,9:11:00 AM,72,2,2,griseocollis,Female,CIRDIS,,,
Nachusa2020_5565,8/25/2020,coneflower_trash_knob,4,CRD,8:49:00 AM,9:11:00 AM,72,2,2,griseocollis,Female,CIRDIS,,,
Nachusa2020_5566,8/25/2020,coneflower_trash_knob,4,CRD,8:49:00 AM,9:11:00 AM,72,2,2,griseocollis,Female,CIRDIS,,,
Nachusa2020_5567,8/25/2020,coneflower_trash_knob,4,CRD,8:49:00 AM,9:11:00 AM,72,2,2,griseocollis,Female,CIRDIS,,,
Nachusa2020_5568,8/25/2020,coneflower_trash_knob,4,CRD,8:49:00 AM,9:11:00 AM,72,2,2,impatiens,Female,CIRDIS,,,
Nachusa2020_5569,8/25/2020,coneflower_trash_knob,4,CRD,8:49:00 AM,9:11:00 AM,72,2,2,impatiens,Female,CIRDIS,,,
Nachusa2020_5570,8/25/2020,coneflower_trash_knob,4,CRD,8:49:00 AM,9:11:00 AM,72,2,2,impatiens,Female,CIRDIS,,,
Nachusa2020_5571,8/25/2020,coneflower_trash_knob,4,CRD,8:49:00 AM,9:11:00 AM,72,2,2,impatiens,Female,CIRDIS,,,
Nachusa2020_5572,8/25/2020,coneflower_trash_knob,4,CRD,8:49:00 AM,9:11:00 AM,72,2,2,impatiens,Female,CIRDIS,,,
Nachusa2020_5573,8/25/2020,coneflower_trash_knob,4,CRD,8:49:00 AM,9:11:00 AM,72,2,2,impatiens,Female,CIRDIS,,,
Nachusa2020_5574,8/25/2020,coneflower_trash_knob,4,CRD,8:49:00 AM,9:11:00 AM,72,2,2,impatiens,Female,CIRDIS,,,
Nachusa2020_5575,8/25/2020,coneflower_trash_knob,4,CRD,8:49:00 AM,9:11:00 AM,72,2,2,impatiens,Female,CIRDIS,,,
Nachusa2020_5576,8/25/2020,coneflower_trash_knob,4,CRD,8:49:00 AM,9:11:00 AM,72,2,2,impatiens,Female,CIRDIS,,,
Nachusa2020_5577,8/25/2020,coneflower_trash_knob,4,CRD,8:49:00 AM,9:11:00 AM,72,2,2,impatiens,Female,CIRDIS,,,
Nachusa2020_5578,8/25/2020,coneflower_trash_knob,4,CRD,8:49:00 AM,9:11:00 AM,72,2,2,impatiens,Female,CIRDIS,,,
Nachusa2020_5579,8/25/2020,coneflower_trash_knob,4,CRD,8:49:00 AM,9:11:00 AM,72,2,2,impatiens,Female,CIRDIS,,,
Nachusa2020_5580,8/25/2020,coneflower_trash_knob,4,CRD,8:49:00 AM,9:11:00 AM,72,2,2,impatiens,Female,CIRDIS,,,
Nachusa2020_5581,8/25/2020,coneflower_trash_knob,4,CRD,8:49:00 AM,9:11:00 AM,72,2,2,impatiens,Female,CIRDIS,,,
Nachusa2020_5582,8/25/2020,coneflower_trash_knob,4,CRD,8:49:00 AM,9:11:00 AM,72,2,2,impatiens,Female,CIRDIS,,,
Nachusa2020_5583,8/25/2020,coneflower_trash_knob,4,CRD,8:49:00 AM,9:11:00 AM,72,2,2,impatiens,Female,CIRDIS,,,
Nachusa2020_5584,8/25/2020,coneflower_trash_knob,4,CRD,8:49:00 AM,9:11:00 AM,72,2,2,impatiens,Female,CIRDIS,,,
Nachusa2020_5585,8/25/2020,coneflower_trash_knob,4,CRD,8:49:00 AM,9:11:00 AM,72,2,2,impatiens,Female,CIRDIS,,,
Nachusa2020_5586,8/25/2020,coneflower_trash_knob,4,CRD,8:49:00 AM,9:11:00 AM,72,2,2,impatiens,Female,CIRDIS,,,
Nachusa2020_5587,8/25/2020,coneflower_trash_knob,4,CRD,8:49:00 AM,9:11:00 AM,72,2,2,impatiens,Female,CIRDIS,,,
Nachusa2020_5588,8/25/2020,coneflower_trash_knob,4,CRD,8:49:00 AM,9:11:00 AM,72,2,2,impatiens,Female,CIRDIS,,,
Nachusa2020_5589,8/25/2020,coneflower_trash_knob,4,CRD,8:49:00 AM,9:11:00 AM,72,2,2,impatiens,Female,CIRDIS,,,
Nachusa2020_5590,8/25/2020,coneflower_trash_knob,4,CRD,8:49:00 AM,9:11:00 AM,72,2,2,impatiens,Female,CIRDIS,,,
Nachusa2020_5591,8/25/2020,coneflower_trash_knob,4,CRD,8:49:00 AM,9:11:00 AM,72,2,2,impatiens,Female,CIRDIS,,,
Nachusa2020_5592,8/25/2020,coneflower_trash_knob,4,CRD,8:49:00 AM,9:11:00 AM,72,2,2,impatiens,Female,CIRDIS,,,
Nachusa2020_5593,8/25/2020,coneflower_trash_knob,4,CRD,8:49:00 AM,9:11:00 AM,72,2,2,impatiens,Female,CIRDIS,,,
Nachusa2020_5594,8/25/2020,coneflower_trash_knob,4,CRD,8:49:00 AM,9:11:00 AM,72,2,2,impatiens,Female,CIRDIS,,,
Nachusa2020_5595,8/25/2020,coneflower_trash_knob,4,CRD,8:49:00 AM,9:11:00 AM,72,2,2,impatiens,Female,CIRDIS,,,
Nachusa2020_5596,8/25/2020,coneflower_trash_knob,4,CRD,8:49:00 AM,9:11:00 AM,72,2,2,impatiens,Female,CIRDIS,,,
Nachusa2020_5597,8/25/2020,coneflower_trash_knob,4,CRD,8:49:00 AM,9:11:00 AM,72,2,2,impatiens,Female,CIRDIS,,,
Nachusa2020_5598,8/25/2020,coneflower_trash_knob,4,CRD,8:49:00 AM,9:11:00 AM,72,2,2,impatiens,Female,CIRDIS,,,
Nachusa2020_5599,8/25/2020,coneflower_trash_knob,4,CRD,8:49:00 AM,9:11:00 AM,72,2,2,impatiens,Female,CIRDIS,,,
Nachusa2020_5600,8/25/2020,coneflower_trash_knob,4,CRD,8:49:00 AM,9:11:00 AM,72,2,2,impatiens,Female,CIRDIS,,,
Nachusa2020_5601,8/25/2020,coneflower_trash_knob,4,CRD,8:49:00 AM,9:11:00 AM,72,2,2,impatiens,Female,CIRDIS,,,
Nachusa2020_5602,8/25/2020,coneflower_trash_knob,4,CRD,8:49:00 AM,9:11:00 AM,72,2,2,auricomus,Female,CIRDIS,,,
Nachusa2020_5603,8/25/2020,coneflower_trash_knob,4,CRD,8:49:00 AM,9:11:00 AM,72,2,2,auricomus,Female,CIRDIS,,,
Nachusa2020_5604,8/25/2020,coneflower_trash_knob,4,CRD,8:49:00 AM,9:11:00 AM,72,2,2,auricomus,Female,CIRDIS,,,
Nachusa2020_5605,8/25/2020,coneflower_trash_knob,4,CRD,8:49:00 AM,9:11:00 AM,72,2,2,auricomus,Female,CIRDIS,,,
Nachusa2020_5606,8/25/2020,coneflower_trash_knob,4,CRD,8:49:00 AM,9:11:00 AM,72,2,2,auricomus,Female,CIRDIS,,,
Nachusa2020_5607,8/25/2020,coneflower_trash_knob,4,CRD,8:49:00 AM,9:11:00 AM,72,2,2,auricomus,Female,CIRDIS,,,
Nachusa2020_5608,8/25/2020,coneflower_trash_knob,4,CRD,8:49:00 AM,9:11:00 AM,72,2,2,auricomus,Female,CIRDIS,,,
Nachusa2020_5609,8/25/2020,coneflower_trash_knob,4,CRD,8:49:00 AM,9:11:00 AM,72,2,2,auricomus,Female,CIRDIS,,,
Nachusa2020_5610,8/25/2020,coneflower_trash_knob,4,CRD,8:49:00 AM,9:11:00 AM,72,2,2,auricomus,Female,CIRDIS,,,
Nachusa2020_5611,8/25/2020,coneflower_trash_knob,4,CRD,8:49:00 AM,9:11:00 AM,72,2,2,auricomus,Female,CIRDIS,,,
Nachusa2020_5612,8/25/2020,coneflower_trash_knob,4,CRD,8:49:00 AM,9:11:00 AM,72,2,2,auricomus,Female,CIRDIS,,,
Nachusa2020_5613,8/25/2020,coneflower_trash_knob,4,CRD,8:49:00 AM,9:11:00 AM,72,2,2,auricomus,Female,CIRDIS,,,
Nachusa2020_5614,8/25/2020,coneflower_trash_knob,4,CRD,8:49:00 AM,9:11:00 AM,72,2,2,auricomus,Female,CIRDIS,,,
Nachusa2020_5615,8/25/2020,coneflower_trash_knob,4,CRD,8:49:00 AM,9:11:00 AM,72,2,2,auricomus,Female,CIRDIS,,,
Nachusa2020_5616,8/25/2020,coneflower_trash_knob,4,CRD,8:49:00 AM,9:11:00 AM,72,2,2,auricomus,Female,CIRDIS,,,
Nachusa2020_5617,8/25/2020,coneflower_trash_knob,4,CRD,8:49:00 AM,9:11:00 AM,72,2,2,auricomus,Female,CIRDIS,,,
Nachusa2020_5618,8/25/2020,coneflower_trash_knob,4,CRD,8:49:00 AM,9:11:00 AM,72,2,2,auricomus,Female,CIRDIS,,,
Nachusa2020_5619,8/25/2020,coneflower_trash_knob,4,CRD,8:49:00 AM,9:11:00 AM,72,2,2,auricomus,Female,CIRDIS,,,
Nachusa2020_5620,8/25/2020,coneflower_trash_knob,4,CRD,8:49:00 AM,9:11:00 AM,72,2,2,auricomus,Female,CIRDIS,,,
Nachusa2020_5621,8/25/2020,coneflower_trash_knob,4,CRD,8:49:00 AM,9:11:00 AM,72,2,2,auricomus,Female,CIRDIS,,,
Nachusa2020_5622,8/25/2020,coneflower_trash_knob,4,CRD,8:49:00 AM,9:11:00 AM,72,2,2,fervidus,Female,CIRDIS,,,
Nachusa2020_5623,8/25/2020,coneflower_trash_knob,4,CRD,8:49:00 AM,9:11:00 AM,72,2,2,fervidus,Female,CIRDIS,,,
Nachusa2020_5624,8/25/2020,coneflower_trash_knob,4,CRD,8:49:00 AM,9:11:00 AM,72,2,2,fervidus,Female,CIRDIS,,,
Nachusa2020_5625,8/25/2020,coneflower_trash_knob,4,CRD,8:49:00 AM,9:11:00 AM,72,2,2,fervidus,Female,CIRDIS,,,
Nachusa2020_5626,8/25/2020,coneflower_trash_knob,4,CRD,8:49:00 AM,9:11:00 AM,72,2,2,fervidus,Female,CIRDIS,,,
Nachusa2020_5627,8/25/2020,coneflower_trash_knob,4,CRD,8:49:00 AM,9:11:00 AM,72,2,2,fervidus,Female,CIRDIS,,,
Nachusa2020_5628,8/25/2020,coneflower_trash_knob,4,CRD,8:49:00 AM,9:11:00 AM,72,2,2,fervidus,Female,CIRDIS,,,
Nachusa2020_5629,8/25/2020,coneflower_trash_knob,4,CRD,8:49:00 AM,9:11:00 AM,72,2,2,fervidus,Female,CIRDIS,,,
Nachusa2020_5630,8/25/2020,coneflower_trash_knob,4,CRD,8:49:00 AM,9:11:00 AM,72,2,2,fervidus,Female,CIRDIS,,,
Nachusa2020_5631,8/25/2020,coneflower_trash_knob,4,CRD,8:49:00 AM,9:11:00 AM,72,2,2,griseocollis,Male,CIRDIS,,,
Nachusa2020_5632,8/25/2020,coneflower_trash_knob,4,CRD,8:49:00 AM,9:11:00 AM,72,2,2,auri/pens,Female,CIRDIS,,,
Nachusa2020_5633,8/25/2020,coneflower_trash_knob,4,CRD,8:49:00 AM,9:11:00 AM,72,2,2,auri/pens,Female,CIRDIS,,,
Nachusa2020_5634,8/25/2020,coneflower_trash_knob,4,CRD,8:49:00 AM,9:11:00 AM,72,2,2,auri/pens,Female,CIRDIS,,,
Nachusa2020_5635,8/25/2020,coneflower_trash_knob,4,CRD,8:49:00 AM,9:11:00 AM,72,2,2,auri/pens,Female,CIRDIS,,,
Nachusa2020_5636,8/25/2020,coneflower_trash_knob,4,CRD,8:49:00 AM,9:11:00 AM,72,2,2,pensylvanicus,Female,CIRDIS,,,
Nachusa2020_5637,8/25/2020,coneflower_trash_knob,4,CRD,8:49:00 AM,9:11:00 AM,72,2,2,auricomus,Female,CIRDIS,,,
Nachusa2020_5638,8/25/2020,sengers,5,CRD,9:56:00 AM,10:16:00 AM,77,1,1,griseocollis,Male,LIAASP,,,
Nachusa2020_5639,8/25/2020,sengers,5,CRD,9:56:00 AM,10:16:00 AM,77,1,1,rufocinctus,Male,LIAASP,,,
Nachusa2020_5640,8/25/2020,sengers,5,CRD,9:56:00 AM,10:16:00 AM,77,1,1,griseocollis,Female,LIAASP,,,
Nachusa2020_5641,8/25/2020,sengers,5,CRD,9:56:00 AM,10:16:00 AM,77,1,1,impatiens,Female,GENALB,,,
Nachusa2020_5642,8/25/2020,sengers,5,CRD,9:56:00 AM,10:16:00 AM,77,1,1,impatiens,Female,GENALB,,,
Nachusa2020_5643,8/25/2020,sengers,5,CRD,9:56:00 AM,10:16:00 AM,77,1,1,impatiens,Female,GENALB,,,
Nachusa2020_5644,8/25/2020,sengers,5,CRD,9:56:00 AM,10:16:00 AM,77,1,1,impatiens,Female,CHAFAS,,,
Nachusa2020_5645,8/25/2020,williams,5,CRD,10:49:00 AM,11:12:00 AM,81,1,1,impatiens,Male,SILTER,,,
Nachusa2020_5646,8/25/2020,williams,5,CRD,10:49:00 AM,11:12:00 AM,81,1,1,rufocinctus,Male,SILTER,,,
Nachusa2020_5647,8/25/2020,williams,5,CRD,10:49:00 AM,11:12:00 AM,81,1,1,impatiens,Male,EUTGRA,,,
Nachusa2020_5648,8/25/2020,williams,5,CRD,10:49:00 AM,11:12:00 AM,81,1,1,impatiens,Male,EUTGRA,,,
Nachusa2020_5649,8/25/2020,williams,5,CRD,10:49:00 AM,11:12:00 AM,81,1,1,impatiens,Male,EUTGRA,,,
Nachusa2020_5650,8/25/2020,williams,5,CRD,10:49:00 AM,11:12:00 AM,81,1,1,impatiens,Male,EUTGRA,,,
Nachusa2020_5651,8/25/2020,williams,5,CRD,10:49:00 AM,11:12:00 AM,81,1,1,impatiens,Male,EUTGRA,,,
Nachusa2020_5652,8/25/2020,williams,5,CRD,10:49:00 AM,11:12:00 AM,81,1,1,impatiens,Male,EUTGRA,,,
Nachusa2020_5653,8/25/2020,williams,5,CRD,10:49:00 AM,11:12:00 AM,81,1,1,impatiens,Female,EUTGRA,,,
Nachusa2020_5654,8/25/2020,williams,5,CRD,10:49:00 AM,11:12:00 AM,81,1,1,impatiens,Female,EUTGRA,,,
Nachusa2020_5655,8/25/2020,williams,5,CRD,10:49:00 AM,11:12:00 AM,81,1,1,impatiens,Female,EUTGRA,,,
Nachusa2020_5656,8/25/2020,williams,5,CRD,10:49:00 AM,11:12:00 AM,81,1,1,impatiens,Female,EUTGRA,,,
Nachusa2020_5657,8/25/2020,williams,5,CRD,10:49:00 AM,11:12:00 AM,81,1,1,impatiens,Female,EUTGRA,,,
Nachusa2020_5658,8/25/2020,williams,5,CRD,10:49:00 AM,11:12:00 AM,81,1,1,impatiens,Female,EUTGRA,,,
Nachusa2020_5659,8/25/2020,williams,5,CRD,10:49:00 AM,11:12:00 AM,81,1,1,impatiens,Female,EUTGRA,,,
Nachusa2020_5660,8/25/2020,williams,5,CRD,10:49:00 AM,11:12:00 AM,81,1,1,impatiens,Female,EUTGRA,,,
Nachusa2020_5661,8/25/2020,williams,5,CRD,10:49:00 AM,11:12:00 AM,81,1,1,impatiens,Female,EUTGRA,,,
Nachusa2020_5662,8/25/2020,williams,5,CRD,10:49:00 AM,11:12:00 AM,81,1,1,impatiens,Female,EUTGRA,,,
Nachusa2020_5663,8/25/2020,williams,5,CRD,10:49:00 AM,11:12:00 AM,81,1,1,impatiens,Female,EUTGRA,,,
Nachusa2020_5664,8/25/2020,williams,5,CRD,10:49:00 AM,11:12:00 AM,81,1,1,impatiens,Female,EUTGRA,,,
Nachusa2020_5665,8/25/2020,williams,5,CRD,10:49:00 AM,11:12:00 AM,81,1,1,impatiens,Female,EUTGRA,,,
Nachusa2020_5666,8/25/2020,williams,5,CRD,10:49:00 AM,11:12:00 AM,81,1,1,rufocinctus,Male,EUTGRA,,,
Nachusa2020_5667,8/25/2020,williams,5,CRD,10:49:00 AM,11:12:00 AM,81,1,1,impatiens,Male,EUTMAC,,,
Nachusa2020_5668,8/25/2020,williams,5,CRD,10:49:00 AM,11:12:00 AM,81,1,1,impatiens,Male,EUTMAC,,,
Nachusa2020_5669,8/25/2020,dougs_knob,3,CRD,12:08:00 PM,12:35:00 PM,85,1,1,griseocollis,Male,LIAASP,,,
Nachusa2020_5670,8/25/2020,dougs_knob,3,CRD,12:08:00 PM,12:35:00 PM,85,1,1,griseocollis,Male,LIAASP,,,
Nachusa2020_5671,8/25/2020,dougs_knob,3,CRD,12:08:00 PM,12:35:00 PM,85,1,1,griseocollis,Male,LIAASP,,,
Nachusa2020_5672,8/25/2020,dougs_knob,3,CRD,12:08:00 PM,12:35:00 PM,85,1,1,griseocollis,Male,LIAASP,,,
Nachusa2020_5673,8/25/2020,dougs_knob,3,CRD,12:08:00 PM,12:35:00 PM,85,1,1,griseocollis,Male,LIAASP,,,
Nachusa2020_5674,8/25/2020,dougs_knob,3,CRD,12:08:00 PM,12:35:00 PM,85,1,1,impatiens,Female,LIAASP,,,
Nachusa2020_5675,8/25/2020,dougs_knob,3,CRD,12:08:00 PM,12:35:00 PM,85,1,1,impatiens,Female,LIAASP,,,
Nachusa2020_5676,8/25/2020,dougs_knob,3,CRD,12:08:00 PM,12:35:00 PM,85,1,1,impatiens,Female,LIAASP,,,
Nachusa2020_5677,8/25/2020,dougs_knob,3,CRD,12:08:00 PM,12:35:00 PM,85,1,1,impatiens,Female,LIAASP,,,
Nachusa2020_5678,8/25/2020,dougs_knob,3,CRD,12:08:00 PM,12:35:00 PM,85,1,1,impatiens,Female,LIAASP,,,
Nachusa2020_5679,8/25/2020,dougs_knob,3,CRD,12:08:00 PM,12:35:00 PM,85,1,1,auricomus,Male,CIRDIS,,,
Nachusa2020_5680,8/25/2020,dougs_knob,3,CRD,12:08:00 PM,12:35:00 PM,85,1,1,auricomus,Female,CIRDIS,,,
Nachusa2020_5681,8/25/2020,dougs_knob,3,CRD,12:08:00 PM,12:35:00 PM,85,1,1,auricomus,Female,CIRDIS,,,
Nachusa2020_5682,8/25/2020,dougs_knob,3,CRD,12:08:00 PM,12:35:00 PM,85,1,1,auricomus,Female,CIRDIS,,,
Nachusa2020_5683,8/25/2020,dougs_knob,3,CRD,12:08:00 PM,12:35:00 PM,85,1,1,griseocollis,Female,LIAASP,,,
Nachusa2020_5684,8/25/2020,dougs_knob,3,CRD,12:08:00 PM,12:35:00 PM,85,1,1,griseocollis,Female,CIRDIS,,,
Nachusa2020_5685,8/25/2020,dougs_knob,3,CRD,12:08:00 PM,12:35:00 PM,85,1,1,auri/pens,Female,CIRDIS,,,
Nachusa2020_5686,8/25/2020,dougs_knob,3,CRD,12:08:00 PM,12:35:00 PM,85,1,1,auri/pens,Female,CIRDIS,,,
Nachusa2020_5687,8/25/2020,dougs_knob,3,CRD,12:08:00 PM,12:35:00 PM,85,1,1,griseocollis,Male,CIRDIS,,,
Nachusa2020_5688,8/25/2020,dougs_knob,3,CRD,12:08:00 PM,12:35:00 PM,85,1,1,griseocollis,Male,CIRDIS,,,
Nachusa2020_5689,8/25/2020,dougs_knob,3,CRD,12:08:00 PM,12:35:00 PM,85,1,1,fraternus,Female,CIRDIS,,,specimen
Nachusa2020_5690,8/25/2020,dougs_knob,3,CRD,12:08:00 PM,12:35:00 PM,85,1,1,griseocollis,Female,CIRDIS,,,
Nachusa2020_5691,8/25/2020,dougs_knob,3,CRD,12:08:00 PM,12:35:00 PM,85,1,1,impatiens,Female,CIRDIS,,,
Nachusa2020_5692,8/25/2020,dougs_knob,3,CRD,12:08:00 PM,12:35:00 PM,85,1,1,impatiens,Female,CIRDIS,,,
Nachusa2020_5693,8/25/2020,dougs_knob,3,CRD,12:08:00 PM,12:35:00 PM,85,1,1,impatiens,Female,CIRDIS,,,
Nachusa2020_5694,8/25/2020,dougs_knob,3,CRD,12:08:00 PM,12:35:00 PM,85,1,1,impatiens,Female,CIRDIS,,,
Nachusa2020_5695,8/25/2020,dougs_knob,3,CRD,12:08:00 PM,12:35:00 PM,85,1,1,impatiens,Female,CIRDIS,,,
Nachusa2020_5696,8/25/2020,dougs_knob,3,CRD,12:08:00 PM,12:35:00 PM,85,1,1,impatiens,Female,CIRDIS,,,
Nachusa2020_5697,8/25/2020,dougs_knob,3,CRD,12:08:00 PM,12:35:00 PM,85,1,1,impatiens,Female,CIRDIS,,,
Nachusa2020_5698,8/25/2020,dougs_knob,3,CRD,12:08:00 PM,12:35:00 PM,85,1,1,impatiens,Female,CIRDIS,,,
Nachusa2020_5699,8/25/2020,dougs_knob,3,CRD,12:08:00 PM,12:35:00 PM,85,1,1,impatiens,Female,CIRDIS,,,
Nachusa2020_5700,8/25/2020,dougs_knob,3,CRD,12:08:00 PM,12:35:00 PM,85,1,1,impatiens,Female,CIRDIS,,,
Nachusa2020_5701,8/25/2020,dougs_knob,3,CRD,12:08:00 PM,12:35:00 PM,85,1,1,impatiens,Female,CIRDIS,,,
Nachusa2020_5702,8/25/2020,dougs_knob,3,CRD,12:08:00 PM,12:35:00 PM,85,1,1,vagans,Female,CIRDIS,,,
Nachusa2020_5703,8/25/2020,dougs_knob,3,CRD,12:08:00 PM,12:35:00 PM,85,1,1,rufocinctus,Male,CORTRI,,,
Nachusa2020_5704,8/25/2020,dougs_knob,3,CRD,12:08:00 PM,12:35:00 PM,85,1,1,vagans,Female,TRIPRA,,,specimen
Nachusa2020_5705,8/26/2020,rolling_thunder,6,CRD,9:11:00 AM,9:31:00 AM,76,1,1,impatiens,Female,CIRDIS,,,
Nachusa2020_5706,8/26/2020,rolling_thunder,6,CRD,9:11:00 AM,9:31:00 AM,76,1,1,impatiens,Female,CIRDIS,,,
Nachusa2020_5707,8/26/2020,rolling_thunder,6,CRD,9:11:00 AM,9:31:00 AM,76,1,1,impatiens,Female,CIRDIS,,,
Nachusa2020_5708,8/26/2020,rolling_thunder,6,CRD,9:11:00 AM,9:31:00 AM,76,1,1,impatiens,Female,CIRDIS,,,
Nachusa2020_5709,8/26/2020,rolling_thunder,6,CRD,9:11:00 AM,9:31:00 AM,76,1,1,impatiens,Female,CIRDIS,,,
Nachusa2020_5710,8/26/2020,rolling_thunder,6,CRD,9:11:00 AM,9:31:00 AM,76,1,1,impatiens,Female,CIRDIS,,,
Nachusa2020_5711,8/26/2020,rolling_thunder,6,CRD,9:11:00 AM,9:31:00 AM,76,1,1,impatiens,Female,CIRDIS,,,
Nachusa2020_5712,8/26/2020,rolling_thunder,6,CRD,9:11:00 AM,9:31:00 AM,76,1,1,impatiens,Female,CIRDIS,,,
Nachusa2020_5713,8/26/2020,rolling_thunder,6,CRD,9:11:00 AM,9:31:00 AM,76,1,1,impatiens,Female,CIRDIS,,,
Nachusa2020_5714,8/26/2020,rolling_thunder,6,CRD,9:11:00 AM,9:31:00 AM,76,1,1,impatiens,Female,CIRDIS,,,
Nachusa2020_5715,8/26/2020,rolling_thunder,6,CRD,9:11:00 AM,9:31:00 AM,76,1,1,impatiens,Female,CIRDIS,,,
Nachusa2020_5716,8/26/2020,rolling_thunder,6,CRD,9:11:00 AM,9:31:00 AM,76,1,1,impatiens,Female,CIRDIS,,,
Nachusa2020_5717,8/26/2020,rolling_thunder,6,CRD,9:11:00 AM,9:31:00 AM,76,1,1,impatiens,Female,CIRDIS,,,
Nachusa2020_5718,8/26/2020,rolling_thunder,6,CRD,9:11:00 AM,9:31:00 AM,76,1,1,impatiens,Female,CIRDIS,,,
Nachusa2020_5719,8/26/2020,rolling_thunder,6,CRD,9:11:00 AM,9:31:00 AM,76,1,1,impatiens,Female,CIRDIS,,,
Nachusa2020_5720,8/26/2020,rolling_thunder,6,CRD,9:11:00 AM,9:31:00 AM,76,1,1,impatiens,Female,CIRDIS,,,
Nachusa2020_5721,8/26/2020,rolling_thunder,6,CRD,9:11:00 AM,9:31:00 AM,76,1,1,impatiens,Female,CIRDIS,,,
Nachusa2020_5722,8/26/2020,rolling_thunder,6,CRD,9:11:00 AM,9:31:00 AM,76,1,1,impatiens,Female,CIRDIS,,,
Nachusa2020_5723,8/26/2020,rolling_thunder,6,CRD,9:11:00 AM,9:31:00 AM,76,1,1,impatiens,Female,CIRDIS,,,
Nachusa2020_5724,8/26/2020,rolling_thunder,6,CRD,9:11:00 AM,9:31:00 AM,76,1,1,impatiens,Female,CIRDIS,,,
Nachusa2020_5725,8/26/2020,rolling_thunder,6,CRD,9:11:00 AM,9:31:00 AM,76,1,1,impatiens,Female,CIRDIS,,,
Nachusa2020_5726,8/26/2020,rolling_thunder,6,CRD,9:11:00 AM,9:31:00 AM,76,1,1,impatiens,Female,CIRDIS,,,
Nachusa2020_5727,8/26/2020,rolling_thunder,6,CRD,9:11:00 AM,9:31:00 AM,76,1,1,impatiens,Female,CIRDIS,,,
Nachusa2020_5728,8/26/2020,rolling_thunder,6,CRD,9:11:00 AM,9:31:00 AM,76,1,1,impatiens,Female,CIRDIS,,,
Nachusa2020_5729,8/26/2020,rolling_thunder,6,CRD,9:11:00 AM,9:31:00 AM,76,1,1,impatiens,Female,CIRDIS,,,
Nachusa2020_5730,8/26/2020,rolling_thunder,6,CRD,9:11:00 AM,9:31:00 AM,76,1,1,impatiens,Female,CIRDIS,,,
Nachusa2020_5731,8/26/2020,rolling_thunder,6,CRD,9:11:00 AM,9:31:00 AM,76,1,1,impatiens,Female,CIRDIS,,,
Nachusa2020_5732,8/26/2020,rolling_thunder,6,CRD,9:11:00 AM,9:31:00 AM,76,1,1,impatiens,Female,CIRDIS,,,
Nachusa2020_5733,8/26/2020,rolling_thunder,6,CRD,9:11:00 AM,9:31:00 AM,76,1,1,impatiens,Female,CIRDIS,,,
Nachusa2020_5734,8/26/2020,rolling_thunder,6,CRD,9:11:00 AM,9:31:00 AM,76,1,1,impatiens,Female,CIRDIS,,,
Nachusa2020_5735,8/26/2020,rolling_thunder,6,CRD,9:11:00 AM,9:31:00 AM,76,1,1,impatiens,Female,CIRDIS,,,
Nachusa2020_5736,8/26/2020,rolling_thunder,6,CRD,9:11:00 AM,9:31:00 AM,76,1,1,impatiens,Female,CIRDIS,,,
Nachusa2020_5737,8/26/2020,rolling_thunder,6,CRD,9:11:00 AM,9:31:00 AM,76,1,1,impatiens,Female,CIRDIS,,,
Nachusa2020_5738,8/26/2020,rolling_thunder,6,CRD,9:11:00 AM,9:31:00 AM,76,1,1,impatiens,Female,CIRDIS,,,
Nachusa2020_5739,8/26/2020,rolling_thunder,6,CRD,9:11:00 AM,9:31:00 AM,76,1,1,impatiens,Female,CIRDIS,,,
Nachusa2020_5740,8/26/2020,rolling_thunder,6,CRD,9:11:00 AM,9:31:00 AM,76,1,1,impatiens,Female,CIRDIS,,,
Nachusa2020_5741,8/26/2020,rolling_thunder,6,CRD,9:11:00 AM,9:31:00 AM,76,1,1,impatiens,Female,CIRDIS,,,
Nachusa2020_5742,8/26/2020,rolling_thunder,6,CRD,9:11:00 AM,9:31:00 AM,76,1,1,impatiens,Female,CIRDIS,,,
Nachusa2020_5743,8/26/2020,rolling_thunder,6,CRD,9:11:00 AM,9:31:00 AM,76,1,1,impatiens,Female,CIRDIS,,,
Nachusa2020_5744,8/26/2020,rolling_thunder,6,CRD,9:11:00 AM,9:31:00 AM,76,1,1,impatiens,Female,CIRDIS,,,
Nachusa2020_5745,8/26/2020,rolling_thunder,6,CRD,9:11:00 AM,9:31:00 AM,76,1,1,impatiens,Female,CIRDIS,,,
Nachusa2020_5746,8/26/2020,rolling_thunder,6,CRD,9:11:00 AM,9:31:00 AM,76,1,1,impatiens,Female,CIRDIS,,,
Nachusa2020_5747,8/26/2020,rolling_thunder,6,CRD,9:11:00 AM,9:31:00 AM,76,1,1,impatiens,Female,CIRDIS,,,
Nachusa2020_5748,8/26/2020,rolling_thunder,6,CRD,9:11:00 AM,9:31:00 AM,76,1,1,impatiens,Female,CIRDIS,,,
Nachusa2020_5749,8/26/2020,rolling_thunder,6,CRD,9:11:00 AM,9:31:00 AM,76,1,1,impatiens,Female,CIRDIS,,,
Nachusa2020_5750,8/26/2020,rolling_thunder,6,CRD,9:11:00 AM,9:31:00 AM,76,1,1,impatiens,Female,CIRDIS,,,
Nachusa2020_5751,8/26/2020,rolling_thunder,6,CRD,9:11:00 AM,9:31:00 AM,76,1,1,impatiens,Female,CIRDIS,,,
Nachusa2020_5752,8/26/2020,rolling_thunder,6,CRD,9:11:00 AM,9:31:00 AM,76,1,1,impatiens,Female,CIRDIS,,,
Nachusa2020_5753,8/26/2020,rolling_thunder,6,CRD,9:11:00 AM,9:31:00 AM,76,1,1,impatiens,Female,CIRDIS,,,
Nachusa2020_5754,8/26/2020,rolling_thunder,6,CRD,9:11:00 AM,9:31:00 AM,76,1,1,impatiens,Female,CIRDIS,,,
Nachusa2020_5755,8/26/2020,rolling_thunder,6,CRD,9:11:00 AM,9:31:00 AM,76,1,1,impatiens,Female,CIRDIS,,,
Nachusa2020_5756,8/26/2020,rolling_thunder,6,CRD,9:11:00 AM,9:31:00 AM,76,1,1,impatiens,Female,CIRDIS,,,
Nachusa2020_5757,8/26/2020,rolling_thunder,6,CRD,9:11:00 AM,9:31:00 AM,76,1,1,impatiens,Female,CIRDIS,,,
Nachusa2020_5758,8/26/2020,rolling_thunder,6,CRD,9:11:00 AM,9:31:00 AM,76,1,1,impatiens,Female,CIRDIS,,,
Nachusa2020_5759,8/26/2020,rolling_thunder,6,CRD,9:11:00 AM,9:31:00 AM,76,1,1,impatiens,Female,CIRDIS,,,
Nachusa2020_5760,8/26/2020,rolling_thunder,6,CRD,9:11:00 AM,9:31:00 AM,76,1,1,impatiens,Female,CIRDIS,,,
Nachusa2020_5761,8/26/2020,rolling_thunder,6,CRD,9:11:00 AM,9:31:00 AM,76,1,1,impatiens,Female,CIRDIS,,,
Nachusa2020_5762,8/26/2020,rolling_thunder,6,CRD,9:11:00 AM,9:31:00 AM,76,1,1,impatiens,Female,CIRDIS,,,
Nachusa2020_5763,8/26/2020,rolling_thunder,6,CRD,9:11:00 AM,9:31:00 AM,76,1,1,impatiens,Female,CIRDIS,,,
Nachusa2020_5764,8/26/2020,rolling_thunder,6,CRD,9:11:00 AM,9:31:00 AM,76,1,1,impatiens,Female,CIRDIS,,,
Nachusa2020_5765,8/26/2020,rolling_thunder,6,CRD,9:11:00 AM,9:31:00 AM,76,1,1,impatiens,Female,CIRDIS,,,
Nachusa2020_5766,8/26/2020,rolling_thunder,6,CRD,9:11:00 AM,9:31:00 AM,76,1,1,impatiens,Female,CIRDIS,,,
Nachusa2020_5767,8/26/2020,rolling_thunder,6,CRD,9:11:00 AM,9:31:00 AM,76,1,1,impatiens,Female,CIRDIS,,,
Nachusa2020_5768,8/26/2020,rolling_thunder,6,CRD,9:11:00 AM,9:31:00 AM,76,1,1,impatiens,Female,CIRDIS,,,
Nachusa2020_5769,8/26/2020,rolling_thunder,6,CRD,9:11:00 AM,9:31:00 AM,76,1,1,impatiens,Female,CIRDIS,,,
Nachusa2020_5770,8/26/2020,rolling_thunder,6,CRD,9:11:00 AM,9:31:00 AM,76,1,1,impatiens,Female,CIRDIS,,,
Nachusa2020_5771,8/26/2020,rolling_thunder,6,CRD,9:11:00 AM,9:31:00 AM,76,1,1,impatiens,Female,CIRDIS,,,
Nachusa2020_5772,8/26/2020,rolling_thunder,6,CRD,9:11:00 AM,9:31:00 AM,76,1,1,impatiens,Female,CIRDIS,,,
Nachusa2020_5773,8/26/2020,rolling_thunder,6,CRD,9:11:00 AM,9:31:00 AM,76,1,1,impatiens,Female,CIRDIS,,,
Nachusa2020_5774,8/26/2020,rolling_thunder,6,CRD,9:11:00 AM,9:31:00 AM,76,1,1,impatiens,Female,CIRDIS,,,
Nachusa2020_5775,8/26/2020,rolling_thunder,6,CRD,9:11:00 AM,9:31:00 AM,76,1,1,impatiens,Female,CIRDIS,,,
Nachusa2020_5776,8/26/2020,rolling_thunder,6,CRD,9:11:00 AM,9:31:00 AM,76,1,1,impatiens,Female,CIRDIS,,,
Nachusa2020_5777,8/26/2020,rolling_thunder,6,CRD,9:11:00 AM,9:31:00 AM,76,1,1,impatiens,Female,CIRDIS,,,
Nachusa2020_5778,8/26/2020,rolling_thunder,6,CRD,9:11:00 AM,9:31:00 AM,76,1,1,impatiens,Female,CIRDIS,,,
Nachusa2020_5779,8/26/2020,rolling_thunder,6,CRD,9:11:00 AM,9:31:00 AM,76,1,1,impatiens,Female,CIRDIS,,,
Nachusa2020_5780,8/26/2020,rolling_thunder,6,CRD,9:11:00 AM,9:31:00 AM,76,1,1,impatiens,Female,CIRDIS,,,
Nachusa2020_5781,8/26/2020,rolling_thunder,6,CRD,9:11:00 AM,9:31:00 AM,76,1,1,impatiens,Female,CIRDIS,,,
Nachusa2020_5782,8/26/2020,rolling_thunder,6,CRD,9:11:00 AM,9:31:00 AM,76,1,1,impatiens,Female,CIRDIS,,,
Nachusa2020_5783,8/26/2020,rolling_thunder,6,CRD,9:11:00 AM,9:31:00 AM,76,1,1,impatiens,Female,CIRDIS,,,
Nachusa2020_5784,8/26/2020,rolling_thunder,6,CRD,9:11:00 AM,9:31:00 AM,76,1,1,impatiens,Female,CIRDIS,,,
Nachusa2020_5785,8/26/2020,rolling_thunder,6,CRD,9:11:00 AM,9:31:00 AM,76,1,1,impatiens,Female,CIRDIS,,,
Nachusa2020_5786,8/26/2020,rolling_thunder,6,CRD,9:11:00 AM,9:31:00 AM,76,1,1,impatiens,Female,CIRDIS,,,
Nachusa2020_5787,8/26/2020,rolling_thunder,6,CRD,9:11:00 AM,9:31:00 AM,76,1,1,impatiens,Female,CIRDIS,,,
Nachusa2020_5788,8/26/2020,rolling_thunder,6,CRD,9:11:00 AM,9:31:00 AM,76,1,1,impatiens,Female,CIRDIS,,,
Nachusa2020_5789,8/26/2020,rolling_thunder,6,CRD,9:11:00 AM,9:31:00 AM,76,1,1,impatiens,Female,CIRDIS,,,
Nachusa2020_5790,8/26/2020,rolling_thunder,6,CRD,9:11:00 AM,9:31:00 AM,76,1,1,impatiens,Female,CIRDIS,,,
Nachusa2020_5791,8/26/2020,rolling_thunder,6,CRD,9:11:00 AM,9:31:00 AM,76,1,1,impatiens,Female,CIRDIS,,,
Nachusa2020_5792,8/26/2020,rolling_thunder,6,CRD,9:11:00 AM,9:31:00 AM,76,1,1,impatiens,Female,CIRDIS,,,
Nachusa2020_5793,8/26/2020,rolling_thunder,6,CRD,9:11:00 AM,9:31:00 AM,76,1,1,impatiens,Female,CIRDIS,,,
Nachusa2020_5794,8/26/2020,rolling_thunder,6,CRD,9:11:00 AM,9:31:00 AM,76,1,1,impatiens,Female,CIRDIS,,,
Nachusa2020_5795,8/26/2020,rolling_thunder,6,CRD,9:11:00 AM,9:31:00 AM,76,1,1,impatiens,Female,CIRDIS,,,
Nachusa2020_5796,8/26/2020,rolling_thunder,6,CRD,9:11:00 AM,9:31:00 AM,76,1,1,impatiens,Female,CIRDIS,,,
Nachusa2020_5797,8/26/2020,rolling_thunder,6,CRD,9:11:00 AM,9:31:00 AM,76,1,1,impatiens,Female,CIRDIS,,,
Nachusa2020_5798,8/26/2020,rolling_thunder,6,CRD,9:11:00 AM,9:31:00 AM,76,1,1,impatiens,Female,CIRDIS,,,
Nachusa2020_5799,8/26/2020,rolling_thunder,6,CRD,9:11:00 AM,9:31:00 AM,76,1,1,impatiens,Female,CIRDIS,,,
Nachusa2020_5800,8/26/2020,rolling_thunder,6,CRD,9:11:00 AM,9:31:00 AM,76,1,1,impatiens,Female,CIRDIS,,,
Nachusa2020_5801,8/26/2020,rolling_thunder,6,CRD,9:11:00 AM,9:31:00 AM,76,1,1,impatiens,Female,CIRDIS,,,
Nachusa2020_5802,8/26/2020,rolling_thunder,6,CRD,9:11:00 AM,9:31:00 AM,76,1,1,impatiens,Female,CIRDIS,,,
Nachusa2020_5803,8/26/2020,rolling_thunder,6,CRD,9:11:00 AM,9:31:00 AM,76,1,1,impatiens,Female,CIRDIS,,,
Nachusa2020_5804,8/26/2020,rolling_thunder,6,CRD,9:11:00 AM,9:31:00 AM,76,1,1,impatiens,Female,CIRDIS,,,
Nachusa2020_5805,8/26/2020,rolling_thunder,6,CRD,9:11:00 AM,9:31:00 AM,76,1,1,impatiens,Female,CIRDIS,,,
Nachusa2020_5806,8/26/2020,rolling_thunder,6,CRD,9:11:00 AM,9:31:00 AM,76,1,1,impatiens,Female,CIRDIS,,,
Nachusa2020_5807,8/26/2020,rolling_thunder,6,CRD,9:11:00 AM,9:31:00 AM,76,1,1,impatiens,Female,CIRDIS,,,
Nachusa2020_5808,8/26/2020,rolling_thunder,6,CRD,9:11:00 AM,9:31:00 AM,76,1,1,impatiens,Female,CIRDIS,,,
Nachusa2020_5809,8/26/2020,rolling_thunder,6,CRD,9:11:00 AM,9:31:00 AM,76,1,1,impatiens,Female,CIRDIS,,,
Nachusa2020_5810,8/26/2020,rolling_thunder,6,CRD,9:11:00 AM,9:31:00 AM,76,1,1,impatiens,Female,CIRDIS,,,
Nachusa2020_5811,8/26/2020,rolling_thunder,6,CRD,9:11:00 AM,9:31:00 AM,76,1,1,impatiens,Female,CIRDIS,,,
Nachusa2020_5812,8/26/2020,rolling_thunder,6,CRD,9:11:00 AM,9:31:00 AM,76,1,1,impatiens,Female,CIRDIS,,,
Nachusa2020_5813,8/26/2020,rolling_thunder,6,CRD,9:11:00 AM,9:31:00 AM,76,1,1,impatiens,Female,CIRDIS,,,
Nachusa2020_5814,8/26/2020,rolling_thunder,6,CRD,9:11:00 AM,9:31:00 AM,76,1,1,impatiens,Female,CIRDIS,,,
Nachusa2020_5815,8/26/2020,rolling_thunder,6,CRD,9:11:00 AM,9:31:00 AM,76,1,1,impatiens,Female,CIRDIS,,,
Nachusa2020_5816,8/26/2020,rolling_thunder,6,CRD,9:11:00 AM,9:31:00 AM,76,1,1,impatiens,Female,CIRDIS,,,
Nachusa2020_5817,8/26/2020,rolling_thunder,6,CRD,9:11:00 AM,9:31:00 AM,76,1,1,impatiens,Female,CIRDIS,,,
Nachusa2020_5818,8/26/2020,rolling_thunder,6,CRD,9:11:00 AM,9:31:00 AM,76,1,1,impatiens,Female,CIRDIS,,,
Nachusa2020_5819,8/26/2020,rolling_thunder,6,CRD,9:11:00 AM,9:31:00 AM,76,1,1,impatiens,Female,CIRDIS,,,
Nachusa2020_5820,8/26/2020,rolling_thunder,6,CRD,9:11:00 AM,9:31:00 AM,76,1,1,impatiens,Female,CIRDIS,,,
Nachusa2020_5821,8/26/2020,rolling_thunder,6,CRD,9:11:00 AM,9:31:00 AM,76,1,1,impatiens,Female,CIRDIS,,,
Nachusa2020_5822,8/26/2020,rolling_thunder,6,CRD,9:11:00 AM,9:31:00 AM,76,1,1,impatiens,Female,CIRDIS,,,
Nachusa2020_5823,8/26/2020,rolling_thunder,6,CRD,9:11:00 AM,9:31:00 AM,76,1,1,impatiens,Female,CIRDIS,,,
Nachusa2020_5824,8/26/2020,rolling_thunder,6,CRD,9:11:00 AM,9:31:00 AM,76,1,1,impatiens,Female,CIRDIS,,,
Nachusa2020_5825,8/26/2020,rolling_thunder,6,CRD,9:11:00 AM,9:31:00 AM,76,1,1,impatiens,Female,CIRDIS,,,
Nachusa2020_5826,8/26/2020,rolling_thunder,6,CRD,9:11:00 AM,9:31:00 AM,76,1,1,impatiens,Female,CIRDIS,,,
Nachusa2020_5827,8/26/2020,rolling_thunder,6,CRD,9:11:00 AM,9:31:00 AM,76,1,1,impatiens,Female,CIRDIS,,,
Nachusa2020_5828,8/26/2020,rolling_thunder,6,CRD,9:11:00 AM,9:31:00 AM,76,1,1,impatiens,Female,CIRDIS,,,
Nachusa2020_5829,8/26/2020,rolling_thunder,6,CRD,9:11:00 AM,9:31:00 AM,76,1,1,impatiens,Female,CIRDIS,,,
Nachusa2020_5830,8/26/2020,rolling_thunder,6,CRD,9:11:00 AM,9:31:00 AM,76,1,1,impatiens,Female,CIRDIS,,,
Nachusa2020_5831,8/26/2020,rolling_thunder,6,CRD,9:11:00 AM,9:31:00 AM,76,1,1,impatiens,Female,CIRDIS,,,
Nachusa2020_5832,8/26/2020,rolling_thunder,6,CRD,9:11:00 AM,9:31:00 AM,76,1,1,impatiens,Female,CIRDIS,,,
Nachusa2020_5833,8/26/2020,rolling_thunder,6,CRD,9:11:00 AM,9:31:00 AM,76,1,1,impatiens,Female,CIRDIS,,,
Nachusa2020_5834,8/26/2020,rolling_thunder,6,CRD,9:11:00 AM,9:31:00 AM,76,1,1,impatiens,Female,CIRDIS,,,
Nachusa2020_5835,8/26/2020,rolling_thunder,6,CRD,9:11:00 AM,9:31:00 AM,76,1,1,impatiens,Female,CIRDIS,,,
Nachusa2020_5836,8/26/2020,rolling_thunder,6,CRD,9:11:00 AM,9:31:00 AM,76,1,1,impatiens,Female,CIRDIS,,,
Nachusa2020_5837,8/26/2020,rolling_thunder,6,CRD,9:11:00 AM,9:31:00 AM,76,1,1,griseocollis,Female,CIRDIS,,,
Nachusa2020_5838,8/26/2020,rolling_thunder,6,CRD,9:11:00 AM,9:31:00 AM,76,1,1,griseocollis,Female,CIRDIS,,,
Nachusa2020_5839,8/26/2020,rolling_thunder,6,CRD,9:11:00 AM,9:31:00 AM,76,1,1,griseocollis,Female,CIRDIS,,,
Nachusa2020_5840,8/26/2020,rolling_thunder,6,CRD,9:11:00 AM,9:31:00 AM,76,1,1,griseocollis,Female,CIRDIS,,,
Nachusa2020_5841,8/26/2020,rolling_thunder,6,CRD,9:11:00 AM,9:31:00 AM,76,1,1,griseocollis,Female,CIRDIS,,,
Nachusa2020_5842,8/26/2020,rolling_thunder,6,CRD,9:11:00 AM,9:31:00 AM,76,1,1,griseocollis,Female,CIRDIS,,,
Nachusa2020_5843,8/26/2020,rolling_thunder,6,CRD,9:11:00 AM,9:31:00 AM,76,1,1,griseocollis,Female,CIRDIS,,,
Nachusa2020_5844,8/26/2020,rolling_thunder,6,CRD,9:11:00 AM,9:31:00 AM,76,1,1,griseocollis,Female,CIRDIS,,,
Nachusa2020_5845,8/26/2020,rolling_thunder,6,CRD,9:11:00 AM,9:31:00 AM,76,1,1,griseocollis,Female,CIRDIS,,,
Nachusa2020_5846,8/26/2020,rolling_thunder,6,CRD,9:11:00 AM,9:31:00 AM,76,1,1,griseocollis,Female,CIRDIS,,,
Nachusa2020_5847,8/26/2020,rolling_thunder,6,CRD,9:11:00 AM,9:31:00 AM,76,1,1,griseocollis,Female,CIRDIS,,,
Nachusa2020_5848,8/26/2020,rolling_thunder,6,CRD,9:11:00 AM,9:31:00 AM,76,1,1,griseocollis,Female,CIRDIS,,,
Nachusa2020_5849,8/26/2020,rolling_thunder,6,CRD,9:11:00 AM,9:31:00 AM,76,1,1,griseocollis,Female,CIRDIS,,,
Nachusa2020_5850,8/26/2020,rolling_thunder,6,CRD,9:11:00 AM,9:31:00 AM,76,1,1,griseocollis,Female,CIRDIS,,,
Nachusa2020_5851,8/26/2020,rolling_thunder,6,CRD,9:11:00 AM,9:31:00 AM,76,1,1,griseocollis,Female,CIRDIS,,,
Nachusa2020_5852,8/26/2020,rolling_thunder,6,CRD,9:11:00 AM,9:31:00 AM,76,1,1,griseocollis,Female,CIRDIS,,,
Nachusa2020_5853,8/26/2020,rolling_thunder,6,CRD,9:11:00 AM,9:31:00 AM,76,1,1,griseocollis,Female,CIRDIS,,,
Nachusa2020_5854,8/26/2020,rolling_thunder,6,CRD,9:11:00 AM,9:31:00 AM,76,1,1,griseocollis,Female,CIRDIS,,,
Nachusa2020_5855,8/26/2020,rolling_thunder,6,CRD,9:11:00 AM,9:31:00 AM,76,1,1,griseocollis,Female,CIRDIS,,,
Nachusa2020_5856,8/26/2020,rolling_thunder,6,CRD,9:11:00 AM,9:31:00 AM,76,1,1,griseocollis,Female,CIRDIS,,,
Nachusa2020_5857,8/26/2020,rolling_thunder,6,CRD,9:11:00 AM,9:31:00 AM,76,1,1,griseocollis,Female,CIRDIS,,,
Nachusa2020_5858,8/26/2020,rolling_thunder,6,CRD,9:11:00 AM,9:31:00 AM,76,1,1,griseocollis,Female,CIRDIS,,,
Nachusa2020_5859,8/26/2020,rolling_thunder,6,CRD,9:11:00 AM,9:31:00 AM,76,1,1,griseocollis,Female,CIRDIS,,,
Nachusa2020_5860,8/26/2020,rolling_thunder,6,CRD,9:11:00 AM,9:31:00 AM,76,1,1,griseocollis,Female,CIRDIS,,,
Nachusa2020_5861,8/26/2020,rolling_thunder,6,CRD,9:11:00 AM,9:31:00 AM,76,1,1,griseocollis,Female,CIRDIS,,,
Nachusa2020_5862,8/26/2020,rolling_thunder,6,CRD,9:11:00 AM,9:31:00 AM,76,1,1,griseocollis,Female,CIRDIS,,,
Nachusa2020_5863,8/26/2020,rolling_thunder,6,CRD,9:11:00 AM,9:31:00 AM,76,1,1,griseocollis,Female,CIRDIS,,,
Nachusa2020_5864,8/26/2020,rolling_thunder,6,CRD,9:11:00 AM,9:31:00 AM,76,1,1,griseocollis,Female,CIRDIS,,,
Nachusa2020_5865,8/26/2020,rolling_thunder,6,CRD,9:11:00 AM,9:31:00 AM,76,1,1,griseocollis,Female,CIRDIS,,,
Nachusa2020_5866,8/26/2020,rolling_thunder,6,CRD,9:11:00 AM,9:31:00 AM,76,1,1,griseocollis,Female,CIRDIS,,,
Nachusa2020_5867,8/26/2020,rolling_thunder,6,CRD,9:11:00 AM,9:31:00 AM,76,1,1,griseocollis,Female,CIRDIS,,,
Nachusa2020_5868,8/26/2020,rolling_thunder,6,CRD,9:11:00 AM,9:31:00 AM,76,1,1,griseocollis,Female,CIRDIS,,,
Nachusa2020_5869,8/26/2020,rolling_thunder,6,CRD,9:11:00 AM,9:31:00 AM,76,1,1,griseocollis,Female,CIRDIS,,,
Nachusa2020_5870,8/26/2020,rolling_thunder,6,CRD,9:11:00 AM,9:31:00 AM,76,1,1,griseocollis,Female,CIRDIS,,,
Nachusa2020_5871,8/26/2020,rolling_thunder,6,CRD,9:11:00 AM,9:31:00 AM,76,1,1,griseocollis,Female,CIRDIS,,,
Nachusa2020_5872,8/26/2020,rolling_thunder,6,CRD,9:11:00 AM,9:31:00 AM,76,1,1,griseocollis,Female,CIRDIS,,,
Nachusa2020_5873,8/26/2020,rolling_thunder,6,CRD,9:11:00 AM,9:31:00 AM,76,1,1,griseocollis,Female,CIRDIS,,,
Nachusa2020_5874,8/26/2020,rolling_thunder,6,CRD,9:11:00 AM,9:31:00 AM,76,1,1,griseocollis,Female,CIRDIS,,,
Nachusa2020_5875,8/26/2020,rolling_thunder,6,CRD,9:11:00 AM,9:31:00 AM,76,1,1,griseocollis,Female,CIRDIS,,,
Nachusa2020_5876,8/26/2020,rolling_thunder,6,CRD,9:11:00 AM,9:31:00 AM,76,1,1,griseocollis,Female,CIRDIS,,,
Nachusa2020_5877,8/26/2020,rolling_thunder,6,CRD,9:11:00 AM,9:31:00 AM,76,1,1,griseocollis,Female,CIRDIS,,,
Nachusa2020_5878,8/26/2020,rolling_thunder,6,CRD,9:11:00 AM,9:31:00 AM,76,1,1,griseocollis,Female,CIRDIS,,,
Nachusa2020_5879,8/26/2020,rolling_thunder,6,CRD,9:11:00 AM,9:31:00 AM,76,1,1,griseocollis,Female,CIRDIS,,,
Nachusa2020_5880,8/26/2020,rolling_thunder,6,CRD,9:11:00 AM,9:31:00 AM,76,1,1,griseocollis,Female,CIRDIS,,,
Nachusa2020_5881,8/26/2020,rolling_thunder,6,CRD,9:11:00 AM,9:31:00 AM,76,1,1,griseocollis,Female,CIRDIS,,,
Nachusa2020_5882,8/26/2020,rolling_thunder,6,CRD,9:11:00 AM,9:31:00 AM,76,1,1,auricomus,Female,CIRDIS,,,
Nachusa2020_5883,8/26/2020,rolling_thunder,6,CRD,9:11:00 AM,9:31:00 AM,76,1,1,auricomus,Female,CIRDIS,,,
Nachusa2020_5884,8/26/2020,rolling_thunder,6,CRD,9:11:00 AM,9:31:00 AM,76,1,1,auricomus,Female,CIRDIS,,,
Nachusa2020_5885,8/26/2020,rolling_thunder,6,CRD,9:11:00 AM,9:31:00 AM,76,1,1,auricomus,Female,CIRDIS,,,
Nachusa2020_5886,8/26/2020,rolling_thunder,6,CRD,9:11:00 AM,9:31:00 AM,76,1,1,auricomus,Female,CIRDIS,,,
Nachusa2020_5887,8/26/2020,rolling_thunder,6,CRD,9:11:00 AM,9:31:00 AM,76,1,1,auricomus,Female,CIRDIS,,,
Nachusa2020_5888,8/26/2020,rolling_thunder,6,CRD,9:11:00 AM,9:31:00 AM,76,1,1,auricomus,Female,CIRDIS,,,
Nachusa2020_5889,8/26/2020,rolling_thunder,6,CRD,9:11:00 AM,9:31:00 AM,76,1,1,auricomus,Female,CIRDIS,,,
Nachusa2020_5890,8/26/2020,rolling_thunder,6,CRD,9:11:00 AM,9:31:00 AM,76,1,1,auricomus,Female,CIRDIS,,,
Nachusa2020_5891,8/26/2020,rolling_thunder,6,CRD,9:11:00 AM,9:31:00 AM,76,1,1,auricomus,Female,CIRDIS,,,
Nachusa2020_5892,8/26/2020,rolling_thunder,6,CRD,9:11:00 AM,9:31:00 AM,76,1,1,auricomus,Female,CIRDIS,,,
Nachusa2020_5893,8/26/2020,rolling_thunder,6,CRD,9:11:00 AM,9:31:00 AM,76,1,1,auricomus,Female,CIRDIS,,,
Nachusa2020_5894,8/26/2020,rolling_thunder,6,CRD,9:11:00 AM,9:31:00 AM,76,1,1,fervidus,Female,CIRDIS,,,
Nachusa2020_5895,8/26/2020,rolling_thunder,6,CRD,9:11:00 AM,9:31:00 AM,76,1,1,fervidus,Female,CIRDIS,,,
Nachusa2020_5896,8/26/2020,rolling_thunder,6,CRD,9:11:00 AM,9:31:00 AM,76,1,1,citrinus,Female,CIRDIS,,,
Nachusa2020_5897,8/26/2020,rolling_thunder,6,CRD,9:11:00 AM,9:31:00 AM,76,1,1,griseocollis,Male,CIRDIS,,,
Nachusa2020_5898,8/26/2020,rolling_thunder,6,CRD,9:11:00 AM,9:31:00 AM,76,1,1,griseocollis,Male,CIRDIS,,,
Nachusa2020_5899,8/26/2020,rolling_thunder,6,CRD,9:11:00 AM,9:31:00 AM,76,1,1,griseocollis,Male,CIRDIS,,,
Nachusa2020_5900,8/26/2020,rolling_thunder,6,CRD,9:11:00 AM,9:31:00 AM,76,1,1,griseocollis,Male,CIRDIS,,,
Nachusa2020_5901,8/26/2020,rolling_thunder,6,CRD,9:11:00 AM,9:31:00 AM,76,1,1,griseocollis,Male,CIRDIS,,,
Nachusa2020_5902,8/26/2020,dougs_knob,4,CRD,10:37:00 AM,10:58:00 AM,82,1,1,griseocollis,Female,CIRDIS,,,
Nachusa2020_5903,8/26/2020,dougs_knob,4,CRD,10:37:00 AM,10:58:00 AM,82,1,1,griseocollis,Female,CIRDIS,,,
Nachusa2020_5904,8/26/2020,dougs_knob,4,CRD,10:37:00 AM,10:58:00 AM,82,1,1,griseocollis,Female,CIRDIS,,,
Nachusa2020_5905,8/26/2020,dougs_knob,4,CRD,10:37:00 AM,10:58:00 AM,82,1,1,griseocollis,Female,CIRDIS,,,
Nachusa2020_5906,8/26/2020,dougs_knob,4,CRD,10:37:00 AM,10:58:00 AM,82,1,1,griseocollis,Female,CIRDIS,,,
Nachusa2020_5907,8/26/2020,dougs_knob,4,CRD,10:37:00 AM,10:58:00 AM,82,1,1,griseocollis,Female,CIRDIS,,,
Nachusa2020_5908,8/26/2020,dougs_knob,4,CRD,10:37:00 AM,10:58:00 AM,82,1,1,impatiens,Female,CIRDIS,,,
Nachusa2020_5909,8/26/2020,dougs_knob,4,CRD,10:37:00 AM,10:58:00 AM,82,1,1,impatiens,Female,CIRDIS,,,
Nachusa2020_5910,8/26/2020,dougs_knob,4,CRD,10:37:00 AM,10:58:00 AM,82,1,1,impatiens,Female,CIRDIS,,,
Nachusa2020_5911,8/26/2020,dougs_knob,4,CRD,10:37:00 AM,10:58:00 AM,82,1,1,impatiens,Female,CIRDIS,,,
Nachusa2020_5912,8/26/2020,dougs_knob,4,CRD,10:37:00 AM,10:58:00 AM,82,1,1,impatiens,Female,CIRDIS,,,
Nachusa2020_5913,8/26/2020,dougs_knob,4,CRD,10:37:00 AM,10:58:00 AM,82,1,1,impatiens,Female,CIRDIS,,,
Nachusa2020_5914,8/26/2020,dougs_knob,4,CRD,10:37:00 AM,10:58:00 AM,82,1,1,impatiens,Female,CIRDIS,,,
Nachusa2020_5915,8/26/2020,dougs_knob,4,CRD,10:37:00 AM,10:58:00 AM,82,1,1,impatiens,Female,CIRDIS,,,
Nachusa2020_5916,8/26/2020,dougs_knob,4,CRD,10:37:00 AM,10:58:00 AM,82,1,1,impatiens,Female,CIRDIS,,,
Nachusa2020_5917,8/26/2020,dougs_knob,4,CRD,10:37:00 AM,10:58:00 AM,82,1,1,impatiens,Female,CIRDIS,,,
Nachusa2020_5918,8/26/2020,dougs_knob,4,CRD,10:37:00 AM,10:58:00 AM,82,1,1,impatiens,Female,CIRDIS,,,
Nachusa2020_5919,8/26/2020,dougs_knob,4,CRD,10:37:00 AM,10:58:00 AM,82,1,1,impatiens,Female,CIRDIS,,,
Nachusa2020_5920,8/26/2020,dougs_knob,4,CRD,10:37:00 AM,10:58:00 AM,82,1,1,impatiens,Female,CIRDIS,,,
Nachusa2020_5921,8/26/2020,dougs_knob,4,CRD,10:37:00 AM,10:58:00 AM,82,1,1,impatiens,Female,CIRDIS,,,
Nachusa2020_5922,8/26/2020,dougs_knob,4,CRD,10:37:00 AM,10:58:00 AM,82,1,1,impatiens,Female,CIRDIS,,,
Nachusa2020_5923,8/26/2020,dougs_knob,4,CRD,10:37:00 AM,10:58:00 AM,82,1,1,impatiens,Female,CIRDIS,,,
Nachusa2020_5924,8/26/2020,dougs_knob,4,CRD,10:37:00 AM,10:58:00 AM,82,1,1,impatiens,Female,CIRDIS,,,
Nachusa2020_5925,8/26/2020,dougs_knob,4,CRD,10:37:00 AM,10:58:00 AM,82,1,1,impatiens,Female,CIRDIS,,,
Nachusa2020_5926,8/26/2020,dougs_knob,4,CRD,10:37:00 AM,10:58:00 AM,82,1,1,impatiens,Female,CIRDIS,,,
Nachusa2020_5927,8/26/2020,dougs_knob,4,CRD,10:37:00 AM,10:58:00 AM,82,1,1,impatiens,Female,CIRDIS,,,
Nachusa2020_5928,8/26/2020,dougs_knob,4,CRD,10:37:00 AM,10:58:00 AM,82,1,1,impatiens,Female,CIRDIS,,,
Nachusa2020_5929,8/26/2020,dougs_knob,4,CRD,10:37:00 AM,10:58:00 AM,82,1,1,impatiens,Female,CIRDIS,,,
Nachusa2020_5930,8/26/2020,dougs_knob,4,CRD,10:37:00 AM,10:58:00 AM,82,1,1,impatiens,Female,CIRDIS,,,
Nachusa2020_5931,8/26/2020,dougs_knob,4,CRD,10:37:00 AM,10:58:00 AM,82,1,1,impatiens,Female,CIRDIS,,,
Nachusa2020_5932,8/26/2020,dougs_knob,4,CRD,10:37:00 AM,10:58:00 AM,82,1,1,impatiens,Female,CIRDIS,,,
Nachusa2020_5933,8/26/2020,dougs_knob,4,CRD,10:37:00 AM,10:58:00 AM,82,1,1,impatiens,Female,CIRDIS,,,
Nachusa2020_5934,8/26/2020,dougs_knob,4,CRD,10:37:00 AM,10:58:00 AM,82,1,1,impatiens,Female,SILTER,,,
Nachusa2020_5935,8/26/2020,dougs_knob,4,CRD,10:37:00 AM,10:58:00 AM,82,1,1,impatiens,Female,LIAASP,,,
Nachusa2020_5936,8/26/2020,dougs_knob,4,CRD,10:37:00 AM,10:58:00 AM,82,1,1,impatiens,Female,LIAASP,,,
Nachusa2020_5937,8/26/2020,dougs_knob,4,CRD,10:37:00 AM,10:58:00 AM,82,1,1,impatiens,Female,LIAASP,,,
Nachusa2020_5938,8/26/2020,dougs_knob,4,CRD,10:37:00 AM,10:58:00 AM,82,1,1,impatiens,Female,LIAASP,,,
Nachusa2020_5939,8/26/2020,dougs_knob,4,CRD,10:37:00 AM,10:58:00 AM,82,1,1,impatiens,Female,LIAASP,,,
Nachusa2020_5940,8/26/2020,dougs_knob,4,CRD,10:37:00 AM,10:58:00 AM,82,1,1,impatiens,Female,LIAASP,,,
Nachusa2020_5941,8/26/2020,dougs_knob,4,CRD,10:37:00 AM,10:58:00 AM,82,1,1,auricomus,Female,CIRDIS,,,
Nachusa2020_5942,8/26/2020,dougs_knob,4,CRD,10:37:00 AM,10:58:00 AM,82,1,1,auricomus,Female,CIRDIS,,,
Nachusa2020_5943,8/26/2020,dougs_knob,4,CRD,10:37:00 AM,10:58:00 AM,82,1,1,auricomus,Female,CIRDIS,,,
Nachusa2020_5944,8/26/2020,dougs_knob,4,CRD,10:37:00 AM,10:58:00 AM,82,1,1,auricomus,Female,CIRDIS,,,
Nachusa2020_5945,8/26/2020,dougs_knob,4,CRD,10:37:00 AM,10:58:00 AM,82,1,1,auricomus,Female,CIRDIS,,,
Nachusa2020_5946,8/26/2020,dougs_knob,4,CRD,10:37:00 AM,10:58:00 AM,82,1,1,auricomus,Female,CIRDIS,,,
Nachusa2020_5947,8/26/2020,dougs_knob,4,CRD,10:37:00 AM,10:58:00 AM,82,1,1,auricomus,Female,CIRDIS,,,
Nachusa2020_5948,8/26/2020,dougs_knob,4,CRD,10:37:00 AM,10:58:00 AM,82,1,1,auricomus,Female,CIRDIS,,,
Nachusa2020_5949,8/26/2020,dougs_knob,4,CRD,10:37:00 AM,10:58:00 AM,82,1,1,auricomus,Female,CIRDIS,,,
Nachusa2020_5950,8/26/2020,dougs_knob,4,CRD,10:37:00 AM,10:58:00 AM,82,1,1,fervidus,Female,CIRDIS,,,
Nachusa2020_5951,8/26/2020,dougs_knob,4,CRD,10:37:00 AM,10:58:00 AM,82,1,1,auricomus,Male,None,,,perched on dead
Nachusa2020_5952,8/26/2020,dougs_knob,4,CRD,10:37:00 AM,10:58:00 AM,82,1,1,griseocollis,Male,LIAASP,,,
Nachusa2020_5953,8/26/2020,dougs_knob,4,CRD,10:37:00 AM,10:58:00 AM,82,1,1,griseocollis,Male,CIRDIS,,,
Nachusa2020_5954,8/26/2020,dougs_knob,4,CRD,10:37:00 AM,10:58:00 AM,82,1,1,auricomus,Male,CIRDIS,,,
Nachusa2020_5955,8/26/2020,dots_knob,3,CRD,9:59:00 AM,10:19:00 AM,82,1,1,impatiens,Female,CIRDIS,,,
Nachusa2020_5956,8/26/2020,dots_knob,3,CRD,9:59:00 AM,10:19:00 AM,82,1,1,impatiens,Female,CIRDIS,,,
Nachusa2020_5957,8/26/2020,dots_knob,3,CRD,9:59:00 AM,10:19:00 AM,82,1,1,impatiens,Female,CIRDIS,,,
Nachusa2020_5958,8/26/2020,dots_knob,3,CRD,9:59:00 AM,10:19:00 AM,82,1,1,impatiens,Female,CIRDIS,,,
Nachusa2020_5959,8/26/2020,dots_knob,3,CRD,9:59:00 AM,10:19:00 AM,82,1,1,impatiens,Female,CIRDIS,,,
Nachusa2020_5960,8/26/2020,dots_knob,3,CRD,9:59:00 AM,10:19:00 AM,82,1,1,impatiens,Female,CIRDIS,,,
Nachusa2020_5961,8/26/2020,dots_knob,3,CRD,9:59:00 AM,10:19:00 AM,82,1,1,impatiens,Female,CIRDIS,,,
Nachusa2020_5962,8/26/2020,dots_knob,3,CRD,9:59:00 AM,10:19:00 AM,82,1,1,impatiens,Female,CIRDIS,,,
Nachusa2020_5963,8/26/2020,dots_knob,3,CRD,9:59:00 AM,10:19:00 AM,82,1,1,impatiens,Female,CIRDIS,,,
Nachusa2020_5964,8/26/2020,dots_knob,3,CRD,9:59:00 AM,10:19:00 AM,82,1,1,impatiens,Female,CIRDIS,,,
Nachusa2020_5965,8/26/2020,dots_knob,3,CRD,9:59:00 AM,10:19:00 AM,82,1,1,impatiens,Female,CIRDIS,,,
Nachusa2020_5966,8/26/2020,dots_knob,3,CRD,9:59:00 AM,10:19:00 AM,82,1,1,impatiens,Female,CIRDIS,,,
Nachusa2020_5967,8/26/2020,dots_knob,3,CRD,9:59:00 AM,10:19:00 AM,82,1,1,impatiens,Female,CIRDIS,,,
Nachusa2020_5968,8/26/2020,dots_knob,3,CRD,9:59:00 AM,10:19:00 AM,82,1,1,impatiens,Female,CIRDIS,,,
Nachusa2020_5969,8/26/2020,dots_knob,3,CRD,9:59:00 AM,10:19:00 AM,82,1,1,impatiens,Female,CIRDIS,,,
Nachusa2020_5970,8/26/2020,dots_knob,3,CRD,9:59:00 AM,10:19:00 AM,82,1,1,impatiens,Female,CIRDIS,,,
Nachusa2020_5971,8/26/2020,dots_knob,3,CRD,9:59:00 AM,10:19:00 AM,82,1,1,griseocollis,Female,CIRDIS,,,
Nachusa2020_5972,8/26/2020,dots_knob,3,CRD,9:59:00 AM,10:19:00 AM,82,1,1,griseocollis,Female,CIRDIS,,,
Nachusa2020_5973,8/26/2020,dots_knob,3,CRD,9:59:00 AM,10:19:00 AM,82,1,1,griseocollis,Female,CIRDIS,,,
Nachusa2020_5974,8/26/2020,dots_knob,3,CRD,9:59:00 AM,10:19:00 AM,82,1,1,fervidus,Female,CIRDIS,,,
Nachusa2020_5975,8/26/2020,dots_knob,3,CRD,9:59:00 AM,10:19:00 AM,82,1,1,fervidus,Female,CIRDIS,,,
Nachusa2020_5976,8/26/2020,dots_knob,3,CRD,9:59:00 AM,10:19:00 AM,82,1,1,auri/pens,Female,CIRDIS,,,
Nachusa2020_5977,8/26/2020,dots_knob,3,CRD,9:59:00 AM,10:19:00 AM,82,1,1,impatiens,Male,LIAASP,,,
Nachusa2020_5978,8/26/2020,dots_knob,3,CRD,9:59:00 AM,10:19:00 AM,82,1,1,griseocollis,Male,DAUCAR,,,Perch
Nachusa2020_5979,8/26/2020,dots_knob,3,CRD,9:59:00 AM,10:19:00 AM,82,1,1,auricomus,Female,CIRDIS,,,
Nachusa2020_5980,8/26/2020,schafer_knob,6,CRD,12:55:00 PM,1:15:00 PM,87,1,1,auricomus,Female,CIRDIS,,,
Nachusa2020_5981,8/26/2020,schafer_knob,6,CRD,12:55:00 PM,1:15:00 PM,87,1,1,auricomus,Female,CIRDIS,,,
Nachusa2020_5982,8/26/2020,schafer_knob,6,CRD,12:55:00 PM,1:15:00 PM,87,1,1,auricomus,Female,CIRDIS,,,
Nachusa2020_5983,8/26/2020,schafer_knob,6,CRD,12:55:00 PM,1:15:00 PM,87,1,1,impatiens,Female,CIRDIS,,,
Nachusa2020_5984,8/26/2020,schafer_knob,6,CRD,12:55:00 PM,1:15:00 PM,87,1,1,impatiens,Female,CIRDIS,,,
Nachusa2020_5985,8/26/2020,schafer_knob,6,CRD,12:55:00 PM,1:15:00 PM,87,1,1,impatiens,Female,CIRDIS,,,
Nachusa2020_5986,8/26/2020,schafer_knob,6,CRD,12:55:00 PM,1:15:00 PM,87,1,1,impatiens,Female,CIRDIS,,,
Nachusa2020_5987,8/26/2020,schafer_knob,6,CRD,12:55:00 PM,1:15:00 PM,87,1,1,impatiens,Female,CIRDIS,,,
Nachusa2020_5988,8/26/2020,schafer_knob,6,CRD,12:55:00 PM,1:15:00 PM,87,1,1,impatiens,Female,CIRDIS,,,
Nachusa2020_5989,8/26/2020,schafer_knob,6,CRD,12:55:00 PM,1:15:00 PM,87,1,1,impatiens,Female,CIRDIS,,,
Nachusa2020_5990,8/26/2020,schafer_knob,6,CRD,12:55:00 PM,1:15:00 PM,87,1,1,impatiens,Female,CIRDIS,,,
Nachusa2020_5991,8/26/2020,schafer_knob,6,CRD,12:55:00 PM,1:15:00 PM,87,1,1,impatiens,Female,CIRDIS,,,
Nachusa2020_5992,8/26/2020,schafer_knob,6,CRD,12:55:00 PM,1:15:00 PM,87,1,1,impatiens,Female,CIRDIS,,,
Nachusa2020_5993,8/26/2020,schafer_knob,6,CRD,12:55:00 PM,1:15:00 PM,87,1,1,impatiens,Female,CIRDIS,,,
Nachusa2020_5994,8/26/2020,schafer_knob,6,CRD,12:55:00 PM,1:15:00 PM,87,1,1,impatiens,Female,CIRDIS,,,
Nachusa2020_5995,8/26/2020,schafer_knob,6,CRD,12:55:00 PM,1:15:00 PM,87,1,1,impatiens,Female,CIRDIS,,,
Nachusa2020_5996,8/26/2020,schafer_knob,6,CRD,12:55:00 PM,1:15:00 PM,87,1,1,impatiens,Female,CIRDIS,,,
Nachusa2020_5997,8/26/2020,schafer_knob,6,CRD,12:55:00 PM,1:15:00 PM,87,1,1,impatiens,Female,CIRDIS,,,
Nachusa2020_5998,8/26/2020,schafer_knob,6,CRD,12:55:00 PM,1:15:00 PM,87,1,1,impatiens,Female,CIRDIS,,,
Nachusa2020_5999,8/26/2020,schafer_knob,6,CRD,12:55:00 PM,1:15:00 PM,87,1,1,impatiens,Female,CIRDIS,,,
Nachusa2020_6000,8/26/2020,schafer_knob,6,CRD,12:55:00 PM,1:15:00 PM,87,1,1,impatiens,Female,CIRDIS,,,
Nachusa2020_6001,8/26/2020,schafer_knob,6,CRD,12:55:00 PM,1:15:00 PM,87,1,1,impatiens,Female,CIRDIS,,,
Nachusa2020_6002,8/26/2020,schafer_knob,6,CRD,12:55:00 PM,1:15:00 PM,87,1,1,impatiens,Female,CIRDIS,,,
Nachusa2020_6003,8/26/2020,schafer_knob,6,CRD,12:55:00 PM,1:15:00 PM,87,1,1,impatiens,Female,CIRDIS,,,
Nachusa2020_6004,8/26/2020,schafer_knob,6,CRD,12:55:00 PM,1:15:00 PM,87,1,1,impatiens,Female,CIRDIS,,,
Nachusa2020_6005,8/26/2020,schafer_knob,6,CRD,12:55:00 PM,1:15:00 PM,87,1,1,impatiens,Female,CIRDIS,,,
Nachusa2020_6006,8/26/2020,schafer_knob,6,CRD,12:55:00 PM,1:15:00 PM,87,1,1,impatiens,Female,CIRDIS,,,
Nachusa2020_6007,8/26/2020,schafer_knob,6,CRD,12:55:00 PM,1:15:00 PM,87,1,1,impatiens,Female,CIRDIS,,,
Nachusa2020_6008,8/26/2020,schafer_knob,6,CRD,12:55:00 PM,1:15:00 PM,87,1,1,impatiens,Female,CIRDIS,,,
Nachusa2020_6009,8/26/2020,schafer_knob,6,CRD,12:55:00 PM,1:15:00 PM,87,1,1,impatiens,Female,CIRDIS,,,
Nachusa2020_6010,8/26/2020,schafer_knob,6,CRD,12:55:00 PM,1:15:00 PM,87,1,1,impatiens,Female,CIRDIS,,,
Nachusa2020_6011,8/26/2020,schafer_knob,6,CRD,12:55:00 PM,1:15:00 PM,87,1,1,impatiens,Female,CIRDIS,,,
Nachusa2020_6012,8/26/2020,schafer_knob,6,CRD,12:55:00 PM,1:15:00 PM,87,1,1,impatiens,Female,CIRDIS,,,
Nachusa2020_6013,8/26/2020,schafer_knob,6,CRD,12:55:00 PM,1:15:00 PM,87,1,1,impatiens,Female,CIRDIS,,,
Nachusa2020_6014,8/26/2020,schafer_knob,6,CRD,12:55:00 PM,1:15:00 PM,87,1,1,impatiens,Female,CIRDIS,,,
Nachusa2020_6015,8/26/2020,schafer_knob,6,CRD,12:55:00 PM,1:15:00 PM,87,1,1,impatiens,Female,CIRDIS,,,
Nachusa2020_6016,8/26/2020,schafer_knob,6,CRD,12:55:00 PM,1:15:00 PM,87,1,1,impatiens,Female,CIRDIS,,,
Nachusa2020_6017,8/26/2020,schafer_knob,6,CRD,12:55:00 PM,1:15:00 PM,87,1,1,impatiens,Female,CIRDIS,,,
Nachusa2020_6018,8/26/2020,schafer_knob,6,CRD,12:55:00 PM,1:15:00 PM,87,1,1,impatiens,Female,CIRDIS,,,
Nachusa2020_6019,8/26/2020,schafer_knob,6,CRD,12:55:00 PM,1:15:00 PM,87,1,1,impatiens,Female,CIRDIS,,,
Nachusa2020_6020,8/26/2020,schafer_knob,6,CRD,12:55:00 PM,1:15:00 PM,87,1,1,impatiens,Female,CIRDIS,,,
Nachusa2020_6021,8/26/2020,schafer_knob,6,CRD,12:55:00 PM,1:15:00 PM,87,1,1,impatiens,Female,CIRDIS,,,
Nachusa2020_6022,8/26/2020,schafer_knob,6,CRD,12:55:00 PM,1:15:00 PM,87,1,1,impatiens,Female,CIRDIS,,,
Nachusa2020_6023,8/26/2020,schafer_knob,6,CRD,12:55:00 PM,1:15:00 PM,87,1,1,impatiens,Female,CIRDIS,,,
Nachusa2020_6024,8/26/2020,schafer_knob,6,CRD,12:55:00 PM,1:15:00 PM,87,1,1,impatiens,Female,CIRDIS,,,
Nachusa2020_6025,8/26/2020,schafer_knob,6,CRD,12:55:00 PM,1:15:00 PM,87,1,1,impatiens,Female,CIRDIS,,,
Nachusa2020_6026,8/26/2020,schafer_knob,6,CRD,12:55:00 PM,1:15:00 PM,87,1,1,impatiens,Female,CIRDIS,,,
Nachusa2020_6027,8/26/2020,schafer_knob,6,CRD,12:55:00 PM,1:15:00 PM,87,1,1,impatiens,Female,CIRDIS,,,
Nachusa2020_6028,8/26/2020,schafer_knob,6,CRD,12:55:00 PM,1:15:00 PM,87,1,1,impatiens,Female,CIRDIS,,,
Nachusa2020_6029,8/26/2020,schafer_knob,6,CRD,12:55:00 PM,1:15:00 PM,87,1,1,griseocollis,Female,CIRDIS,,,
Nachusa2020_6030,8/26/2020,schafer_knob,6,CRD,12:55:00 PM,1:15:00 PM,87,1,1,griseocollis,Female,CIRDIS,,,
Nachusa2020_6031,8/26/2020,schafer_knob,6,CRD,12:55:00 PM,1:15:00 PM,87,1,1,griseocollis,Female,CIRDIS,,,
Nachusa2020_6032,8/26/2020,schafer_knob,6,CRD,12:55:00 PM,1:15:00 PM,87,1,1,griseocollis,Female,CIRDIS,,,
Nachusa2020_6033,8/26/2020,schafer_knob,6,CRD,12:55:00 PM,1:15:00 PM,87,1,1,griseocollis,Female,CIRDIS,,,
Nachusa2020_6034,8/26/2020,schafer_knob,6,CRD,12:55:00 PM,1:15:00 PM,87,1,1,griseocollis,Female,CIRDIS,,,
Nachusa2020_6035,8/26/2020,schafer_knob,6,CRD,12:55:00 PM,1:15:00 PM,87,1,1,griseocollis,Female,CIRDIS,,,
Nachusa2020_6036,8/26/2020,schafer_knob,6,CRD,12:55:00 PM,1:15:00 PM,87,1,1,griseocollis,Female,CIRDIS,,,
Nachusa2020_6037,8/26/2020,schafer_knob,6,CRD,12:55:00 PM,1:15:00 PM,87,1,1,griseocollis,Female,CIRDIS,,,
Nachusa2020_6038,8/26/2020,schafer_knob,6,CRD,12:55:00 PM,1:15:00 PM,87,1,1,griseocollis,Female,CIRDIS,,,
Nachusa2020_6039,8/26/2020,schafer_knob,6,CRD,12:55:00 PM,1:15:00 PM,87,1,1,auri/pens,Female,CIRDIS,,,
Nachusa2020_6040,8/26/2020,schafer_knob,6,CRD,12:55:00 PM,1:15:00 PM,87,1,1,auri/pens,Female,CIRDIS,,,
Nachusa2020_6041,8/26/2020,schafer_knob,6,CRD,12:55:00 PM,1:15:00 PM,87,1,1,auri/pens,Female,CIRDIS,,,
Nachusa2020_6042,8/26/2020,schafer_knob,6,CRD,12:55:00 PM,1:15:00 PM,87,1,1,auri/pens,Female,CIRDIS,,,
Nachusa2020_6043,8/26/2020,schafer_knob,6,CRD,12:55:00 PM,1:15:00 PM,87,1,1,griseocollis,Male,CIRDIS,,,
Nachusa2020_6044,8/26/2020,schafer_knob,6,CRD,12:55:00 PM,1:15:00 PM,87,1,1,griseocollis,Male,CIRDIS,,,
Nachusa2020_6045,8/26/2020,schafer_knob,6,CRD,12:55:00 PM,1:15:00 PM,87,1,1,griseocollis,Male,CIRDIS,,,
Nachusa2020_6046,8/26/2020,schafer_knob,6,CRD,12:55:00 PM,1:15:00 PM,87,1,1,griseocollis,Male,CIRDIS,,,
Nachusa2020_6047,8/26/2020,schafer_knob,6,CRD,12:55:00 PM,1:15:00 PM,87,1,1,fervidus,Female,TRIPRA,,,
Nachusa2020_6048,8/26/2020,schafer_knob,6,CRD,12:55:00 PM,1:15:00 PM,87,1,1,pensylvanicus,Female,CIRDIS,,,
Nachusa2020_6049,8/26/2020,schafer_knob,6,CRD,12:55:00 PM,1:15:00 PM,87,1,1,pensylvanicus,Female,CIRDIS,,,
Nachusa2020_6050,8/26/2020,schafer_knob,6,CRD,12:55:00 PM,1:15:00 PM,87,1,1,vagans,Male,CIRDIS,,,
Nachusa2020_6051,8/27/2020,dots_knob,4,CRD,8:42:00 AM,9:03:00 AM,74,1,1,impatiens,Female,CIRDIS,,,
Nachusa2020_6052,8/27/2020,dots_knob,4,CRD,8:42:00 AM,9:03:00 AM,74,1,1,impatiens,Female,CIRDIS,,,
Nachusa2020_6053,8/27/2020,dots_knob,4,CRD,8:42:00 AM,9:03:00 AM,74,1,1,impatiens,Female,CIRDIS,,,
Nachusa2020_6054,8/27/2020,dots_knob,4,CRD,8:42:00 AM,9:03:00 AM,74,1,1,impatiens,Female,CIRDIS,,,
Nachusa2020_6055,8/27/2020,dots_knob,4,CRD,8:42:00 AM,9:03:00 AM,74,1,1,impatiens,Female,CIRDIS,,,
Nachusa2020_6056,8/27/2020,dots_knob,4,CRD,8:42:00 AM,9:03:00 AM,74,1,1,impatiens,Female,CIRDIS,,,
Nachusa2020_6057,8/27/2020,dots_knob,4,CRD,8:42:00 AM,9:03:00 AM,74,1,1,impatiens,Female,CIRDIS,,,
Nachusa2020_6058,8/27/2020,dots_knob,4,CRD,8:42:00 AM,9:03:00 AM,74,1,1,impatiens,Female,CIRDIS,,,
Nachusa2020_6059,8/27/2020,dots_knob,4,CRD,8:42:00 AM,9:03:00 AM,74,1,1,impatiens,Female,CIRDIS,,,
Nachusa2020_6060,8/27/2020,dots_knob,4,CRD,8:42:00 AM,9:03:00 AM,74,1,1,impatiens,Female,CIRDIS,,,
Nachusa2020_6061,8/27/2020,dots_knob,4,CRD,8:42:00 AM,9:03:00 AM,74,1,1,impatiens,Female,CIRDIS,,,
Nachusa2020_6062,8/27/2020,dots_knob,4,CRD,8:42:00 AM,9:03:00 AM,74,1,1,impatiens,Female,CIRDIS,,,
Nachusa2020_6063,8/27/2020,dots_knob,4,CRD,8:42:00 AM,9:03:00 AM,74,1,1,impatiens,Female,CIRDIS,,,
Nachusa2020_6064,8/27/2020,dots_knob,4,CRD,8:42:00 AM,9:03:00 AM,74,1,1,auricomus,Female,CIRDIS,,,
Nachusa2020_6065,8/27/2020,dots_knob,4,CRD,8:42:00 AM,9:03:00 AM,74,1,1,fervidus,Female,CIRDIS,,,
Nachusa2020_6066,8/27/2020,dots_knob,4,CRD,8:42:00 AM,9:03:00 AM,74,1,1,impatiens,Male,CIRDIS,,,
Nachusa2020_6067,8/27/2020,dots_knob,4,CRD,8:42:00 AM,9:03:00 AM,74,1,1,impatiens,Male,CIRDIS,,,
Nachusa2020_6068,8/27/2020,dots_knob,4,CRD,8:42:00 AM,9:03:00 AM,74,1,1,impatiens,Female,LIAASP,,,
Nachusa2020_6069,8/27/2020,dots_knob,4,CRD,8:42:00 AM,9:03:00 AM,74,1,1,vagans,Female,CIRDIS,,,
Nachusa2020_6070,8/27/2020,dots_knob,4,CRD,8:42:00 AM,9:03:00 AM,74,1,1,citrinus,Female,CIRDIS,,,
Nachusa2020_6071,8/27/2020,schafer_knob,7,CRD,11:12:00 AM,11:33:00 AM,84,1,1,impatiens,Female,CIRDIS,,,
Nachusa2020_6072,8/27/2020,schafer_knob,7,CRD,11:12:00 AM,11:33:00 AM,84,1,1,impatiens,Female,CIRDIS,,,
Nachusa2020_6073,8/27/2020,schafer_knob,7,CRD,11:12:00 AM,11:33:00 AM,84,1,1,impatiens,Female,CIRDIS,,,
Nachusa2020_6074,8/27/2020,schafer_knob,7,CRD,11:12:00 AM,11:33:00 AM,84,1,1,impatiens,Female,CIRDIS,,,
Nachusa2020_6075,8/27/2020,schafer_knob,7,CRD,11:12:00 AM,11:33:00 AM,84,1,1,impatiens,Female,CIRDIS,,,
Nachusa2020_6076,8/27/2020,schafer_knob,7,CRD,11:12:00 AM,11:33:00 AM,84,1,1,impatiens,Female,CIRDIS,,,
Nachusa2020_6077,8/27/2020,schafer_knob,7,CRD,11:12:00 AM,11:33:00 AM,84,1,1,impatiens,Female,CIRDIS,,,
Nachusa2020_6078,8/27/2020,schafer_knob,7,CRD,11:12:00 AM,11:33:00 AM,84,1,1,impatiens,Female,CIRDIS,,,
Nachusa2020_6079,8/27/2020,schafer_knob,7,CRD,11:12:00 AM,11:33:00 AM,84,1,1,impatiens,Female,CIRDIS,,,
Nachusa2020_6080,8/27/2020,schafer_knob,7,CRD,11:12:00 AM,11:33:00 AM,84,1,1,impatiens,Female,CIRDIS,,,
Nachusa2020_6081,8/27/2020,schafer_knob,7,CRD,11:12:00 AM,11:33:00 AM,84,1,1,impatiens,Female,CIRDIS,,,
Nachusa2020_6082,8/27/2020,schafer_knob,7,CRD,11:12:00 AM,11:33:00 AM,84,1,1,impatiens,Female,CIRDIS,,,
Nachusa2020_6083,8/27/2020,schafer_knob,7,CRD,11:12:00 AM,11:33:00 AM,84,1,1,impatiens,Female,CIRDIS,,,
Nachusa2020_6084,8/27/2020,schafer_knob,7,CRD,11:12:00 AM,11:33:00 AM,84,1,1,impatiens,Female,CIRDIS,,,
Nachusa2020_6085,8/27/2020,schafer_knob,7,CRD,11:12:00 AM,11:33:00 AM,84,1,1,impatiens,Female,CIRDIS,,,
Nachusa2020_6086,8/27/2020,schafer_knob,7,CRD,11:12:00 AM,11:33:00 AM,84,1,1,impatiens,Female,CIRDIS,,,
Nachusa2020_6087,8/27/2020,schafer_knob,7,CRD,11:12:00 AM,11:33:00 AM,84,1,1,impatiens,Female,CIRDIS,,,
Nachusa2020_6088,8/27/2020,schafer_knob,7,CRD,11:12:00 AM,11:33:00 AM,84,1,1,impatiens,Female,CIRDIS,,,
Nachusa2020_6089,8/27/2020,schafer_knob,7,CRD,11:12:00 AM,11:33:00 AM,84,1,1,impatiens,Female,CIRDIS,,,
Nachusa2020_6090,8/27/2020,schafer_knob,7,CRD,11:12:00 AM,11:33:00 AM,84,1,1,impatiens,Female,CIRDIS,,,
Nachusa2020_6091,8/27/2020,schafer_knob,7,CRD,11:12:00 AM,11:33:00 AM,84,1,1,impatiens,Female,CIRDIS,,,
Nachusa2020_6092,8/27/2020,schafer_knob,7,CRD,11:12:00 AM,11:33:00 AM,84,1,1,impatiens,Female,CIRDIS,,,
Nachusa2020_6093,8/27/2020,schafer_knob,7,CRD,11:12:00 AM,11:33:00 AM,84,1,1,impatiens,Female,CIRDIS,,,
Nachusa2020_6094,8/27/2020,schafer_knob,7,CRD,11:12:00 AM,11:33:00 AM,84,1,1,impatiens,Female,CIRDIS,,,
Nachusa2020_6095,8/27/2020,schafer_knob,7,CRD,11:12:00 AM,11:33:00 AM,84,1,1,impatiens,Female,CIRDIS,,,
Nachusa2020_6096,8/27/2020,schafer_knob,7,CRD,11:12:00 AM,11:33:00 AM,84,1,1,impatiens,Female,CIRDIS,,,
Nachusa2020_6097,8/27/2020,schafer_knob,7,CRD,11:12:00 AM,11:33:00 AM,84,1,1,impatiens,Female,CIRDIS,,,
Nachusa2020_6098,8/27/2020,schafer_knob,7,CRD,11:12:00 AM,11:33:00 AM,84,1,1,impatiens,Female,CIRDIS,,,
Nachusa2020_6099,8/27/2020,schafer_knob,7,CRD,11:12:00 AM,11:33:00 AM,84,1,1,impatiens,Female,CIRDIS,,,
Nachusa2020_6100,8/27/2020,schafer_knob,7,CRD,11:12:00 AM,11:33:00 AM,84,1,1,impatiens,Female,CIRDIS,,,
Nachusa2020_6101,8/27/2020,schafer_knob,7,CRD,11:12:00 AM,11:33:00 AM,84,1,1,impatiens,Female,CIRDIS,,,
Nachusa2020_6102,8/27/2020,schafer_knob,7,CRD,11:12:00 AM,11:33:00 AM,84,1,1,impatiens,Female,CIRDIS,,,
Nachusa2020_6103,8/27/2020,schafer_knob,7,CRD,11:12:00 AM,11:33:00 AM,84,1,1,impatiens,Female,CIRDIS,,,
Nachusa2020_6104,8/27/2020,schafer_knob,7,CRD,11:12:00 AM,11:33:00 AM,84,1,1,impatiens,Female,CIRDIS,,,
Nachusa2020_6105,8/27/2020,schafer_knob,7,CRD,11:12:00 AM,11:33:00 AM,84,1,1,impatiens,Female,CIRDIS,,,
Nachusa2020_6106,8/27/2020,schafer_knob,7,CRD,11:12:00 AM,11:33:00 AM,84,1,1,impatiens,Female,CIRDIS,,,
Nachusa2020_6107,8/27/2020,schafer_knob,7,CRD,11:12:00 AM,11:33:00 AM,84,1,1,impatiens,Female,CIRDIS,,,
Nachusa2020_6108,8/27/2020,schafer_knob,7,CRD,11:12:00 AM,11:33:00 AM,84,1,1,impatiens,Female,CIRDIS,,,
Nachusa2020_6109,8/27/2020,schafer_knob,7,CRD,11:12:00 AM,11:33:00 AM,84,1,1,impatiens,Female,CIRDIS,,,
Nachusa2020_6110,8/27/2020,schafer_knob,7,CRD,11:12:00 AM,11:33:00 AM,84,1,1,impatiens,Female,CIRDIS,,,
Nachusa2020_6111,8/27/2020,schafer_knob,7,CRD,11:12:00 AM,11:33:00 AM,84,1,1,impatiens,Female,CIRDIS,,,
Nachusa2020_6112,8/27/2020,schafer_knob,7,CRD,11:12:00 AM,11:33:00 AM,84,1,1,impatiens,Female,CIRDIS,,,
Nachusa2020_6113,8/27/2020,schafer_knob,7,CRD,11:12:00 AM,11:33:00 AM,84,1,1,impatiens,Female,CIRDIS,,,
Nachusa2020_6114,8/27/2020,schafer_knob,7,CRD,11:12:00 AM,11:33:00 AM,84,1,1,impatiens,Female,CIRDIS,,,
Nachusa2020_6115,8/27/2020,schafer_knob,7,CRD,11:12:00 AM,11:33:00 AM,84,1,1,impatiens,Female,CIRDIS,,,
Nachusa2020_6116,8/27/2020,schafer_knob,7,CRD,11:12:00 AM,11:33:00 AM,84,1,1,impatiens,Female,CIRDIS,,,
Nachusa2020_6117,8/27/2020,schafer_knob,7,CRD,11:12:00 AM,11:33:00 AM,84,1,1,impatiens,Female,CIRDIS,,,
Nachusa2020_6118,8/27/2020,schafer_knob,7,CRD,11:12:00 AM,11:33:00 AM,84,1,1,impatiens,Female,CIRDIS,,,
Nachusa2020_6119,8/27/2020,schafer_knob,7,CRD,11:12:00 AM,11:33:00 AM,84,1,1,impatiens,Female,CIRDIS,,,
Nachusa2020_6120,8/27/2020,schafer_knob,7,CRD,11:12:00 AM,11:33:00 AM,84,1,1,impatiens,Female,CIRDIS,,,
Nachusa2020_6121,8/27/2020,schafer_knob,7,CRD,11:12:00 AM,11:33:00 AM,84,1,1,impatiens,Female,CIRDIS,,,
Nachusa2020_6122,8/27/2020,schafer_knob,7,CRD,11:12:00 AM,11:33:00 AM,84,1,1,impatiens,Female,CIRDIS,,,
Nachusa2020_6123,8/27/2020,schafer_knob,7,CRD,11:12:00 AM,11:33:00 AM,84,1,1,impatiens,Female,CIRDIS,,,
Nachusa2020_6124,8/27/2020,schafer_knob,7,CRD,11:12:00 AM,11:33:00 AM,84,1,1,impatiens,Female,CIRDIS,,,
Nachusa2020_6125,8/27/2020,schafer_knob,7,CRD,11:12:00 AM,11:33:00 AM,84,1,1,pensylvanicus,Female,CIRDIS,,,
Nachusa2020_6126,8/27/2020,schafer_knob,7,CRD,11:12:00 AM,11:33:00 AM,84,1,1,pensylvanicus,Female,CIRDIS,,,
Nachusa2020_6127,8/27/2020,schafer_knob,7,CRD,11:12:00 AM,11:33:00 AM,84,1,1,griseocollis,Female,CIRDIS,,,
Nachusa2020_6128,8/27/2020,schafer_knob,7,CRD,11:12:00 AM,11:33:00 AM,84,1,1,griseocollis,Female,CIRDIS,,,
Nachusa2020_6129,8/27/2020,schafer_knob,7,CRD,11:12:00 AM,11:33:00 AM,84,1,1,griseocollis,Female,CIRDIS,,,
Nachusa2020_6130,8/27/2020,schafer_knob,7,CRD,11:12:00 AM,11:33:00 AM,84,1,1,griseocollis,Female,CIRDIS,,,
Nachusa2020_6131,8/27/2020,schafer_knob,7,CRD,11:12:00 AM,11:33:00 AM,84,1,1,griseocollis,Female,CIRDIS,,,
Nachusa2020_6132,8/27/2020,schafer_knob,7,CRD,11:12:00 AM,11:33:00 AM,84,1,1,griseocollis,Female,CIRDIS,,,
Nachusa2020_6133,8/27/2020,schafer_knob,7,CRD,11:12:00 AM,11:33:00 AM,84,1,1,griseocollis,Female,CIRDIS,,,
Nachusa2020_6134,8/27/2020,schafer_knob,7,CRD,11:12:00 AM,11:33:00 AM,84,1,1,griseocollis,Female,CIRDIS,,,
Nachusa2020_6135,8/27/2020,schafer_knob,7,CRD,11:12:00 AM,11:33:00 AM,84,1,1,griseocollis,Female,CIRDIS,,,
Nachusa2020_6136,8/27/2020,schafer_knob,7,CRD,11:12:00 AM,11:33:00 AM,84,1,1,griseocollis,Female,CIRDIS,,,
Nachusa2020_6137,8/27/2020,schafer_knob,7,CRD,11:12:00 AM,11:33:00 AM,84,1,1,griseocollis,Female,CIRDIS,,,
Nachusa2020_6138,8/27/2020,schafer_knob,7,CRD,11:12:00 AM,11:33:00 AM,84,1,1,griseocollis,Female,CIRDIS,,,
Nachusa2020_6139,8/27/2020,schafer_knob,7,CRD,11:12:00 AM,11:33:00 AM,84,1,1,griseocollis,Female,CIRDIS,,,
Nachusa2020_6140,8/27/2020,schafer_knob,7,CRD,11:12:00 AM,11:33:00 AM,84,1,1,fervidus,Female,CIRDIS,,,
Nachusa2020_6141,8/27/2020,schafer_knob,7,CRD,11:12:00 AM,11:33:00 AM,84,1,1,fervidus,Female,CIRDIS,,,
Nachusa2020_6142,8/27/2020,schafer_knob,7,CRD,11:12:00 AM,11:33:00 AM,84,1,1,fervidus,Female,CIRDIS,,,
Nachusa2020_6143,8/27/2020,schafer_knob,7,CRD,11:12:00 AM,11:33:00 AM,84,1,1,auricomus,Female,CIRDIS,,,
Nachusa2020_6144,8/27/2020,schafer_knob,7,CRD,11:12:00 AM,11:33:00 AM,84,1,1,auricomus,Female,CIRDIS,,,
Nachusa2020_6145,8/27/2020,schafer_knob,7,CRD,11:12:00 AM,11:33:00 AM,84,1,1,auricomus,Female,CIRDIS,,,
Nachusa2020_6146,8/27/2020,schafer_knob,7,CRD,11:12:00 AM,11:33:00 AM,84,1,1,auricomus,Female,CIRDIS,,,
Nachusa2020_6147,8/27/2020,schafer_knob,7,CRD,11:12:00 AM,11:33:00 AM,84,1,1,auricomus,Female,CIRDIS,,,
Nachusa2020_6148,8/27/2020,schafer_knob,7,CRD,11:12:00 AM,11:33:00 AM,84,1,1,auricomus,Female,CIRDIS,,,
Nachusa2020_6149,8/27/2020,schafer_knob,7,CRD,11:12:00 AM,11:33:00 AM,84,1,1,auricomus,Female,CIRDIS,,,
Nachusa2020_6150,8/27/2020,schafer_knob,7,CRD,11:12:00 AM,11:33:00 AM,84,1,1,vagans,Female,CIRDIS,,,
Nachusa2020_6151,8/27/2020,schafer_knob,7,CRD,11:12:00 AM,11:33:00 AM,84,1,1,vagans,Female,CIRDIS,,,
Nachusa2020_6152,8/27/2020,schafer_knob,7,CRD,11:12:00 AM,11:33:00 AM,84,1,1,auri/pens,Female,CIRDIS,,,
Nachusa2020_6153,8/27/2020,schafer_knob,7,CRD,11:12:00 AM,11:33:00 AM,84,1,1,auri/pens,Female,CIRDIS,,,
Nachusa2020_6154,8/27/2020,schafer_knob,7,CRD,11:12:00 AM,11:33:00 AM,84,1,1,auri/pens,Female,CIRDIS,,,
Nachusa2020_6155,8/27/2020,schafer_knob,7,CRD,11:12:00 AM,11:33:00 AM,84,1,1,pensylvanicus,Female,CIRDIS,,,photo
Nachusa2020_6156,8/27/2020,east_heinkel,5,CRD,12:09:00 PM,12:33:00 PM,86,1,1,impatiens,Female,LOBSPH,,,
Nachusa2020_6157,8/27/2020,east_heinkel,5,CRD,12:09:00 PM,12:33:00 PM,86,1,1,impatiens,Female,LOBSPH,,,
Nachusa2020_6158,8/27/2020,east_heinkel,5,CRD,12:09:00 PM,12:33:00 PM,86,1,1,impatiens,Female,EUTMAC,,,
Nachusa2020_6159,8/27/2020,east_heinkel,5,CRD,12:09:00 PM,12:33:00 PM,86,1,1,impatiens,Female,EUTMAC,,,
Nachusa2020_6160,8/27/2020,east_heinkel,5,CRD,12:09:00 PM,12:33:00 PM,86,1,1,impatiens,Female,EUTMAC,,,
Nachusa2020_6161,8/27/2020,east_heinkel,5,CRD,12:09:00 PM,12:33:00 PM,86,1,1,impatiens,Female,EUTMAC,,,
Nachusa2020_6162,8/27/2020,east_heinkel,5,CRD,12:09:00 PM,12:33:00 PM,86,1,1,impatiens,Female,EUTMAC,,,
Nachusa2020_6163,8/27/2020,east_heinkel,5,CRD,12:09:00 PM,12:33:00 PM,86,1,1,impatiens,Female,EUTMAC,,,
Nachusa2020_6164,8/27/2020,east_heinkel,5,CRD,12:09:00 PM,12:33:00 PM,86,1,1,impatiens,Female,EUTMAC,,,
Nachusa2020_6165,8/27/2020,east_heinkel,5,CRD,12:09:00 PM,12:33:00 PM,86,1,1,impatiens,Female,EUTMAC,,,
Nachusa2020_6166,8/27/2020,east_heinkel,5,CRD,12:09:00 PM,12:33:00 PM,86,1,1,impatiens,Female,EUTMAC,,,
Nachusa2020_6167,8/27/2020,east_heinkel,5,CRD,12:09:00 PM,12:33:00 PM,86,1,1,impatiens,Female,EUTMAC,,,
Nachusa2020_6168,8/27/2020,east_heinkel,5,CRD,12:09:00 PM,12:33:00 PM,86,1,1,impatiens,Female,EUTMAC,,,
Nachusa2020_6169,8/27/2020,east_heinkel,5,CRD,12:09:00 PM,12:33:00 PM,86,1,1,impatiens,Female,EUTMAC,,,
Nachusa2020_6170,8/27/2020,east_heinkel,5,CRD,12:09:00 PM,12:33:00 PM,86,1,1,impatiens,Female,EUTMAC,,,
Nachusa2020_6171,8/27/2020,east_heinkel,5,CRD,12:09:00 PM,12:33:00 PM,86,1,1,impatiens,Female,EUTMAC,,,
Nachusa2020_6172,8/27/2020,east_heinkel,5,CRD,12:09:00 PM,12:33:00 PM,86,1,1,impatiens,Female,EUTMAC,,,
Nachusa2020_6173,8/27/2020,east_heinkel,5,CRD,12:09:00 PM,12:33:00 PM,86,1,1,impatiens,Female,EUTMAC,,,
Nachusa2020_6174,8/27/2020,east_heinkel,5,CRD,12:09:00 PM,12:33:00 PM,86,1,1,impatiens,Female,EUTMAC,,,
Nachusa2020_6175,8/27/2020,east_heinkel,5,CRD,12:09:00 PM,12:33:00 PM,86,1,1,impatiens,Female,EUTMAC,,,
Nachusa2020_6176,8/27/2020,east_heinkel,5,CRD,12:09:00 PM,12:33:00 PM,86,1,1,impatiens,Female,EUTMAC,,,
Nachusa2020_6177,8/27/2020,east_heinkel,5,CRD,12:09:00 PM,12:33:00 PM,86,1,1,impatiens,Female,EUTMAC,,,
Nachusa2020_6178,8/27/2020,east_heinkel,5,CRD,12:09:00 PM,12:33:00 PM,86,1,1,impatiens,Female,EUTMAC,,,
Nachusa2020_6179,8/27/2020,east_heinkel,5,CRD,12:09:00 PM,12:33:00 PM,86,1,1,impatiens,Female,EUTMAC,,,
Nachusa2020_6180,8/27/2020,east_heinkel,5,CRD,12:09:00 PM,12:33:00 PM,86,1,1,impatiens,Female,EUTMAC,,,
Nachusa2020_6181,8/27/2020,east_heinkel,5,CRD,12:09:00 PM,12:33:00 PM,86,1,1,impatiens,Female,EUTMAC,,,
Nachusa2020_6182,8/27/2020,east_heinkel,5,CRD,12:09:00 PM,12:33:00 PM,86,1,1,impatiens,Female,EUTMAC,,,
Nachusa2020_6183,8/27/2020,east_heinkel,5,CRD,12:09:00 PM,12:33:00 PM,86,1,1,impatiens,Female,SOLMIS,,,
Nachusa2020_6184,8/27/2020,east_heinkel,5,CRD,12:09:00 PM,12:33:00 PM,86,1,1,rufocinctus,Female,EUTMAC,,,
Nachusa2020_6185,8/27/2020,east_heinkel,5,CRD,12:09:00 PM,12:33:00 PM,86,1,1,griseocollis,Female,EUTMAC,,,
Nachusa2020_6186,8/27/2020,east_heinkel,5,CRD,12:09:00 PM,12:33:00 PM,86,1,1,griseocollis,Male,EUTMAC,,,
Nachusa2020_6187,8/27/2020,east_heinkel,5,CRD,12:09:00 PM,12:33:00 PM,86,1,1,impatiens,Female,PERAMP,,,
Nachusa2020_6188,8/27/2020,east_heinkel,5,CRD,12:09:00 PM,12:33:00 PM,86,1,1,impatiens,Female,PERAMP,,,
Nachusa2020_6189,8/27/2020,east_heinkel,5,CRD,12:09:00 PM,12:33:00 PM,86,1,1,impatiens,Female,PERAMP,,,
Nachusa2020_6190,8/27/2020,east_heinkel,5,CRD,12:09:00 PM,12:33:00 PM,86,1,1,impatiens,Female,PYCTEN,,,
Nachusa2020_6191,8/27/2020,east_heinkel,5,CRD,12:09:00 PM,12:33:00 PM,86,1,1,impatiens,Male,EUTMAC,,,
Nachusa2020_6192,8/27/2020,east_heinkel,5,CRD,12:09:00 PM,12:33:00 PM,86,1,1,impatiens,Female,CIRDIS,,,
Nachusa2020_6193,8/27/2020,east_heinkel,5,CRD,12:09:00 PM,12:33:00 PM,86,1,1,impatiens,Female,CIRDIS,,,
Nachusa2020_6194,8/27/2020,east_heinkel,5,CRD,12:09:00 PM,12:33:00 PM,86,1,1,impatiens,Female,CIRDIS,,,
Nachusa2020_6195,8/27/2020,east_heinkel,5,CRD,12:09:00 PM,12:33:00 PM,86,1,1,impatiens,Female,CIRDIS,,,
Nachusa2020_6196,8/27/2020,east_heinkel,5,CRD,12:09:00 PM,12:33:00 PM,86,1,1,impatiens,Female,CIRDIS,,,
Nachusa2020_6197,8/27/2020,east_heinkel,5,CRD,12:09:00 PM,12:33:00 PM,86,1,1,impatiens,Female,CIRDIS,,,
Nachusa2020_6198,8/27/2020,east_heinkel,5,CRD,12:09:00 PM,12:33:00 PM,86,1,1,impatiens,Female,CIRDIS,,,
Nachusa2020_6199,8/27/2020,east_heinkel,5,CRD,12:09:00 PM,12:33:00 PM,86,1,1,impatiens,Female,CIRDIS,,,
Nachusa2020_6200,8/27/2020,east_heinkel,5,CRD,12:09:00 PM,12:33:00 PM,86,1,1,impatiens,Female,CIRDIS,,,
Nachusa2020_6201,8/27/2020,east_heinkel,5,CRD,12:09:00 PM,12:33:00 PM,86,1,1,impatiens,Female,BRIEUP,,,
Nachusa2020_6202,8/27/2020,east_heinkel,5,CRD,12:09:00 PM,12:33:00 PM,86,1,1,auricomus,Female,CIRDIS,,,
Nachusa2020_6203,8/27/2020,east_heinkel,5,CRD,12:09:00 PM,12:33:00 PM,86,1,1,auricomus,Female,CIRDIS,,,
Nachusa2020_6204,8/27/2020,east_heinkel,5,CRD,12:09:00 PM,12:33:00 PM,86,1,1,pensylvanicus,Female,CIRDIS,,,
Nachusa2020_6205,8/27/2020,east_heinkel,5,CRD,12:09:00 PM,12:33:00 PM,86,1,1,auri/pens,Female,CIRDIS,,,
Nachusa2020_6206,8/27/2020,main_unit_knobs,3,CRD,1:28:00 PM,1:48:00 PM,89,2,2,impatiens,Female,LIAASP,,,
Nachusa2020_6207,8/27/2020,main_unit_knobs,3,CRD,1:28:00 PM,1:48:00 PM,89,2,2,impatiens,Female,LIAASP,,,
Nachusa2020_6208,8/27/2020,main_unit_knobs,3,CRD,1:28:00 PM,1:48:00 PM,89,2,2,impatiens,Female,LIAASP,,,
Nachusa2020_6209,8/27/2020,main_unit_knobs,3,CRD,1:28:00 PM,1:48:00 PM,89,2,2,impatiens,Female,LIAASP,,,
Nachusa2020_6210,8/27/2020,main_unit_knobs,3,CRD,1:28:00 PM,1:48:00 PM,89,2,2,impatiens,Female,LIAASP,,,
Nachusa2020_6211,8/27/2020,main_unit_knobs,3,CRD,1:28:00 PM,1:48:00 PM,89,2,2,impatiens,Female,LIAASP,,,
Nachusa2020_6212,8/27/2020,main_unit_knobs,3,CRD,1:28:00 PM,1:48:00 PM,89,2,2,impatiens,Female,LIAASP,,,
Nachusa2020_6213,8/27/2020,main_unit_knobs,3,CRD,1:28:00 PM,1:48:00 PM,89,2,2,impatiens,Female,LIAASP,,,
Nachusa2020_6214,8/27/2020,main_unit_knobs,3,CRD,1:28:00 PM,1:48:00 PM,89,2,2,impatiens,Female,LIAASP,,,
Nachusa2020_6215,8/27/2020,main_unit_knobs,3,CRD,1:28:00 PM,1:48:00 PM,89,2,2,impatiens,Female,LIAASP,,,
Nachusa2020_6216,8/27/2020,main_unit_knobs,3,CRD,1:28:00 PM,1:48:00 PM,89,2,2,griseocollis,Male,LIAASP,,,
Nachusa2020_6217,8/27/2020,main_unit_knobs,3,CRD,1:28:00 PM,1:48:00 PM,89,2,2,griseocollis,Male,LIAASP,,,
Nachusa2020_6218,8/27/2020,main_unit_knobs,3,CRD,1:28:00 PM,1:48:00 PM,89,2,2,griseocollis,Male,LIAASP,,,
Nachusa2020_6219,8/27/2020,main_unit_knobs,3,CRD,1:28:00 PM,1:48:00 PM,89,2,2,griseocollis,Male,LIAASP,,,
Nachusa2020_6220,8/27/2020,main_unit_knobs,3,CRD,1:28:00 PM,1:48:00 PM,89,2,2,griseocollis,Male,LIAASP,,,
Nachusa2020_6221,8/27/2020,main_unit_knobs,3,CRD,1:28:00 PM,1:48:00 PM,89,2,2,griseocollis,Male,LIAASP,,,
Nachusa2020_6222,8/27/2020,main_unit_knobs,3,CRD,1:28:00 PM,1:48:00 PM,89,2,2,griseocollis,Male,LIAASP,,,
Nachusa2020_6223,8/27/2020,main_unit_knobs,3,CRD,1:28:00 PM,1:48:00 PM,89,2,2,griseocollis,Male,LIAASP,,,
Nachusa2020_6224,8/27/2020,main_unit_knobs,3,CRD,1:28:00 PM,1:48:00 PM,89,2,2,impatiens,Female,CIRDIS,,,
Nachusa2020_6225,8/27/2020,main_unit_knobs,3,CRD,1:28:00 PM,1:48:00 PM,89,2,2,impatiens,Female,CIRDIS,,,
Nachusa2020_6226,8/27/2020,main_unit_knobs,3,CRD,1:28:00 PM,1:48:00 PM,89,2,2,impatiens,Female,CIRDIS,,,
Nachusa2020_6227,8/27/2020,main_unit_knobs,3,CRD,1:28:00 PM,1:48:00 PM,89,2,2,impatiens,Female,CIRDIS,,,
Nachusa2020_6228,8/27/2020,main_unit_knobs,3,CRD,1:28:00 PM,1:48:00 PM,89,2,2,impatiens,Female,CIRDIS,,,
Nachusa2020_6229,8/27/2020,main_unit_knobs,3,CRD,1:28:00 PM,1:48:00 PM,89,2,2,impatiens,Female,CIRDIS,,,
Nachusa2020_6230,8/27/2020,main_unit_knobs,3,CRD,1:28:00 PM,1:48:00 PM,89,2,2,impatiens,Female,CIRDIS,,,
Nachusa2020_6231,8/27/2020,main_unit_knobs,3,CRD,1:28:00 PM,1:48:00 PM,89,2,2,impatiens,Female,CIRDIS,,,
Nachusa2020_6232,8/27/2020,main_unit_knobs,3,CRD,1:28:00 PM,1:48:00 PM,89,2,2,impatiens,Female,CIRDIS,,,
Nachusa2020_6233,8/27/2020,main_unit_knobs,3,CRD,1:28:00 PM,1:48:00 PM,89,2,2,impatiens,Female,CIRDIS,,,
Nachusa2020_6234,8/27/2020,main_unit_knobs,3,CRD,1:28:00 PM,1:48:00 PM,89,2,2,impatiens,Female,CIRDIS,,,
Nachusa2020_6235,8/27/2020,main_unit_knobs,3,CRD,1:28:00 PM,1:48:00 PM,89,2,2,impatiens,Female,CIRDIS,,,
Nachusa2020_6236,8/27/2020,main_unit_knobs,3,CRD,1:28:00 PM,1:48:00 PM,89,2,2,impatiens,Female,CIRDIS,,,
Nachusa2020_6237,8/27/2020,main_unit_knobs,3,CRD,1:28:00 PM,1:48:00 PM,89,2,2,impatiens,Female,CIRDIS,,,
Nachusa2020_6238,8/27/2020,main_unit_knobs,3,CRD,1:28:00 PM,1:48:00 PM,89,2,2,impatiens,Female,CIRDIS,,,
Nachusa2020_6239,8/27/2020,main_unit_knobs,3,CRD,1:28:00 PM,1:48:00 PM,89,2,2,pensylvanicus,Female,CIRDIS,,,
Nachusa2020_6240,8/27/2020,main_unit_knobs,3,CRD,1:28:00 PM,1:48:00 PM,89,2,2,auri/pens,Female,CIRDIS,,,
Nachusa2020_6241,8/27/2020,main_unit_knobs,3,CRD,1:28:00 PM,1:48:00 PM,89,2,2,auri/pens,Female,CIRDIS,,,
Nachusa2020_6242,8/27/2020,main_unit_knobs,3,CRD,1:28:00 PM,1:48:00 PM,89,2,2,griseocollis,Male,CIRDIS,,,
Nachusa2020_6243,8/27/2020,main_unit_knobs,3,CRD,1:28:00 PM,1:48:00 PM,89,2,2,griseocollis,Female,CIRDIS,,,
Nachusa2020_6244,8/27/2020,main_unit_knobs,3,CRD,1:28:00 PM,1:48:00 PM,89,2,2,vagans,Female,CIRDIS,,,
Nachusa2020_6245,8/31/2020,east_heinkel,6,CRD,9:15:00 AM,9:38:00 AM,66,2,2,impatiens,Female,CIRDIS,,,
Nachusa2020_6246,8/31/2020,east_heinkel,6,CRD,9:15:00 AM,9:38:00 AM,66,2,2,impatiens,Female,CIRDIS,,,
Nachusa2020_6247,8/31/2020,east_heinkel,6,CRD,9:15:00 AM,9:38:00 AM,66,2,2,impatiens,Female,CIRDIS,,,
Nachusa2020_6248,8/31/2020,east_heinkel,6,CRD,9:15:00 AM,9:38:00 AM,66,2,2,impatiens,Female,CIRDIS,,,
Nachusa2020_6249,8/31/2020,east_heinkel,6,CRD,9:15:00 AM,9:38:00 AM,66,2,2,impatiens,Female,CIRDIS,,,
Nachusa2020_6250,8/31/2020,east_heinkel,6,CRD,9:15:00 AM,9:38:00 AM,66,2,2,impatiens,Female,CIRDIS,,,
Nachusa2020_6251,8/31/2020,east_heinkel,6,CRD,9:15:00 AM,9:38:00 AM,66,2,2,impatiens,Female,CIRDIS,,,
Nachusa2020_6252,8/31/2020,east_heinkel,6,CRD,9:15:00 AM,9:38:00 AM,66,2,2,impatiens,Female,CIRDIS,,,
Nachusa2020_6253,8/31/2020,east_heinkel,6,CRD,9:15:00 AM,9:38:00 AM,66,2,2,impatiens,Female,CIRDIS,,,
Nachusa2020_6254,8/31/2020,east_heinkel,6,CRD,9:15:00 AM,9:38:00 AM,66,2,2,impatiens,Female,CIRDIS,,,
Nachusa2020_6255,8/31/2020,east_heinkel,6,CRD,9:15:00 AM,9:38:00 AM,66,2,2,impatiens,Female,CIRDIS,,,
Nachusa2020_6256,8/31/2020,east_heinkel,6,CRD,9:15:00 AM,9:38:00 AM,66,2,2,impatiens,Female,CIRDIS,,,
Nachusa2020_6257,8/31/2020,east_heinkel,6,CRD,9:15:00 AM,9:38:00 AM,66,2,2,impatiens,Female,CIRDIS,,,
Nachusa2020_6258,8/31/2020,east_heinkel,6,CRD,9:15:00 AM,9:38:00 AM,66,2,2,impatiens,Female,CIRDIS,,,
Nachusa2020_6259,8/31/2020,east_heinkel,6,CRD,9:15:00 AM,9:38:00 AM,66,2,2,impatiens,Female,CIRDIS,,,
Nachusa2020_6260,8/31/2020,east_heinkel,6,CRD,9:15:00 AM,9:38:00 AM,66,2,2,impatiens,Female,CIRDIS,,,
Nachusa2020_6261,8/31/2020,east_heinkel,6,CRD,9:15:00 AM,9:38:00 AM,66,2,2,impatiens,Female,CIRDIS,,,
Nachusa2020_6262,8/31/2020,east_heinkel,6,CRD,9:15:00 AM,9:38:00 AM,66,2,2,impatiens,Female,CIRDIS,,,
Nachusa2020_6263,8/31/2020,east_heinkel,6,CRD,9:15:00 AM,9:38:00 AM,66,2,2,impatiens,Female,CIRDIS,,,
Nachusa2020_6264,8/31/2020,east_heinkel,6,CRD,9:15:00 AM,9:38:00 AM,66,2,2,impatiens,Female,CIRDIS,,,
Nachusa2020_6265,8/31/2020,east_heinkel,6,CRD,9:15:00 AM,9:38:00 AM,66,2,2,impatiens,Female,CIRDIS,,,
Nachusa2020_6266,8/31/2020,east_heinkel,6,CRD,9:15:00 AM,9:38:00 AM,66,2,2,impatiens,Female,CIRDIS,,,
Nachusa2020_6267,8/31/2020,east_heinkel,6,CRD,9:15:00 AM,9:38:00 AM,66,2,2,impatiens,Female,CIRDIS,,,
Nachusa2020_6268,8/31/2020,east_heinkel,6,CRD,9:15:00 AM,9:38:00 AM,66,2,2,impatiens,Female,CIRDIS,,,
Nachusa2020_6269,8/31/2020,east_heinkel,6,CRD,9:15:00 AM,9:38:00 AM,66,2,2,impatiens,Female,CIRDIS,,,
Nachusa2020_6270,8/31/2020,east_heinkel,6,CRD,9:15:00 AM,9:38:00 AM,66,2,2,impatiens,Female,CIRDIS,,,
Nachusa2020_6271,8/31/2020,east_heinkel,6,CRD,9:15:00 AM,9:38:00 AM,66,2,2,impatiens,Female,CIRDIS,,,
Nachusa2020_6272,8/31/2020,east_heinkel,6,CRD,9:15:00 AM,9:38:00 AM,66,2,2,impatiens,Female,CIRDIS,,,
Nachusa2020_6273,8/31/2020,east_heinkel,6,CRD,9:15:00 AM,9:38:00 AM,66,2,2,impatiens,Female,CIRDIS,,,
Nachusa2020_6274,8/31/2020,east_heinkel,6,CRD,9:15:00 AM,9:38:00 AM,66,2,2,impatiens,Female,CIRDIS,,,
Nachusa2020_6275,8/31/2020,east_heinkel,6,CRD,9:15:00 AM,9:38:00 AM,66,2,2,impatiens,Female,CIRDIS,,,
Nachusa2020_6276,8/31/2020,east_heinkel,6,CRD,9:15:00 AM,9:38:00 AM,66,2,2,impatiens,Female,CIRDIS,,,
Nachusa2020_6277,8/31/2020,east_heinkel,6,CRD,9:15:00 AM,9:38:00 AM,66,2,2,impatiens,Female,CIRDIS,,,
Nachusa2020_6278,8/31/2020,east_heinkel,6,CRD,9:15:00 AM,9:38:00 AM,66,2,2,impatiens,Female,CIRDIS,,,
Nachusa2020_6279,8/31/2020,east_heinkel,6,CRD,9:15:00 AM,9:38:00 AM,66,2,2,impatiens,Female,CIRDIS,,,
Nachusa2020_6280,8/31/2020,east_heinkel,6,CRD,9:15:00 AM,9:38:00 AM,66,2,2,impatiens,Female,CIRDIS,,,
Nachusa2020_6281,8/31/2020,east_heinkel,6,CRD,9:15:00 AM,9:38:00 AM,66,2,2,impatiens,Female,CIRDIS,,,
Nachusa2020_6282,8/31/2020,east_heinkel,6,CRD,9:15:00 AM,9:38:00 AM,66,2,2,impatiens,Female,CIRDIS,,,
Nachusa2020_6283,8/31/2020,east_heinkel,6,CRD,9:15:00 AM,9:38:00 AM,66,2,2,impatiens,Female,CIRDIS,,,
Nachusa2020_6284,8/31/2020,east_heinkel,6,CRD,9:15:00 AM,9:38:00 AM,66,2,2,impatiens,Female,CIRDIS,,,
Nachusa2020_6285,8/31/2020,east_heinkel,6,CRD,9:15:00 AM,9:38:00 AM,66,2,2,impatiens,Female,CIRDIS,,,
Nachusa2020_6286,8/31/2020,east_heinkel,6,CRD,9:15:00 AM,9:38:00 AM,66,2,2,impatiens,Female,CIRDIS,,,
Nachusa2020_6287,8/31/2020,east_heinkel,6,CRD,9:15:00 AM,9:38:00 AM,66,2,2,impatiens,Female,CIRDIS,,,
Nachusa2020_6288,8/31/2020,east_heinkel,6,CRD,9:15:00 AM,9:38:00 AM,66,2,2,impatiens,Female,CIRDIS,,,
Nachusa2020_6289,8/31/2020,east_heinkel,6,CRD,9:15:00 AM,9:38:00 AM,66,2,2,impatiens,Female,CIRDIS,,,
Nachusa2020_6290,8/31/2020,east_heinkel,6,CRD,9:15:00 AM,9:38:00 AM,66,2,2,impatiens,Female,CIRDIS,,,
Nachusa2020_6291,8/31/2020,east_heinkel,6,CRD,9:15:00 AM,9:38:00 AM,66,2,2,impatiens,Female,CIRDIS,,,
Nachusa2020_6292,8/31/2020,east_heinkel,6,CRD,9:15:00 AM,9:38:00 AM,66,2,2,impatiens,Female,CIRDIS,,,
Nachusa2020_6293,8/31/2020,east_heinkel,6,CRD,9:15:00 AM,9:38:00 AM,66,2,2,impatiens,Female,CIRDIS,,,
Nachusa2020_6294,8/31/2020,east_heinkel,6,CRD,9:15:00 AM,9:38:00 AM,66,2,2,impatiens,Female,CIRDIS,,,
Nachusa2020_6295,8/31/2020,east_heinkel,6,CRD,9:15:00 AM,9:38:00 AM,66,2,2,impatiens,Female,CIRDIS,,,
Nachusa2020_6296,8/31/2020,east_heinkel,6,CRD,9:15:00 AM,9:38:00 AM,66,2,2,impatiens,Female,CIRDIS,,,
Nachusa2020_6297,8/31/2020,east_heinkel,6,CRD,9:15:00 AM,9:38:00 AM,66,2,2,impatiens,Female,CIRDIS,,,
Nachusa2020_6298,8/31/2020,east_heinkel,6,CRD,9:15:00 AM,9:38:00 AM,66,2,2,impatiens,Female,CIRDIS,,,
Nachusa2020_6299,8/31/2020,east_heinkel,6,CRD,9:15:00 AM,9:38:00 AM,66,2,2,impatiens,Female,CIRDIS,,,
Nachusa2020_6300,8/31/2020,east_heinkel,6,CRD,9:15:00 AM,9:38:00 AM,66,2,2,impatiens,Female,CIRDIS,,,
Nachusa2020_6301,8/31/2020,east_heinkel,6,CRD,9:15:00 AM,9:38:00 AM,66,2,2,impatiens,Female,CIRDIS,,,
Nachusa2020_6302,8/31/2020,east_heinkel,6,CRD,9:15:00 AM,9:38:00 AM,66,2,2,impatiens,Female,CIRDIS,,,
Nachusa2020_6303,8/31/2020,east_heinkel,6,CRD,9:15:00 AM,9:38:00 AM,66,2,2,impatiens,Female,CIRDIS,,,
Nachusa2020_6304,8/31/2020,east_heinkel,6,CRD,9:15:00 AM,9:38:00 AM,66,2,2,impatiens,Female,CIRDIS,,,
Nachusa2020_6305,8/31/2020,east_heinkel,6,CRD,9:15:00 AM,9:38:00 AM,66,2,2,impatiens,Female,CIRDIS,,,
Nachusa2020_6306,8/31/2020,east_heinkel,6,CRD,9:15:00 AM,9:38:00 AM,66,2,2,impatiens,Female,CIRDIS,,,
Nachusa2020_6307,8/31/2020,east_heinkel,6,CRD,9:15:00 AM,9:38:00 AM,66,2,2,impatiens,Female,CIRDIS,,,
Nachusa2020_6308,8/31/2020,east_heinkel,6,CRD,9:15:00 AM,9:38:00 AM,66,2,2,vagans,Female,CIRDIS,,,
Nachusa2020_6309,8/31/2020,east_heinkel,6,CRD,9:15:00 AM,9:38:00 AM,66,2,2,vagans,Female,CIRDIS,,,
Nachusa2020_6310,8/31/2020,east_heinkel,6,CRD,9:15:00 AM,9:38:00 AM,66,2,2,vagans,Female,CIRDIS,,,
Nachusa2020_6311,8/31/2020,east_heinkel,6,CRD,9:15:00 AM,9:38:00 AM,66,2,2,vagans,Female,CIRDIS,,,
Nachusa2020_6312,8/31/2020,east_heinkel,6,CRD,9:15:00 AM,9:38:00 AM,66,2,2,vagans,Female,CIRDIS,,,
Nachusa2020_6313,8/31/2020,east_heinkel,6,CRD,9:15:00 AM,9:38:00 AM,66,2,2,auricomus,Female,CIRDIS,,,
Nachusa2020_6314,8/31/2020,east_heinkel,6,CRD,9:15:00 AM,9:38:00 AM,66,2,2,auricomus,Female,CIRDIS,,,
Nachusa2020_6315,8/31/2020,east_heinkel,6,CRD,9:15:00 AM,9:38:00 AM,66,2,2,auricomus,Female,CIRDIS,,,
Nachusa2020_6316,8/31/2020,east_heinkel,6,CRD,9:15:00 AM,9:38:00 AM,66,2,2,griseocollis,Female,CIRDIS,,,
Nachusa2020_6317,8/31/2020,east_heinkel,6,CRD,9:15:00 AM,9:38:00 AM,66,2,2,pensylvanicus,Female,CIRDIS,,,
Nachusa2020_6318,8/31/2020,east_heinkel,6,CRD,9:15:00 AM,9:38:00 AM,66,2,2,griseocollis,Male,CIRDIS,,,
Nachusa2020_6319,8/31/2020,east_heinkel,6,CRD,9:15:00 AM,9:38:00 AM,66,2,2,impatiens,Female,VERALT,,,
Nachusa2020_6320,8/31/2020,east_heinkel,6,CRD,9:15:00 AM,9:38:00 AM,66,2,2,impatiens,Female,EUTMAC,,,
Nachusa2020_6321,8/31/2020,east_heinkel,6,CRD,9:15:00 AM,9:38:00 AM,66,2,2,impatiens,Female,EUTMAC,,,
Nachusa2020_6322,8/31/2020,east_heinkel,6,CRD,9:15:00 AM,9:38:00 AM,66,2,2,impatiens,Female,EUTMAC,,,
Nachusa2020_6323,8/31/2020,east_heinkel,6,CRD,9:15:00 AM,9:38:00 AM,66,2,2,impatiens,Female,EUTMAC,,,
Nachusa2020_6324,8/31/2020,east_heinkel,6,CRD,9:15:00 AM,9:38:00 AM,66,2,2,impatiens,Female,EUTMAC,,,
Nachusa2020_6325,8/31/2020,east_heinkel,6,CRD,9:15:00 AM,9:38:00 AM,66,2,2,impatiens,Female,EUTMAC,,,
Nachusa2020_6326,8/31/2020,east_heinkel,6,CRD,9:15:00 AM,9:38:00 AM,66,2,2,impatiens,Female,EUTMAC,,,
Nachusa2020_6327,8/31/2020,east_heinkel,6,CRD,9:15:00 AM,9:38:00 AM,66,2,2,impatiens,Female,EUTMAC,,,
Nachusa2020_6328,8/31/2020,east_heinkel,6,CRD,9:15:00 AM,9:38:00 AM,66,2,2,impatiens,Female,EUTMAC,,,
Nachusa2020_6329,8/31/2020,east_heinkel,6,CRD,9:15:00 AM,9:38:00 AM,66,2,2,griseocollis,Male,HELGRO,,,
Nachusa2020_6330,8/31/2020,east_heinkel,6,CRD,9:15:00 AM,9:38:00 AM,66,2,2,impatiens,Male,EUTMAC,,,
Nachusa2020_6331,8/31/2020,east_heinkel,6,CRD,9:15:00 AM,9:38:00 AM,66,2,2,griseocollis,Male,EUTMAC,,,
Nachusa2020_6332,8/31/2020,east_heinkel,6,CRD,9:15:00 AM,9:38:00 AM,66,2,2,griseocollis,Male,EUTMAC,,,
Nachusa2020_6333,8/31/2020,east_heinkel,6,CRD,9:15:00 AM,9:38:00 AM,66,2,2,impatiens,Female,HELAUT,,,
Nachusa2020_6334,8/31/2020,east_heinkel,6,CRD,9:15:00 AM,9:38:00 AM,66,2,2,pensylvanicus,Female,CHEGLA,,,
Nachusa2020_6335,8/31/2020,east_heinkel,6,CRD,9:15:00 AM,9:38:00 AM,66,2,2,impatiens,Female,Solidago spp.,,,
Nachusa2020_6336,8/31/2020,east_heinkel,6,CRD,9:15:00 AM,9:38:00 AM,66,2,2,impatiens,Female,Solidago spp.,,,
Nachusa2020_6337,8/31/2020,east_heinkel,6,CRD,9:15:00 AM,9:38:00 AM,66,2,2,impatiens,Female,Solidago spp.,,,
Nachusa2020_6338,8/31/2020,main_unit_knobs,4,CRD,10:44:00 AM,11:04:00 AM,74,1,1,impatiens,Female,CIRDIS,,,
Nachusa2020_6339,8/31/2020,main_unit_knobs,4,CRD,10:44:00 AM,11:04:00 AM,74,1,1,impatiens,Female,CIRDIS,,,
Nachusa2020_6340,8/31/2020,main_unit_knobs,4,CRD,10:44:00 AM,11:04:00 AM,74,1,1,impatiens,Female,CIRDIS,,,
Nachusa2020_6341,8/31/2020,main_unit_knobs,4,CRD,10:44:00 AM,11:04:00 AM,74,1,1,impatiens,Female,CIRDIS,,,
Nachusa2020_6342,8/31/2020,main_unit_knobs,4,CRD,10:44:00 AM,11:04:00 AM,74,1,1,impatiens,Female,CIRDIS,,,
Nachusa2020_6343,8/31/2020,main_unit_knobs,4,CRD,10:44:00 AM,11:04:00 AM,74,1,1,impatiens,Female,CIRDIS,,,
Nachusa2020_6344,8/31/2020,main_unit_knobs,4,CRD,10:44:00 AM,11:04:00 AM,74,1,1,impatiens,Female,CIRDIS,,,
Nachusa2020_6345,8/31/2020,main_unit_knobs,4,CRD,10:44:00 AM,11:04:00 AM,74,1,1,impatiens,Female,CIRDIS,,,
Nachusa2020_6346,8/31/2020,main_unit_knobs,4,CRD,10:44:00 AM,11:04:00 AM,74,1,1,impatiens,Female,CIRDIS,,,
Nachusa2020_6347,8/31/2020,main_unit_knobs,4,CRD,10:44:00 AM,11:04:00 AM,74,1,1,impatiens,Female,CIRDIS,,,
Nachusa2020_6348,8/31/2020,main_unit_knobs,4,CRD,10:44:00 AM,11:04:00 AM,74,1,1,impatiens,Female,CIRDIS,,,
Nachusa2020_6349,8/31/2020,main_unit_knobs,4,CRD,10:44:00 AM,11:04:00 AM,74,1,1,impatiens,Female,CIRDIS,,,
Nachusa2020_6350,8/31/2020,main_unit_knobs,4,CRD,10:44:00 AM,11:04:00 AM,74,1,1,impatiens,Female,CIRDIS,,,
Nachusa2020_6351,8/31/2020,main_unit_knobs,4,CRD,10:44:00 AM,11:04:00 AM,74,1,1,impatiens,Female,LIAASP,,,
Nachusa2020_6352,8/31/2020,main_unit_knobs,4,CRD,10:44:00 AM,11:04:00 AM,74,1,1,impatiens,Female,LIAASP,,,
Nachusa2020_6353,8/31/2020,main_unit_knobs,4,CRD,10:44:00 AM,11:04:00 AM,74,1,1,impatiens,Female,LIAASP,,,
Nachusa2020_6354,8/31/2020,main_unit_knobs,4,CRD,10:44:00 AM,11:04:00 AM,74,1,1,impatiens,Female,LIAASP,,,
Nachusa2020_6355,8/31/2020,main_unit_knobs,4,CRD,10:44:00 AM,11:04:00 AM,74,1,1,impatiens,Female,LIAASP,,,
Nachusa2020_6356,8/31/2020,main_unit_knobs,4,CRD,10:44:00 AM,11:04:00 AM,74,1,1,impatiens,Female,LIAASP,,,
Nachusa2020_6357,8/31/2020,main_unit_knobs,4,CRD,10:44:00 AM,11:04:00 AM,74,1,1,impatiens,Female,LIAASP,,,
Nachusa2020_6358,8/31/2020,main_unit_knobs,4,CRD,10:44:00 AM,11:04:00 AM,74,1,1,impatiens,Female,LIAASP,,,
Nachusa2020_6359,8/31/2020,main_unit_knobs,4,CRD,10:44:00 AM,11:04:00 AM,74,1,1,impatiens,Female,LIAASP,,,
Nachusa2020_6360,8/31/2020,main_unit_knobs,4,CRD,10:44:00 AM,11:04:00 AM,74,1,1,impatiens,Female,LIAASP,,,
Nachusa2020_6361,8/31/2020,main_unit_knobs,4,CRD,10:44:00 AM,11:04:00 AM,74,1,1,impatiens,Female,LIAASP,,,
Nachusa2020_6362,8/31/2020,main_unit_knobs,4,CRD,10:44:00 AM,11:04:00 AM,74,1,1,impatiens,Female,LIAASP,,,
Nachusa2020_6363,8/31/2020,main_unit_knobs,4,CRD,10:44:00 AM,11:04:00 AM,74,1,1,impatiens,Female,LIAASP,,,
Nachusa2020_6364,8/31/2020,main_unit_knobs,4,CRD,10:44:00 AM,11:04:00 AM,74,1,1,impatiens,Female,LIAASP,,,
Nachusa2020_6365,8/31/2020,main_unit_knobs,4,CRD,10:44:00 AM,11:04:00 AM,74,1,1,impatiens,Female,LIAASP,,,
Nachusa2020_6366,8/31/2020,main_unit_knobs,4,CRD,10:44:00 AM,11:04:00 AM,74,1,1,impatiens,Female,LIAASP,,,
Nachusa2020_6367,8/31/2020,main_unit_knobs,4,CRD,10:44:00 AM,11:04:00 AM,74,1,1,impatiens,Female,LIAASP,,,
Nachusa2020_6368,8/31/2020,main_unit_knobs,4,CRD,10:44:00 AM,11:04:00 AM,74,1,1,impatiens,Female,LIAASP,,,
Nachusa2020_6369,8/31/2020,main_unit_knobs,4,CRD,10:44:00 AM,11:04:00 AM,74,1,1,griseocollis,Female,LIAASP,,,
Nachusa2020_6370,8/31/2020,main_unit_knobs,4,CRD,10:44:00 AM,11:04:00 AM,74,1,1,auri/pens,Female,CIRDIS,,,
Nachusa2020_6371,8/31/2020,main_unit_knobs,4,CRD,10:44:00 AM,11:04:00 AM,74,1,1,auricomus,Female,CIRDIS,,,
Nachusa2020_6372,8/31/2020,main_unit_knobs,4,CRD,10:44:00 AM,11:04:00 AM,74,1,1,auricomus,Female,CIRDIS,,,
Nachusa2020_6373,8/31/2020,main_unit_knobs,4,CRD,10:44:00 AM,11:04:00 AM,74,1,1,griseocollis,Male,LIAASP,,,
Nachusa2020_6374,8/31/2020,main_unit_knobs,4,CRD,10:44:00 AM,11:04:00 AM,74,1,1,griseocollis,Male,LIAASP,,,
Nachusa2020_6375,8/31/2020,main_unit_knobs,4,CRD,10:44:00 AM,11:04:00 AM,74,1,1,rufocinctus,Female,LIAASP,,,
Nachusa2020_6376,8/31/2020,tellabs_center,4,CRD,12:11:00 PM,12:31:00 PM,77,2,2,vagans,Female,CIRDIS,,,
Nachusa2020_6377,8/31/2020,tellabs_center,4,CRD,12:11:00 PM,12:31:00 PM,77,2,2,griseocollis,Male,CIRDIS,,,
Nachusa2020_6378,9/1/2020,holland_prairie_east,8,CRD,9:07:00 AM,9:28:00 AM,65,2,2,impatiens,Female,CIRDIS,,,
Nachusa2020_6379,9/1/2020,holland_prairie_east,8,CRD,9:07:00 AM,9:28:00 AM,65,2,2,impatiens,Female,CIRDIS,,,
Nachusa2020_6380,9/1/2020,holland_prairie_east,8,CRD,9:07:00 AM,9:28:00 AM,65,2,2,impatiens,Female,HELGRO,,,
Nachusa2020_6381,9/1/2020,holland_prairie_east,8,CRD,9:07:00 AM,9:28:00 AM,65,2,2,impatiens,Female,HELGRO,,,
Nachusa2020_6382,9/1/2020,holland_prairie_east,8,CRD,9:07:00 AM,9:28:00 AM,65,2,2,impatiens,Female,HELGRO,,,
Nachusa2020_6383,9/1/2020,holland_prairie_east,8,CRD,9:07:00 AM,9:28:00 AM,65,2,2,impatiens,Female,HELGRO,,,
Nachusa2020_6384,9/1/2020,holland_prairie_east,8,CRD,9:07:00 AM,9:28:00 AM,65,2,2,impatiens,Female,HELGRO,,,
Nachusa2020_6385,9/1/2020,holland_prairie_east,8,CRD,9:07:00 AM,9:28:00 AM,65,2,2,impatiens,Female,HELGRO,,,
Nachusa2020_6386,9/1/2020,holland_prairie_east,8,CRD,9:07:00 AM,9:28:00 AM,65,2,2,impatiens,Female,HELGRO,,,
Nachusa2020_6387,9/1/2020,holland_prairie_east,8,CRD,9:07:00 AM,9:28:00 AM,65,2,2,impatiens,Female,HELGRO,,,
Nachusa2020_6388,9/1/2020,holland_prairie_east,8,CRD,9:07:00 AM,9:28:00 AM,65,2,2,impatiens,Female,HELGRO,,,
Nachusa2020_6389,9/1/2020,holland_prairie_east,8,CRD,9:07:00 AM,9:28:00 AM,65,2,2,impatiens,Female,Bidens spp.,,,
Nachusa2020_6390,9/1/2020,holland_prairie_east,8,CRD,9:07:00 AM,9:28:00 AM,65,2,2,impatiens,Female,Bidens spp.,,,
Nachusa2020_6391,9/1/2020,holland_prairie_east,8,CRD,9:07:00 AM,9:28:00 AM,65,2,2,impatiens,Female,Bidens spp.,,,
Nachusa2020_6392,9/1/2020,holland_prairie_east,8,CRD,9:07:00 AM,9:28:00 AM,65,2,2,impatiens,Female,Bidens spp.,,,
Nachusa2020_6393,9/1/2020,holland_prairie_east,8,CRD,9:07:00 AM,9:28:00 AM,65,2,2,impatiens,Female,Bidens spp.,,,
Nachusa2020_6394,9/1/2020,holland_prairie_east,8,CRD,9:07:00 AM,9:28:00 AM,65,2,2,impatiens,Female,Bidens spp.,,,
Nachusa2020_6395,9/1/2020,holland_prairie_east,8,CRD,9:07:00 AM,9:28:00 AM,65,2,2,impatiens,Female,Bidens spp.,,,
Nachusa2020_6396,9/1/2020,holland_prairie_east,8,CRD,9:07:00 AM,9:28:00 AM,65,2,2,impatiens,Female,Bidens spp.,,,
Nachusa2020_6397,9/1/2020,holland_prairie_east,8,CRD,9:07:00 AM,9:28:00 AM,65,2,2,impatiens,Female,Bidens spp.,,,
Nachusa2020_6398,9/1/2020,holland_prairie_east,8,CRD,9:07:00 AM,9:28:00 AM,65,2,2,impatiens,Female,Bidens spp.,,,
Nachusa2020_6399,9/1/2020,holland_prairie_east,8,CRD,9:07:00 AM,9:28:00 AM,65,2,2,impatiens,Female,Bidens spp.,,,
Nachusa2020_6400,9/1/2020,holland_prairie_east,8,CRD,9:07:00 AM,9:28:00 AM,65,2,2,impatiens,Female,Bidens spp.,,,
Nachusa2020_6401,9/1/2020,holland_prairie_east,8,CRD,9:07:00 AM,9:28:00 AM,65,2,2,impatiens,Female,Bidens spp.,,,
Nachusa2020_6402,9/1/2020,holland_prairie_east,8,CRD,9:07:00 AM,9:28:00 AM,65,2,2,impatiens,Female,Bidens spp.,,,
Nachusa2020_6403,9/1/2020,holland_prairie_east,8,CRD,9:07:00 AM,9:28:00 AM,65,2,2,impatiens,Female,Bidens spp.,,,
Nachusa2020_6404,9/1/2020,holland_prairie_east,8,CRD,9:07:00 AM,9:28:00 AM,65,2,2,impatiens,Female,Bidens spp.,,,
Nachusa2020_6405,9/1/2020,holland_prairie_east,8,CRD,9:07:00 AM,9:28:00 AM,65,2,2,impatiens,Female,Bidens spp.,,,
Nachusa2020_6406,9/1/2020,holland_prairie_east,8,CRD,9:07:00 AM,9:28:00 AM,65,2,2,impatiens,Female,Bidens spp.,,,
Nachusa2020_6407,9/1/2020,holland_prairie_east,8,CRD,9:07:00 AM,9:28:00 AM,65,2,2,impatiens,Male,Bidens spp.,,,
Nachusa2020_6408,9/1/2020,holland_prairie_east,8,CRD,9:07:00 AM,9:28:00 AM,65,2,2,impatiens,Female,HELAUT,,,
Nachusa2020_6409,9/1/2020,holland_prairie_east,8,CRD,9:07:00 AM,9:28:00 AM,65,2,2,rufocinctus,Male,HELAUT,,,resting
Nachusa2020_6410,9/1/2020,leopold_knob,2,CRD,10:22:00 AM,10:42:00 AM,67,2,2,impatiens,Female,LIAASP,,,
Nachusa2020_6411,9/1/2020,leopold_knob,2,CRD,10:22:00 AM,10:42:00 AM,67,2,2,impatiens,Female,LIAASP,,,
Nachusa2020_6412,9/1/2020,leopold_knob,2,CRD,10:22:00 AM,10:42:00 AM,67,2,2,impatiens,Female,LIAASP,,,
Nachusa2020_6413,9/1/2020,leopold_knob,2,CRD,10:22:00 AM,10:42:00 AM,67,2,2,impatiens,Female,LIAASP,,,
Nachusa2020_6414,9/1/2020,leopold_knob,2,CRD,10:22:00 AM,10:42:00 AM,67,2,2,impatiens,Female,LIAASP,,,
Nachusa2020_6415,9/1/2020,leopold_knob,2,CRD,10:22:00 AM,10:42:00 AM,67,2,2,impatiens,Female,LIAASP,,,
Nachusa2020_6416,9/1/2020,leopold_knob,2,CRD,10:22:00 AM,10:42:00 AM,67,2,2,impatiens,Female,LIAASP,,,
Nachusa2020_6417,9/1/2020,leopold_knob,2,CRD,10:22:00 AM,10:42:00 AM,67,2,2,impatiens,Female,LIAASP,,,
Nachusa2020_6418,9/1/2020,leopold_knob,2,CRD,10:22:00 AM,10:42:00 AM,67,2,2,griseocollis,Male,LIAASP,,,
Nachusa2020_6419,9/1/2020,leopold_knob,2,CRD,10:22:00 AM,10:42:00 AM,67,2,2,griseocollis,Male,LIAASP,,,
Nachusa2020_6420,9/1/2020,leopold_knob,2,CRD,10:22:00 AM,10:42:00 AM,67,2,2,griseocollis,Male,LIAASP,,,
Nachusa2020_6421,9/1/2020,leopold_knob,2,CRD,10:22:00 AM,10:42:00 AM,67,2,2,griseocollis,Female,LIAASP,,,
Nachusa2020_6422,9/1/2020,east_heinkel,7,CRD,11:07:00 AM,11:35:00 AM,68,2,2,impatiens,Female,LOBSPH,,,
Nachusa2020_6423,9/1/2020,east_heinkel,7,CRD,11:07:00 AM,11:35:00 AM,68,2,2,impatiens,Female,HELAUT,,,
Nachusa2020_6424,9/1/2020,east_heinkel,7,CRD,11:07:00 AM,11:35:00 AM,68,2,2,impatiens,Female,HELAUT,,,
Nachusa2020_6425,9/1/2020,east_heinkel,7,CRD,11:07:00 AM,11:35:00 AM,68,2,2,impatiens,Female,HELAUT,,,
Nachusa2020_6426,9/1/2020,east_heinkel,7,CRD,11:07:00 AM,11:35:00 AM,68,2,2,impatiens,Female,HELAUT,,,
Nachusa2020_6427,9/1/2020,east_heinkel,7,CRD,11:07:00 AM,11:35:00 AM,68,2,2,impatiens,Female,HELAUT,,,
Nachusa2020_6428,9/1/2020,east_heinkel,7,CRD,11:07:00 AM,11:35:00 AM,68,2,2,impatiens,Female,HELAUT,,,
Nachusa2020_6429,9/1/2020,east_heinkel,7,CRD,11:07:00 AM,11:35:00 AM,68,2,2,impatiens,Female,HELAUT,,,
Nachusa2020_6430,9/1/2020,east_heinkel,7,CRD,11:07:00 AM,11:35:00 AM,68,2,2,impatiens,Female,PEDCAN,,,
Nachusa2020_6431,9/1/2020,east_heinkel,7,CRD,11:07:00 AM,11:35:00 AM,68,2,2,impatiens,Female,PEDCAN,,,
Nachusa2020_6432,9/1/2020,east_heinkel,7,CRD,11:07:00 AM,11:35:00 AM,68,2,2,impatiens,Female,PEDCAN,,,
Nachusa2020_6433,9/1/2020,east_heinkel,7,CRD,11:07:00 AM,11:35:00 AM,68,2,2,impatiens,Female,EUTMAC,,,
Nachusa2020_6434,9/1/2020,east_heinkel,7,CRD,11:07:00 AM,11:35:00 AM,68,2,2,impatiens,Female,EUTMAC,,,
Nachusa2020_6435,9/1/2020,east_heinkel,7,CRD,11:07:00 AM,11:35:00 AM,68,2,2,impatiens,Female,EUTMAC,,,
Nachusa2020_6436,9/1/2020,east_heinkel,7,CRD,11:07:00 AM,11:35:00 AM,68,2,2,impatiens,Female,EUTMAC,,,
Nachusa2020_6437,9/1/2020,east_heinkel,7,CRD,11:07:00 AM,11:35:00 AM,68,2,2,impatiens,Female,EUTMAC,,,
Nachusa2020_6438,9/1/2020,east_heinkel,7,CRD,11:07:00 AM,11:35:00 AM,68,2,2,impatiens,Female,EUTMAC,,,
Nachusa2020_6439,9/1/2020,east_heinkel,7,CRD,11:07:00 AM,11:35:00 AM,68,2,2,impatiens,Female,EUTMAC,,,
Nachusa2020_6440,9/1/2020,east_heinkel,7,CRD,11:07:00 AM,11:35:00 AM,68,2,2,impatiens,Female,EUTMAC,,,
Nachusa2020_6441,9/1/2020,east_heinkel,7,CRD,11:07:00 AM,11:35:00 AM,68,2,2,impatiens,Female,EUTMAC,,,
Nachusa2020_6442,9/1/2020,east_heinkel,7,CRD,11:07:00 AM,11:35:00 AM,68,2,2,impatiens,Female,EUTMAC,,,
Nachusa2020_6443,9/1/2020,east_heinkel,7,CRD,11:07:00 AM,11:35:00 AM,68,2,2,impatiens,Female,EUTMAC,,,
Nachusa2020_6444,9/1/2020,east_heinkel,7,CRD,11:07:00 AM,11:35:00 AM,68,2,2,impatiens,Female,EUTMAC,,,
Nachusa2020_6445,9/1/2020,east_heinkel,7,CRD,11:07:00 AM,11:35:00 AM,68,2,2,impatiens,Female,EUTMAC,,,
Nachusa2020_6446,9/1/2020,east_heinkel,7,CRD,11:07:00 AM,11:35:00 AM,68,2,2,impatiens,Female,EUTMAC,,,
Nachusa2020_6447,9/1/2020,east_heinkel,7,CRD,11:07:00 AM,11:35:00 AM,68,2,2,impatiens,Female,EUTMAC,,,
Nachusa2020_6448,9/1/2020,east_heinkel,7,CRD,11:07:00 AM,11:35:00 AM,68,2,2,impatiens,Female,EUTMAC,,,
Nachusa2020_6449,9/1/2020,east_heinkel,7,CRD,11:07:00 AM,11:35:00 AM,68,2,2,impatiens,Female,EUTMAC,,,
Nachusa2020_6450,9/1/2020,east_heinkel,7,CRD,11:07:00 AM,11:35:00 AM,68,2,2,impatiens,Female,EUTMAC,,,
Nachusa2020_6451,9/1/2020,east_heinkel,7,CRD,11:07:00 AM,11:35:00 AM,68,2,2,impatiens,Female,EUTMAC,,,
Nachusa2020_6452,9/1/2020,east_heinkel,7,CRD,11:07:00 AM,11:35:00 AM,68,2,2,impatiens,Female,EUTMAC,,,
Nachusa2020_6453,9/1/2020,east_heinkel,7,CRD,11:07:00 AM,11:35:00 AM,68,2,2,impatiens,Female,Solidago spp.,,,
Nachusa2020_6454,9/1/2020,east_heinkel,7,CRD,11:07:00 AM,11:35:00 AM,68,2,2,griseocollis,Male,HELGRO,,,
Nachusa2020_6455,9/1/2020,east_heinkel,7,CRD,11:07:00 AM,11:35:00 AM,68,2,2,griseocollis,Male,EUTMAC,,,
Nachusa2020_6456,9/1/2020,east_heinkel,7,CRD,11:07:00 AM,11:35:00 AM,68,2,2,griseocollis,Male,EUTMAC,,,
Nachusa2020_6457,9/1/2020,east_heinkel,7,CRD,11:07:00 AM,11:35:00 AM,68,2,2,impatiens,Female,SOLRID,,,
Nachusa2020_6458,9/1/2020,east_heinkel,7,CRD,11:07:00 AM,11:35:00 AM,68,2,2,impatiens,Female,CIRDIS,,,
Nachusa2020_6459,9/1/2020,east_heinkel,7,CRD,11:07:00 AM,11:35:00 AM,68,2,2,impatiens,Female,CIRDIS,,,
Nachusa2020_6460,9/1/2020,east_heinkel,7,CRD,11:07:00 AM,11:35:00 AM,68,2,2,impatiens,Female,CIRDIS,,,
Nachusa2020_6461,9/1/2020,east_heinkel,7,CRD,11:07:00 AM,11:35:00 AM,68,2,2,impatiens,Female,CIRDIS,,,
Nachusa2020_6462,9/1/2020,east_heinkel,7,CRD,11:07:00 AM,11:35:00 AM,68,2,2,impatiens,Female,CIRDIS,,,
Nachusa2020_6463,9/1/2020,east_heinkel,7,CRD,11:07:00 AM,11:35:00 AM,68,2,2,impatiens,Female,CIRDIS,,,
Nachusa2020_6464,9/1/2020,east_heinkel,7,CRD,11:07:00 AM,11:35:00 AM,68,2,2,impatiens,Female,CIRDIS,,,
Nachusa2020_6465,9/1/2020,east_heinkel,7,CRD,11:07:00 AM,11:35:00 AM,68,2,2,impatiens,Female,CIRDIS,,,
Nachusa2020_6466,9/1/2020,east_heinkel,7,CRD,11:07:00 AM,11:35:00 AM,68,2,2,impatiens,Female,CIRDIS,,,
Nachusa2020_6467,9/1/2020,east_heinkel,7,CRD,11:07:00 AM,11:35:00 AM,68,2,2,impatiens,Female,CIRDIS,,,
Nachusa2020_6468,9/1/2020,east_heinkel,7,CRD,11:07:00 AM,11:35:00 AM,68,2,2,impatiens,Female,CIRDIS,,,
Nachusa2020_6469,9/1/2020,east_heinkel,7,CRD,11:07:00 AM,11:35:00 AM,68,2,2,impatiens,Female,CIRDIS,,,
Nachusa2020_6470,9/1/2020,east_heinkel,7,CRD,11:07:00 AM,11:35:00 AM,68,2,2,impatiens,Female,CIRDIS,,,
Nachusa2020_6471,9/1/2020,east_heinkel,7,CRD,11:07:00 AM,11:35:00 AM,68,2,2,vagans,Female,CIRDIS,,,
Nachusa2020_6472,9/1/2020,east_heinkel,7,CRD,11:07:00 AM,11:35:00 AM,68,2,2,impatiens,Female,AGATEN,,,
Nachusa2020_6473,9/2/2020,leopold_knob,3,CRD,10:15:00 AM,10:36:00 AM,70,1,1,impatiens,Female,LIAASP,,,
Nachusa2020_6474,9/2/2020,leopold_knob,3,CRD,10:15:00 AM,10:36:00 AM,70,1,1,impatiens,Female,LIAASP,,,
Nachusa2020_6475,9/2/2020,leopold_knob,3,CRD,10:15:00 AM,10:36:00 AM,70,1,1,impatiens,Female,LIAASP,,,
Nachusa2020_6476,9/2/2020,leopold_knob,3,CRD,10:15:00 AM,10:36:00 AM,70,1,1,impatiens,Female,LIAASP,,,
Nachusa2020_6477,9/2/2020,leopold_knob,3,CRD,10:15:00 AM,10:36:00 AM,70,1,1,impatiens,Female,LIAASP,,,
Nachusa2020_6478,9/2/2020,leopold_knob,3,CRD,10:15:00 AM,10:36:00 AM,70,1,1,impatiens,Female,LIAASP,,,
Nachusa2020_6479,9/2/2020,leopold_knob,3,CRD,10:15:00 AM,10:36:00 AM,70,1,1,impatiens,Female,LIAASP,,,
Nachusa2020_6480,9/2/2020,leopold_knob,3,CRD,10:15:00 AM,10:36:00 AM,70,1,1,auricomus,Female,LIAASP,,,
Nachusa2020_6481,9/2/2020,leopold_knob,3,CRD,10:15:00 AM,10:36:00 AM,70,1,1,rufocinctus,Male,SOLNEM,,,
Nachusa2020_6482,9/2/2020,isabells_knob,4,CRD,11:04:00 AM,11:26:00 AM,72,1,1,impatiens,Female,CIRDIS,,,
Nachusa2020_6483,9/2/2020,isabells_knob,4,CRD,11:04:00 AM,11:26:00 AM,72,1,1,impatiens,Female,CIRDIS,,,
Nachusa2020_6484,9/2/2020,isabells_knob,4,CRD,11:04:00 AM,11:26:00 AM,72,1,1,impatiens,Female,CIRDIS,,,
Nachusa2020_6485,9/2/2020,isabells_knob,4,CRD,11:04:00 AM,11:26:00 AM,72,1,1,impatiens,Female,CIRDIS,,,
Nachusa2020_6486,9/2/2020,isabells_knob,4,CRD,11:04:00 AM,11:26:00 AM,72,1,1,impatiens,Female,CIRDIS,,,
Nachusa2020_6487,9/2/2020,isabells_knob,4,CRD,11:04:00 AM,11:26:00 AM,72,1,1,impatiens,Female,CIRDIS,,,
Nachusa2020_6488,9/2/2020,isabells_knob,4,CRD,11:04:00 AM,11:26:00 AM,72,1,1,impatiens,Male,SOLRIG,,,
Nachusa2020_6489,9/2/2020,isabells_knob,4,CRD,11:04:00 AM,11:26:00 AM,72,1,1,impatiens,Male,SOLRIG,,,
Nachusa2020_6490,9/2/2020,isabells_knob,4,CRD,11:04:00 AM,11:26:00 AM,72,1,1,impatiens,Male,SOLRIG,,,
Nachusa2020_6491,9/2/2020,isabells_knob,4,CRD,11:04:00 AM,11:26:00 AM,72,1,1,impatiens,Male,SOLRIG,,,
Nachusa2020_6492,9/2/2020,isabells_knob,4,CRD,11:04:00 AM,11:26:00 AM,72,1,1,impatiens,Female,SOLRIG,,,
Nachusa2020_6493,9/2/2020,isabells_knob,4,CRD,11:04:00 AM,11:26:00 AM,72,1,1,impatiens,Female,SOLRIG,,,
Nachusa2020_6494,9/2/2020,isabells_knob,4,CRD,11:04:00 AM,11:26:00 AM,72,1,1,impatiens,Female,SOLRIG,,,
Nachusa2020_6495,9/2/2020,isabells_knob,4,CRD,11:04:00 AM,11:26:00 AM,72,1,1,impatiens,Female,SOLRIG,,,
Nachusa2020_6496,9/2/2020,isabells_knob,4,CRD,11:04:00 AM,11:26:00 AM,72,1,1,impatiens,Female,SOLRIG,,,
Nachusa2020_6497,9/2/2020,isabells_knob,4,CRD,11:04:00 AM,11:26:00 AM,72,1,1,impatiens,Female,SOLRIG,,,
Nachusa2020_6498,9/2/2020,isabells_knob,4,CRD,11:04:00 AM,11:26:00 AM,72,1,1,impatiens,Female,SOLRIG,,,
Nachusa2020_6499,9/2/2020,isabells_knob,4,CRD,11:04:00 AM,11:26:00 AM,72,1,1,impatiens,Female,SOLRIG,,,
Nachusa2020_6500,9/2/2020,isabells_knob,4,CRD,11:04:00 AM,11:26:00 AM,72,1,1,impatiens,Female,SOLRIG,,,
Nachusa2020_6501,9/2/2020,isabells_knob,4,CRD,11:04:00 AM,11:26:00 AM,72,1,1,impatiens,Female,SOLRIG,,,
Nachusa2020_6502,9/2/2020,eight_oaks,4,CRD,11:56:00 AM,12:17:00 AM,75,1,1,impatiens,Female,SOLRIG,,,
Nachusa2020_6503,9/2/2020,eight_oaks,4,CRD,11:56:00 AM,12:17:00 AM,75,1,1,impatiens,Female,SOLRIG,,,
Nachusa2020_6504,9/2/2020,eight_oaks,4,CRD,11:56:00 AM,12:17:00 AM,75,1,1,impatiens,Female,SOLRIG,,,
Nachusa2020_6505,9/2/2020,eight_oaks,4,CRD,11:56:00 AM,12:17:00 AM,75,1,1,impatiens,Female,SOLRIG,,,
Nachusa2020_6506,9/2/2020,eight_oaks,4,CRD,11:56:00 AM,12:17:00 AM,75,1,1,impatiens,Female,SOLRIG,,,
Nachusa2020_6507,9/2/2020,eight_oaks,4,CRD,11:56:00 AM,12:17:00 AM,75,1,1,impatiens,Female,SOLRIG,,,
Nachusa2020_6508,9/2/2020,eight_oaks,4,CRD,11:56:00 AM,12:17:00 AM,75,1,1,vagans,Female,CIRDIS,,,
Nachusa2020_6509,9/2/2020,eight_oaks,4,CRD,11:56:00 AM,12:17:00 AM,75,1,1,fervidus,unknown,CIRDIS,,,
Nachusa2020_6510,9/2/2020,holland_prairie_east,9,CRD,1:55:00 PM,2:15:00 PM,83,1,1,impatiens,Female,HELGRO,,,
Nachusa2020_6511,9/2/2020,holland_prairie_east,9,CRD,1:55:00 PM,2:15:00 PM,83,1,1,impatiens,Female,HELGRO,,,
Nachusa2020_6512,9/2/2020,holland_prairie_east,9,CRD,1:55:00 PM,2:15:00 PM,83,1,1,impatiens,Female,HELAUT,,,
Nachusa2020_6513,9/2/2020,holland_prairie_east,9,CRD,1:55:00 PM,2:15:00 PM,83,1,1,impatiens,Female,HELAUT,,,
Nachusa2020_6514,9/2/2020,holland_prairie_east,9,CRD,1:55:00 PM,2:15:00 PM,83,1,1,impatiens,Female,HELAUT,,,
Nachusa2020_6515,9/2/2020,holland_prairie_east,9,CRD,1:55:00 PM,2:15:00 PM,83,1,1,impatiens,Female,HELAUT,,,
Nachusa2020_6516,9/2/2020,holland_prairie_east,9,CRD,1:55:00 PM,2:15:00 PM,83,1,1,impatiens,Female,HELAUT,,,
Nachusa2020_6517,9/2/2020,holland_prairie_east,9,CRD,1:55:00 PM,2:15:00 PM,83,1,1,impatiens,Female,HELAUT,,,
Nachusa2020_6518,9/2/2020,holland_prairie_east,9,CRD,1:55:00 PM,2:15:00 PM,83,1,1,impatiens,Female,HELAUT,,,
Nachusa2020_6519,9/2/2020,holland_prairie_east,9,CRD,1:55:00 PM,2:15:00 PM,83,1,1,impatiens,Female,HELAUT,,,
Nachusa2020_6520,9/2/2020,holland_prairie_east,9,CRD,1:55:00 PM,2:15:00 PM,83,1,1,impatiens,Female,HELAUT,,,
Nachusa2020_6521,9/2/2020,holland_prairie_east,9,CRD,1:55:00 PM,2:15:00 PM,83,1,1,impatiens,Female,HELAUT,,,
Nachusa2020_6522,9/2/2020,holland_prairie_east,9,CRD,1:55:00 PM,2:15:00 PM,83,1,1,impatiens,Female,HELAUT,,,
Nachusa2020_6523,9/2/2020,holland_prairie_east,9,CRD,1:55:00 PM,2:15:00 PM,83,1,1,impatiens,Female,EUTGRA,,,
Nachusa2020_6524,9/2/2020,holland_prairie_east,9,CRD,1:55:00 PM,2:15:00 PM,83,1,1,impatiens,Male,HELAUT,,,
Nachusa2020_6525,9/2/2020,holland_prairie_east,9,CRD,1:55:00 PM,2:15:00 PM,83,1,1,impatiens,Female,Bidens spp.,,,
Nachusa2020_6526,9/2/2020,holland_prairie_east,9,CRD,1:55:00 PM,2:15:00 PM,83,1,1,impatiens,Female,PEDCAN,,,
Nachusa2020_6527,9/2/2020,holland_prairie_east,9,CRD,1:55:00 PM,2:15:00 PM,83,1,1,rufocinctus,Male,HELAUT,,,
Nachusa2020_6528,9/2/2020,holland_prairie_east,9,CRD,1:55:00 PM,2:15:00 PM,83,1,1,rufocinctus,Female,EUTMAC,,,
Nachusa2020_6529,9/3/2020,gobbler_ridge,6,CRD,9:32:00 AM,9:52:00 AM,73,1,1,impatiens,Female,LIAASP,,,
Nachusa2020_6530,9/3/2020,gobbler_ridge,6,CRD,9:32:00 AM,9:52:00 AM,73,1,1,impatiens,Female,LIAASP,,,
Nachusa2020_6531,9/3/2020,gobbler_ridge,6,CRD,9:32:00 AM,9:52:00 AM,73,1,1,impatiens,Female,LIAASP,,,
Nachusa2020_6532,9/3/2020,gobbler_ridge,6,CRD,9:32:00 AM,9:52:00 AM,73,1,1,impatiens,Female,LIAASP,,,
Nachusa2020_6533,9/3/2020,sengers,6,CRD,10:30:00 AM,10:51:00 AM,79,1,1,impatiens,Female,SOLRIG,,,
Nachusa2020_6534,9/3/2020,sengers,6,CRD,10:30:00 AM,10:51:00 AM,79,1,1,impatiens,Female,SOLRIG,,,
Nachusa2020_6535,9/3/2020,sengers,6,CRD,10:30:00 AM,10:51:00 AM,79,1,1,impatiens,Female,SOLRIG,,,
Nachusa2020_6536,9/3/2020,sengers,6,CRD,10:30:00 AM,10:51:00 AM,79,1,1,impatiens,Female,SOLRIG,,,
Nachusa2020_6537,9/3/2020,sengers,6,CRD,10:30:00 AM,10:51:00 AM,79,1,1,pensylvanicus,Male,CIRDIS,,,
Nachusa2020_6538,9/3/2020,sengers,6,CRD,10:30:00 AM,10:51:00 AM,79,1,1,fervidus,Female,CIRDIS,,,
Nachusa2020_6539,9/3/2020,sengers,6,CRD,10:30:00 AM,10:51:00 AM,79,1,1,auricomus,Female,CIRDIS,,,
Nachusa2020_6540,9/3/2020,sengers,6,CRD,10:30:00 AM,10:51:00 AM,79,1,1,pensylvanicus,Male,LIAASP,,,
Nachusa2020_6541,9/4/2020,rolling_thunder,7,CRD; SRG,10:48:00 AM,11:27:00 AM,69,1,1,impatiens,Female,CIRDIS,,,
Nachusa2020_6542,9/4/2020,rolling_thunder,7,CRD; SRG,10:48:00 AM,11:27:00 AM,69,1,1,impatiens,Female,CIRDIS,,,
Nachusa2020_6543,9/4/2020,rolling_thunder,7,CRD; SRG,10:48:00 AM,11:27:00 AM,69,1,1,impatiens,Female,CIRDIS,,,
Nachusa2020_6544,9/4/2020,rolling_thunder,7,CRD; SRG,10:48:00 AM,11:27:00 AM,69,1,1,impatiens,Female,CIRDIS,,,
Nachusa2020_6545,9/4/2020,rolling_thunder,7,CRD; SRG,10:48:00 AM,11:27:00 AM,69,1,1,impatiens,Female,CIRDIS,,,
Nachusa2020_6546,9/4/2020,rolling_thunder,7,CRD; SRG,10:48:00 AM,11:27:00 AM,69,1,1,impatiens,Female,CIRDIS,,,
Nachusa2020_6547,9/4/2020,rolling_thunder,7,CRD; SRG,10:48:00 AM,11:27:00 AM,69,1,1,impatiens,Female,CIRDIS,,,
Nachusa2020_6548,9/4/2020,rolling_thunder,7,CRD; SRG,10:48:00 AM,11:27:00 AM,69,1,1,impatiens,Female,CIRDIS,,,
Nachusa2020_6549,9/4/2020,rolling_thunder,7,CRD; SRG,10:48:00 AM,11:27:00 AM,69,1,1,impatiens,Female,CIRDIS,,,
Nachusa2020_6550,9/4/2020,rolling_thunder,7,CRD; SRG,10:48:00 AM,11:27:00 AM,69,1,1,impatiens,Female,CIRDIS,,,
Nachusa2020_6551,9/4/2020,rolling_thunder,7,CRD; SRG,10:48:00 AM,11:27:00 AM,69,1,1,impatiens,Female,CIRDIS,,,
Nachusa2020_6552,9/4/2020,rolling_thunder,7,CRD; SRG,10:48:00 AM,11:27:00 AM,69,1,1,impatiens,Female,CIRDIS,,,
Nachusa2020_6553,9/4/2020,rolling_thunder,7,CRD; SRG,10:48:00 AM,11:27:00 AM,69,1,1,impatiens,Female,CIRDIS,,,
Nachusa2020_6554,9/4/2020,rolling_thunder,7,CRD; SRG,10:48:00 AM,11:27:00 AM,69,1,1,impatiens,Female,CIRDIS,,,
Nachusa2020_6555,9/4/2020,rolling_thunder,7,CRD; SRG,10:48:00 AM,11:27:00 AM,69,1,1,impatiens,Female,CIRDIS,,,
Nachusa2020_6556,9/4/2020,rolling_thunder,7,CRD; SRG,10:48:00 AM,11:27:00 AM,69,1,1,impatiens,Female,CIRDIS,,,
Nachusa2020_6557,9/4/2020,rolling_thunder,7,CRD; SRG,10:48:00 AM,11:27:00 AM,69,1,1,impatiens,Female,CIRDIS,,,
Nachusa2020_6558,9/4/2020,rolling_thunder,7,CRD; SRG,10:48:00 AM,11:27:00 AM,69,1,1,impatiens,Female,CIRDIS,,,
Nachusa2020_6559,9/4/2020,rolling_thunder,7,CRD; SRG,10:48:00 AM,11:27:00 AM,69,1,1,impatiens,Female,CIRDIS,,,
Nachusa2020_6560,9/4/2020,rolling_thunder,7,CRD; SRG,10:48:00 AM,11:27:00 AM,69,1,1,impatiens,Female,CIRDIS,,,
Nachusa2020_6561,9/4/2020,rolling_thunder,7,CRD; SRG,10:48:00 AM,11:27:00 AM,69,1,1,impatiens,Female,CIRDIS,,,
Nachusa2020_6562,9/4/2020,rolling_thunder,7,CRD; SRG,10:48:00 AM,11:27:00 AM,69,1,1,impatiens,Female,CIRDIS,,,
Nachusa2020_6563,9/4/2020,rolling_thunder,7,CRD; SRG,10:48:00 AM,11:27:00 AM,69,1,1,impatiens,Female,CIRDIS,,,
Nachusa2020_6564,9/4/2020,rolling_thunder,7,CRD; SRG,10:48:00 AM,11:27:00 AM,69,1,1,impatiens,Female,CIRDIS,,,
Nachusa2020_6565,9/4/2020,rolling_thunder,7,CRD; SRG,10:48:00 AM,11:27:00 AM,69,1,1,impatiens,Female,CIRDIS,,,
Nachusa2020_6566,9/4/2020,rolling_thunder,7,CRD; SRG,10:48:00 AM,11:27:00 AM,69,1,1,impatiens,Female,CIRDIS,,,
Nachusa2020_6567,9/4/2020,rolling_thunder,7,CRD; SRG,10:48:00 AM,11:27:00 AM,69,1,1,impatiens,Female,CIRDIS,,,
Nachusa2020_6568,9/4/2020,rolling_thunder,7,CRD; SRG,10:48:00 AM,11:27:00 AM,69,1,1,impatiens,Female,CIRDIS,,,
Nachusa2020_6569,9/4/2020,rolling_thunder,7,CRD; SRG,10:48:00 AM,11:27:00 AM,69,1,1,impatiens,Female,CIRDIS,,,
Nachusa2020_6570,9/4/2020,rolling_thunder,7,CRD; SRG,10:48:00 AM,11:27:00 AM,69,1,1,impatiens,Female,CIRDIS,,,
Nachusa2020_6571,9/4/2020,rolling_thunder,7,CRD; SRG,10:48:00 AM,11:27:00 AM,69,1,1,impatiens,Female,CIRDIS,,,
Nachusa2020_6572,9/4/2020,rolling_thunder,7,CRD; SRG,10:48:00 AM,11:27:00 AM,69,1,1,impatiens,Female,CIRDIS,,,
Nachusa2020_6573,9/4/2020,rolling_thunder,7,CRD; SRG,10:48:00 AM,11:27:00 AM,69,1,1,impatiens,Female,CIRDIS,,,
Nachusa2020_6574,9/4/2020,rolling_thunder,7,CRD; SRG,10:48:00 AM,11:27:00 AM,69,1,1,impatiens,Female,CIRDIS,,,
Nachusa2020_6575,9/4/2020,rolling_thunder,7,CRD; SRG,10:48:00 AM,11:27:00 AM,69,1,1,impatiens,Female,CIRDIS,,,
Nachusa2020_6576,9/4/2020,rolling_thunder,7,CRD; SRG,10:48:00 AM,11:27:00 AM,69,1,1,impatiens,Female,CIRDIS,,,
Nachusa2020_6577,9/4/2020,rolling_thunder,7,CRD; SRG,10:48:00 AM,11:27:00 AM,69,1,1,impatiens,Female,CIRDIS,,,
Nachusa2020_6578,9/4/2020,rolling_thunder,7,CRD; SRG,10:48:00 AM,11:27:00 AM,69,1,1,impatiens,Female,CIRDIS,,,
Nachusa2020_6579,9/4/2020,rolling_thunder,7,CRD; SRG,10:48:00 AM,11:27:00 AM,69,1,1,impatiens,Female,CIRDIS,,,
Nachusa2020_6580,9/4/2020,rolling_thunder,7,CRD; SRG,10:48:00 AM,11:27:00 AM,69,1,1,impatiens,Female,CIRDIS,,,
Nachusa2020_6581,9/4/2020,rolling_thunder,7,CRD; SRG,10:48:00 AM,11:27:00 AM,69,1,1,impatiens,Female,CIRDIS,,,
Nachusa2020_6582,9/4/2020,rolling_thunder,7,CRD; SRG,10:48:00 AM,11:27:00 AM,69,1,1,impatiens,Female,CIRDIS,,,
Nachusa2020_6583,9/4/2020,rolling_thunder,7,CRD; SRG,10:48:00 AM,11:27:00 AM,69,1,1,impatiens,Female,CIRDIS,,,
Nachusa2020_6584,9/4/2020,rolling_thunder,7,CRD; SRG,10:48:00 AM,11:27:00 AM,69,1,1,impatiens,Female,CIRDIS,,,
Nachusa2020_6585,9/4/2020,rolling_thunder,7,CRD; SRG,10:48:00 AM,11:27:00 AM,69,1,1,impatiens,Female,CIRDIS,,,
Nachusa2020_6586,9/4/2020,rolling_thunder,7,CRD; SRG,10:48:00 AM,11:27:00 AM,69,1,1,impatiens,Female,CIRDIS,,,
Nachusa2020_6587,9/4/2020,rolling_thunder,7,CRD; SRG,10:48:00 AM,11:27:00 AM,69,1,1,impatiens,Female,CIRDIS,,,
Nachusa2020_6588,9/4/2020,rolling_thunder,7,CRD; SRG,10:48:00 AM,11:27:00 AM,69,1,1,impatiens,Female,CIRDIS,,,
Nachusa2020_6589,9/4/2020,rolling_thunder,7,CRD; SRG,10:48:00 AM,11:27:00 AM,69,1,1,impatiens,Female,CIRDIS,,,
Nachusa2020_6590,9/4/2020,rolling_thunder,7,CRD; SRG,10:48:00 AM,11:27:00 AM,69,1,1,impatiens,Female,CIRDIS,,,
Nachusa2020_6591,9/4/2020,rolling_thunder,7,CRD; SRG,10:48:00 AM,11:27:00 AM,69,1,1,impatiens,Female,CIRDIS,,,
Nachusa2020_6592,9/4/2020,rolling_thunder,7,CRD; SRG,10:48:00 AM,11:27:00 AM,69,1,1,impatiens,Female,CIRDIS,,,
Nachusa2020_6593,9/4/2020,rolling_thunder,7,CRD; SRG,10:48:00 AM,11:27:00 AM,69,1,1,impatiens,Female,CIRDIS,,,
Nachusa2020_6594,9/4/2020,rolling_thunder,7,CRD; SRG,10:48:00 AM,11:27:00 AM,69,1,1,impatiens,Female,CIRDIS,,,
Nachusa2020_6595,9/4/2020,rolling_thunder,7,CRD; SRG,10:48:00 AM,11:27:00 AM,69,1,1,impatiens,Female,CIRDIS,,,
Nachusa2020_6596,9/4/2020,rolling_thunder,7,CRD; SRG,10:48:00 AM,11:27:00 AM,69,1,1,impatiens,Female,CIRDIS,,,
Nachusa2020_6597,9/4/2020,rolling_thunder,7,CRD; SRG,10:48:00 AM,11:27:00 AM,69,1,1,impatiens,Female,CIRDIS,,,
Nachusa2020_6598,9/4/2020,rolling_thunder,7,CRD; SRG,10:48:00 AM,11:27:00 AM,69,1,1,impatiens,Female,CIRDIS,,,
Nachusa2020_6599,9/4/2020,rolling_thunder,7,CRD; SRG,10:48:00 AM,11:27:00 AM,69,1,1,impatiens,Female,CIRDIS,,,
Nachusa2020_6600,9/4/2020,rolling_thunder,7,CRD; SRG,10:48:00 AM,11:27:00 AM,69,1,1,impatiens,Female,CIRDIS,,,
Nachusa2020_6601,9/4/2020,rolling_thunder,7,CRD; SRG,10:48:00 AM,11:27:00 AM,69,1,1,impatiens,Female,CIRDIS,,,
Nachusa2020_6602,9/4/2020,rolling_thunder,7,CRD; SRG,10:48:00 AM,11:27:00 AM,69,1,1,auricomus,Female,CIRDIS,,,
Nachusa2020_6603,9/4/2020,rolling_thunder,7,CRD; SRG,10:48:00 AM,11:27:00 AM,69,1,1,impatiens,Female,SOLRIG,,,
Nachusa2020_6604,9/4/2020,rolling_thunder,7,CRD; SRG,10:48:00 AM,11:27:00 AM,69,1,1,griseocollis,Female,CIRDIS,,,
Nachusa2020_6605,9/4/2020,rolling_thunder,7,CRD; SRG,10:48:00 AM,11:27:00 AM,69,1,1,griseocollis,Female,CIRDIS,,,
Nachusa2020_6606,9/4/2020,rolling_thunder,7,CRD; SRG,10:48:00 AM,11:27:00 AM,69,1,1,griseocollis,Female,CIRDIS,,,
Nachusa2020_6607,9/4/2020,rolling_thunder,7,CRD; SRG,10:48:00 AM,11:27:00 AM,69,1,1,griseocollis,Female,CIRDIS,,,
Nachusa2020_6608,9/4/2020,rolling_thunder,7,CRD; SRG,10:48:00 AM,11:27:00 AM,69,1,1,griseocollis,Female,CIRDIS,,,
Nachusa2020_6609,9/4/2020,rolling_thunder,7,CRD; SRG,10:48:00 AM,11:27:00 AM,69,1,1,griseocollis,Female,CIRDIS,,,
Nachusa2020_6610,9/4/2020,rolling_thunder,7,CRD; SRG,10:48:00 AM,11:27:00 AM,69,1,1,griseocollis,Female,CIRDIS,,,
Nachusa2020_6611,9/4/2020,rolling_thunder,7,CRD; SRG,10:48:00 AM,11:27:00 AM,69,1,1,griseocollis,Female,CIRDIS,,,
Nachusa2020_6612,9/4/2020,rolling_thunder,7,CRD; SRG,10:48:00 AM,11:27:00 AM,69,1,1,griseocollis,Female,CIRDIS,,,
Nachusa2020_6613,9/4/2020,rolling_thunder,7,CRD; SRG,10:48:00 AM,11:27:00 AM,69,1,1,griseocollis,Female,CIRDIS,,,
Nachusa2020_6614,9/4/2020,rolling_thunder,7,CRD; SRG,10:48:00 AM,11:27:00 AM,69,1,1,griseocollis,Female,CIRDIS,,,
Nachusa2020_6615,9/4/2020,rolling_thunder,7,CRD; SRG,10:48:00 AM,11:27:00 AM,69,1,1,impatiens,Female,CIRDIS,,,
Nachusa2020_6616,9/4/2020,rolling_thunder,7,CRD; SRG,10:48:00 AM,11:27:00 AM,69,1,1,impatiens,Female,CIRDIS,,,
Nachusa2020_6617,9/4/2020,rolling_thunder,7,CRD; SRG,10:48:00 AM,11:27:00 AM,69,1,1,impatiens,Female,CIRDIS,,,
Nachusa2020_6618,9/4/2020,rolling_thunder,7,CRD; SRG,10:48:00 AM,11:27:00 AM,69,1,1,impatiens,Female,CIRDIS,,,
Nachusa2020_6619,9/4/2020,rolling_thunder,7,CRD; SRG,10:48:00 AM,11:27:00 AM,69,1,1,impatiens,Female,CIRDIS,,,
Nachusa2020_6620,9/4/2020,rolling_thunder,7,CRD; SRG,10:48:00 AM,11:27:00 AM,69,1,1,impatiens,Female,CIRDIS,,,
Nachusa2020_6621,9/4/2020,rolling_thunder,7,CRD; SRG,10:48:00 AM,11:27:00 AM,69,1,1,impatiens,Female,CIRDIS,,,
Nachusa2020_6622,9/4/2020,rolling_thunder,7,CRD; SRG,10:48:00 AM,11:27:00 AM,69,1,1,impatiens,Female,CIRDIS,,,
Nachusa2020_6623,9/4/2020,rolling_thunder,7,CRD; SRG,10:48:00 AM,11:27:00 AM,69,1,1,impatiens,Female,CIRDIS,,,
Nachusa2020_6624,9/4/2020,rolling_thunder,7,CRD; SRG,10:48:00 AM,11:27:00 AM,69,1,1,impatiens,Female,CIRDIS,,,
Nachusa2020_6625,9/4/2020,rolling_thunder,7,CRD; SRG,10:48:00 AM,11:27:00 AM,69,1,1,impatiens,Female,CIRDIS,,,
Nachusa2020_6626,9/4/2020,rolling_thunder,7,CRD; SRG,10:48:00 AM,11:27:00 AM,69,1,1,impatiens,Female,CIRDIS,,,
Nachusa2020_6627,9/4/2020,rolling_thunder,7,CRD; SRG,10:48:00 AM,11:27:00 AM,69,1,1,impatiens,Female,CIRDIS,,,
Nachusa2020_6628,9/4/2020,rolling_thunder,7,CRD; SRG,10:48:00 AM,11:27:00 AM,69,1,1,impatiens,Female,CIRDIS,,,
Nachusa2020_6629,9/4/2020,rolling_thunder,7,CRD; SRG,10:48:00 AM,11:27:00 AM,69,1,1,impatiens,Female,CIRDIS,,,
Nachusa2020_6630,9/4/2020,rolling_thunder,7,CRD; SRG,10:48:00 AM,11:27:00 AM,69,1,1,impatiens,Female,CIRDIS,,,
Nachusa2020_6631,9/4/2020,rolling_thunder,7,CRD; SRG,10:48:00 AM,11:27:00 AM,69,1,1,impatiens,Female,CIRDIS,,,
Nachusa2020_6632,9/4/2020,rolling_thunder,7,CRD; SRG,10:48:00 AM,11:27:00 AM,69,1,1,impatiens,Female,CIRDIS,,,
Nachusa2020_6633,9/4/2020,rolling_thunder,7,CRD; SRG,10:48:00 AM,11:27:00 AM,69,1,1,impatiens,Female,CIRDIS,,,
Nachusa2020_6634,9/4/2020,rolling_thunder,7,CRD; SRG,10:48:00 AM,11:27:00 AM,69,1,1,impatiens,Female,CIRDIS,,,
Nachusa2020_6635,9/4/2020,rolling_thunder,7,CRD; SRG,10:48:00 AM,11:27:00 AM,69,1,1,impatiens,Female,CIRDIS,,,
Nachusa2020_6636,9/4/2020,rolling_thunder,7,CRD; SRG,10:48:00 AM,11:27:00 AM,69,1,1,impatiens,Female,CIRDIS,,,
Nachusa2020_6637,9/4/2020,rolling_thunder,7,CRD; SRG,10:48:00 AM,11:27:00 AM,69,1,1,impatiens,Female,CIRDIS,,,
Nachusa2020_6638,9/4/2020,rolling_thunder,7,CRD; SRG,10:48:00 AM,11:27:00 AM,69,1,1,impatiens,Female,CIRDIS,,,
Nachusa2020_6639,9/4/2020,rolling_thunder,7,CRD; SRG,10:48:00 AM,11:27:00 AM,69,1,1,impatiens,Female,CIRDIS,,,
Nachusa2020_6640,9/4/2020,rolling_thunder,7,CRD; SRG,10:48:00 AM,11:27:00 AM,69,1,1,impatiens,Female,CIRDIS,,,
Nachusa2020_6641,9/4/2020,rolling_thunder,7,CRD; SRG,10:48:00 AM,11:27:00 AM,69,1,1,impatiens,Female,CIRDIS,,,
Nachusa2020_6642,9/4/2020,rolling_thunder,7,CRD; SRG,10:48:00 AM,11:27:00 AM,69,1,1,impatiens,Female,CIRDIS,,,
Nachusa2020_6643,9/4/2020,rolling_thunder,7,CRD; SRG,10:48:00 AM,11:27:00 AM,69,1,1,impatiens,Female,CIRDIS,,,
Nachusa2020_6644,9/4/2020,rolling_thunder,7,CRD; SRG,10:48:00 AM,11:27:00 AM,69,1,1,impatiens,Female,CIRDIS,,,
Nachusa2020_6645,9/4/2020,rolling_thunder,7,CRD; SRG,10:48:00 AM,11:27:00 AM,69,1,1,impatiens,Female,CIRDIS,,,
Nachusa2020_6646,9/4/2020,rolling_thunder,7,CRD; SRG,10:48:00 AM,11:27:00 AM,69,1,1,impatiens,Female,CIRDIS,,,
Nachusa2020_6647,9/4/2020,rolling_thunder,7,CRD; SRG,10:48:00 AM,11:27:00 AM,69,1,1,impatiens,Female,CIRDIS,,,
Nachusa2020_6648,9/4/2020,rolling_thunder,7,CRD; SRG,10:48:00 AM,11:27:00 AM,69,1,1,impatiens,Female,CIRDIS,,,
Nachusa2020_6649,9/4/2020,rolling_thunder,7,CRD; SRG,10:48:00 AM,11:27:00 AM,69,1,1,impatiens,Female,CIRDIS,,,
Nachusa2020_6650,9/4/2020,rolling_thunder,7,CRD; SRG,10:48:00 AM,11:27:00 AM,69,1,1,impatiens,Female,CIRDIS,,,
Nachusa2020_6651,9/4/2020,rolling_thunder,7,CRD; SRG,10:48:00 AM,11:27:00 AM,69,1,1,impatiens,Female,CIRDIS,,,
Nachusa2020_6652,9/4/2020,rolling_thunder,7,CRD; SRG,10:48:00 AM,11:27:00 AM,69,1,1,impatiens,Female,CIRDIS,,,
Nachusa2020_6653,9/4/2020,rolling_thunder,7,CRD; SRG,10:48:00 AM,11:27:00 AM,69,1,1,impatiens,Female,CIRDIS,,,
Nachusa2020_6654,9/4/2020,rolling_thunder,7,CRD; SRG,10:48:00 AM,11:27:00 AM,69,1,1,impatiens,Female,CIRDIS,,,
Nachusa2020_6655,9/4/2020,rolling_thunder,7,CRD; SRG,10:48:00 AM,11:27:00 AM,69,1,1,impatiens,Female,CIRDIS,,,
Nachusa2020_6656,9/4/2020,rolling_thunder,7,CRD; SRG,10:48:00 AM,11:27:00 AM,69,1,1,impatiens,Female,CIRDIS,,,
Nachusa2020_6657,9/4/2020,rolling_thunder,7,CRD; SRG,10:48:00 AM,11:27:00 AM,69,1,1,impatiens,Female,CIRDIS,,,
Nachusa2020_6658,9/4/2020,rolling_thunder,7,CRD; SRG,10:48:00 AM,11:27:00 AM,69,1,1,impatiens,Female,CIRDIS,,,
Nachusa2020_6659,9/4/2020,rolling_thunder,7,CRD; SRG,10:48:00 AM,11:27:00 AM,69,1,1,impatiens,Female,CIRDIS,,,
Nachusa2020_6660,9/4/2020,rolling_thunder,7,CRD; SRG,10:48:00 AM,11:27:00 AM,69,1,1,impatiens,Female,CIRDIS,,,
Nachusa2020_6661,9/4/2020,rolling_thunder,7,CRD; SRG,10:48:00 AM,11:27:00 AM,69,1,1,impatiens,Female,CIRDIS,,,
Nachusa2020_6662,9/4/2020,rolling_thunder,7,CRD; SRG,10:48:00 AM,11:27:00 AM,69,1,1,impatiens,Female,CIRDIS,,,
Nachusa2020_6663,9/4/2020,rolling_thunder,7,CRD; SRG,10:48:00 AM,11:27:00 AM,69,1,1,impatiens,Female,CIRDIS,,,
Nachusa2020_6664,9/4/2020,rolling_thunder,7,CRD; SRG,10:48:00 AM,11:27:00 AM,69,1,1,impatiens,Female,CIRDIS,,,
Nachusa2020_6665,9/4/2020,rolling_thunder,7,CRD; SRG,10:48:00 AM,11:27:00 AM,69,1,1,impatiens,Female,CIRDIS,,,
Nachusa2020_6666,9/4/2020,rolling_thunder,7,CRD; SRG,10:48:00 AM,11:27:00 AM,69,1,1,impatiens,Female,CIRDIS,,,
Nachusa2020_6667,9/4/2020,rolling_thunder,7,CRD; SRG,10:48:00 AM,11:27:00 AM,69,1,1,impatiens,Female,CIRDIS,,,
Nachusa2020_6668,9/4/2020,rolling_thunder,7,CRD; SRG,10:48:00 AM,11:27:00 AM,69,1,1,impatiens,Female,CIRDIS,,,
Nachusa2020_6669,9/4/2020,rolling_thunder,7,CRD; SRG,10:48:00 AM,11:27:00 AM,69,1,1,impatiens,Female,CIRDIS,,,
Nachusa2020_6670,9/4/2020,rolling_thunder,7,CRD; SRG,10:48:00 AM,11:27:00 AM,69,1,1,impatiens,Female,CIRDIS,,,
Nachusa2020_6671,9/4/2020,rolling_thunder,7,CRD; SRG,10:48:00 AM,11:27:00 AM,69,1,1,impatiens,Female,CIRDIS,,,
Nachusa2020_6672,9/4/2020,rolling_thunder,7,CRD; SRG,10:48:00 AM,11:27:00 AM,69,1,1,impatiens,Female,CIRDIS,,,
Nachusa2020_6673,9/4/2020,rolling_thunder,7,CRD; SRG,10:48:00 AM,11:27:00 AM,69,1,1,impatiens,Female,CIRDIS,,,
Nachusa2020_6674,9/4/2020,rolling_thunder,7,CRD; SRG,10:48:00 AM,11:27:00 AM,69,1,1,impatiens,Female,CIRDIS,,,
Nachusa2020_6675,9/4/2020,rolling_thunder,7,CRD; SRG,10:48:00 AM,11:27:00 AM,69,1,1,impatiens,Female,CIRDIS,,,
Nachusa2020_6676,9/4/2020,rolling_thunder,7,CRD; SRG,10:48:00 AM,11:27:00 AM,69,1,1,impatiens,Female,CIRDIS,,,
Nachusa2020_6677,9/4/2020,rolling_thunder,7,CRD; SRG,10:48:00 AM,11:27:00 AM,69,1,1,impatiens,Female,CIRDIS,,,
Nachusa2020_6678,9/4/2020,rolling_thunder,7,CRD; SRG,10:48:00 AM,11:27:00 AM,69,1,1,impatiens,Female,CIRDIS,,,
Nachusa2020_6679,9/4/2020,rolling_thunder,7,CRD; SRG,10:48:00 AM,11:27:00 AM,69,1,1,impatiens,Female,CIRDIS,,,
Nachusa2020_6680,9/4/2020,rolling_thunder,7,CRD; SRG,10:48:00 AM,11:27:00 AM,69,1,1,auricomus,Female,CIRDIS,,,
Nachusa2020_6681,9/4/2020,rolling_thunder,7,CRD; SRG,10:48:00 AM,11:27:00 AM,69,1,1,fervidus,Female,CIRDIS,,,
Nachusa2020_6682,9/4/2020,rolling_thunder,7,CRD; SRG,10:48:00 AM,11:27:00 AM,69,1,1,impatiens,Female,SOLCAN,,,
Nachusa2020_6683,9/4/2020,rolling_thunder,7,CRD; SRG,10:48:00 AM,11:27:00 AM,69,1,1,Bombus sp.,Female,CIRDIS,,,
Nachusa2020_6684,9/4/2020,rolling_thunder,7,CRD; SRG,10:48:00 AM,11:27:00 AM,69,1,1,rufocinctus,Female,CIRDIS,,,
Nachusa2020_6685,9/4/2020,rolling_thunder,7,CRD; SRG,10:48:00 AM,11:27:00 AM,69,1,1,auricomus,Female,CIRDIS,,,
Nachusa2020_6686,9/4/2020,rolling_thunder,7,CRD; SRG,10:48:00 AM,11:27:00 AM,69,1,1,fervidus,Female,CIRDIS,,,
Nachusa2020_6687,9/4/2020,rolling_thunder,7,CRD; SRG,10:48:00 AM,11:27:00 AM,69,1,1,fervidus,Female,CIRDIS,,,
Nachusa2020_6688,9/4/2020,rolling_thunder,7,CRD; SRG,10:48:00 AM,11:27:00 AM,69,1,1,auricomus,Female,CIRDIS,,,
Nachusa2020_6689,9/4/2020,rolling_thunder,7,CRD; SRG,10:48:00 AM,11:27:00 AM,69,1,1,pensylvanicus,Female,CIRDIS,,,
Nachusa2020_6690,9/4/2020,sengers,7,CRD,1:56:00 PM,2:17:00 PM,77,1,1,impatiens,Female,EUTGRA,,,
Nachusa2020_6691,9/4/2020,sengers,7,CRD,1:56:00 PM,2:17:00 PM,77,1,1,rufocinctus,Male,SOLRIG,,,
Nachusa2020_6692,9/4/2020,sengers,7,CRD,1:56:00 PM,2:17:00 PM,77,1,1,impatiens,Female,SOLRIG,,,
Nachusa2020_6693,9/4/2020,sengers,7,CRD,1:56:00 PM,2:17:00 PM,77,1,1,impatiens,Female,SOLRIG,,,
Nachusa2020_6694,9/4/2020,sengers,7,CRD,1:56:00 PM,2:17:00 PM,77,1,1,impatiens,Female,SOLRIG,,,
Nachusa2020_6695,9/4/2020,sengers,7,CRD,1:56:00 PM,2:17:00 PM,77,1,1,fervidus,Female,CIRDIS,,,
Nachusa2020_6696,9/4/2020,sengers,7,CRD,1:56:00 PM,2:17:00 PM,77,1,1,fervidus,Female,CIRDIS,,,
Nachusa2020_6697,9/4/2020,sengers,7,CRD,1:56:00 PM,2:17:00 PM,77,1,1,vagans,Female,CIRDIS,,,
Nachusa2020_6698,9/4/2020,sengers,7,CRD,1:56:00 PM,2:17:00 PM,77,1,1,vagans,Female,CIRDIS,,,
Nachusa2020_6699,9/4/2020,sengers,7,CRD,1:56:00 PM,2:17:00 PM,77,1,1,griseocollis,Male,CIRDIS,,,
Nachusa2020_6700,9/4/2020,sengers,7,CRD,1:56:00 PM,2:17:00 PM,77,1,1,griseocollis,Male,CIRDIS,,,
Nachusa2020_6701,9/4/2020,sengers,7,CRD,1:56:00 PM,2:17:00 PM,77,1,1,impatiens,Female,CIRDIS,,,
Nachusa2020_6702,9/4/2020,sengers,7,CRD,1:56:00 PM,2:17:00 PM,77,1,1,impatiens,Female,CIRDIS,,,
Nachusa2020_6703,9/4/2020,sengers,7,CRD,1:56:00 PM,2:17:00 PM,77,1,1,impatiens,impatiens,CIRDIS,,,
Nachusa2020_6704,9/4/2020,sengers,7,CRD,1:56:00 PM,2:17:00 PM,77,1,1,impatiens,Male,SOLCAN,,,
Nachusa2020_6705,9/4/2020,sengers,7,CRD,1:56:00 PM,2:17:00 PM,77,1,1,impatiens,Female,SOLCAN,,,
Nachusa2020_6706,9/4/2020,sengers,7,CRD,1:56:00 PM,2:17:00 PM,77,1,1,impatiens,Female,SOLCAN,,,
Nachusa2020_6707,9/4/2020,sengers,7,CRD,1:56:00 PM,2:17:00 PM,77,1,1,impatiens,Female,SOLCAN,,,
Nachusa2020_6708,9/13/2020,flag_lowden,5,CRD,3:23:00 PM,3:44:00 PM,73,1,1,impatiens,Female,SOLCAN,,,
Nachusa2020_6709,9/13/2020,flag_lowden,5,CRD,3:23:00 PM,3:44:00 PM,73,1,1,impatiens,Female,SOLCAN,,,
Nachusa2020_6710,9/13/2020,flag_lowden,5,CRD,3:23:00 PM,3:44:00 PM,73,1,1,impatiens,Female,SOLCAN,,,
Nachusa2020_6711,9/13/2020,flag_lowden,5,CRD,3:23:00 PM,3:44:00 PM,73,1,1,impatiens,Female,SOLCAN,,,
Nachusa2020_6712,9/13/2020,flag_lowden,5,CRD,3:23:00 PM,3:44:00 PM,73,1,1,impatiens,Female,SOLRIG,,,
Nachusa2020_6713,9/13/2020,flag_lowden,5,CRD,3:23:00 PM,3:44:00 PM,73,1,1,impatiens,Female,HELGRO,,,
Nachusa2020_6714,9/14/2020,gobbler_ridge,7,CRD,12:21:00 PM,12:41:00 PM,69,2,2,impatiens,Female,CIRDIS,,,
Nachusa2020_6715,9/14/2020,gobbler_ridge,7,CRD,12:21:00 PM,12:41:00 PM,69,2,2,impatiens,Female,CIRDIS,,,
Nachusa2020_6716,9/14/2020,gobbler_ridge,7,CRD,12:21:00 PM,12:41:00 PM,69,2,2,impatiens,Female,CIRDIS,,,
Nachusa2020_6717,9/14/2020,gobbler_ridge,7,CRD,12:21:00 PM,12:41:00 PM,69,2,2,impatiens,Female,CIRDIS,,,
Nachusa2020_6718,9/14/2020,gobbler_ridge,7,CRD,12:21:00 PM,12:41:00 PM,69,2,2,impatiens,Female,CIRDIS,,,
Nachusa2020_6719,9/14/2020,gobbler_ridge,7,CRD,12:21:00 PM,12:41:00 PM,69,2,2,impatiens,Female,CIRDIS,,,
Nachusa2020_6720,9/14/2020,gobbler_ridge,7,CRD,12:21:00 PM,12:41:00 PM,69,2,2,impatiens,Female,CIRDIS,,,
Nachusa2020_6721,9/14/2020,gobbler_ridge,7,CRD,12:21:00 PM,12:41:00 PM,69,2,2,impatiens,Female,CIRDIS,,,
Nachusa2020_6722,9/14/2020,gobbler_ridge,7,CRD,12:21:00 PM,12:41:00 PM,69,2,2,impatiens,Female,CIRDIS,,,
Nachusa2020_6723,9/14/2020,gobbler_ridge,7,CRD,12:21:00 PM,12:41:00 PM,69,2,2,impatiens,Female,CIRDIS,,,
Nachusa2020_6724,9/14/2020,gobbler_ridge,7,CRD,12:21:00 PM,12:41:00 PM,69,2,2,impatiens,Female,CIRDIS,,,
Nachusa2020_6725,9/14/2020,gobbler_ridge,7,CRD,12:21:00 PM,12:41:00 PM,69,2,2,impatiens,Female,CIRDIS,,,
Nachusa2020_6726,9/14/2020,gobbler_ridge,7,CRD,12:21:00 PM,12:41:00 PM,69,2,2,impatiens,Female,CIRDIS,,,
Nachusa2020_6727,9/14/2020,gobbler_ridge,7,CRD,12:21:00 PM,12:41:00 PM,69,2,2,auri/pens,Female,CIRDIS,,,
Nachusa2020_6728,9/14/2020,gobbler_ridge,7,CRD,12:21:00 PM,12:41:00 PM,69,2,2,auri/pens,Female,CIRDIS,,,
Nachusa2020_6729,9/14/2020,gobbler_ridge,7,CRD,12:21:00 PM,12:41:00 PM,69,2,2,pensylvanicus,Female,CIRDIS,,,
Nachusa2020_6730,9/14/2020,gobbler_ridge,7,CRD,12:21:00 PM,12:41:00 PM,69,2,2,pensylvanicus,Female,CIRDIS,,,
Nachusa2020_6731,9/14/2020,gobbler_ridge,7,CRD,12:21:00 PM,12:41:00 PM,69,2,2,pensylvanicus,Female,CIRDIS,,,
Nachusa2020_6732,9/14/2020,gobbler_ridge,7,CRD,12:21:00 PM,12:41:00 PM,69,2,2,fervidus,Female,CIRDIS,,,
Nachusa2020_6733,9/14/2020,thelma_carpenter,4,CRD,1:29:00 PM,1:51:00 PM,71,2,2,impatiens,Male,SOLCAN,,,
Nachusa2020_6734,9/14/2020,thelma_carpenter,4,CRD,1:29:00 PM,1:51:00 PM,71,2,2,impatiens,Male,SOLCAN,,,
Nachusa2020_6735,9/14/2020,thelma_carpenter,4,CRD,1:29:00 PM,1:51:00 PM,71,2,2,impatiens,Male,SOLCAN,,,
Nachusa2020_6736,9/14/2020,thelma_carpenter,4,CRD,1:29:00 PM,1:51:00 PM,71,2,2,impatiens,Male,SOLCAN,,,
Nachusa2020_6737,9/14/2020,thelma_carpenter,4,CRD,1:29:00 PM,1:51:00 PM,71,2,2,impatiens,Male,SOLCAN,,,
Nachusa2020_6738,9/14/2020,thelma_carpenter,4,CRD,1:29:00 PM,1:51:00 PM,71,2,2,impatiens,Male,SOLCAN,,,
Nachusa2020_6739,9/14/2020,thelma_carpenter,4,CRD,1:29:00 PM,1:51:00 PM,71,2,2,impatiens,Male,SOLCAN,,,
Nachusa2020_6740,9/14/2020,thelma_carpenter,4,CRD,1:29:00 PM,1:51:00 PM,71,2,2,impatiens,Male,SOLCAN,,,
Nachusa2020_6741,9/14/2020,thelma_carpenter,4,CRD,1:29:00 PM,1:51:00 PM,71,2,2,impatiens,Male,SOLRIG,,,
Nachusa2020_6742,9/14/2020,thelma_carpenter,4,CRD,1:29:00 PM,1:51:00 PM,71,2,2,impatiens,Male,HELGRO,,,
Nachusa2020_6743,9/14/2020,thelma_carpenter,4,CRD,1:29:00 PM,1:51:00 PM,71,2,2,impatiens,Male,SOLSPE,,,
Nachusa2020_6744,9/14/2020,thelma_carpenter,4,CRD,1:29:00 PM,1:51:00 PM,71,2,2,impatiens,Male,SOLSPE,,,
Nachusa2020_6745,9/14/2020,thelma_carpenter,4,CRD,1:29:00 PM,1:51:00 PM,71,2,2,impatiens,Male,SOLSPE,,,
Nachusa2020_6746,9/14/2020,thelma_carpenter,4,CRD,1:29:00 PM,1:51:00 PM,71,2,2,impatiens,Male,SOLSPE,,,
Nachusa2020_6747,9/14/2020,thelma_carpenter,4,CRD,1:29:00 PM,1:51:00 PM,71,2,2,impatiens,Male,SOLSPE,,,
Nachusa2020_6748,9/14/2020,thelma_carpenter,4,CRD,1:29:00 PM,1:51:00 PM,71,2,2,impatiens,Male,SOLSPE,,,
Nachusa2020_6749,9/14/2020,thelma_carpenter,4,CRD,1:29:00 PM,1:51:00 PM,71,2,2,impatiens,Male,SOLSPE,,,
Nachusa2020_6750,9/14/2020,thelma_carpenter,4,CRD,1:29:00 PM,1:51:00 PM,71,2,2,impatiens,Male,SOLSPE,,,
Nachusa2020_6751,9/14/2020,thelma_carpenter,4,CRD,1:29:00 PM,1:51:00 PM,71,2,2,impatiens,Male,SOLSPE,,,
Nachusa2020_6752,9/14/2020,thelma_carpenter,4,CRD,1:29:00 PM,1:51:00 PM,71,2,2,impatiens,Male,SOLSPE,,,
Nachusa2020_6753,9/14/2020,thelma_carpenter,4,CRD,1:29:00 PM,1:51:00 PM,71,2,2,impatiens,Male,SOLSPE,,,
Nachusa2020_6754,9/14/2020,thelma_carpenter,4,CRD,1:29:00 PM,1:51:00 PM,71,2,2,impatiens,Female,SOLSPE,,,
Nachusa2020_6755,9/14/2020,thelma_carpenter,4,CRD,1:29:00 PM,1:51:00 PM,71,2,2,impatiens,Female,SOLSPE,,,
Nachusa2020_6756,9/14/2020,thelma_carpenter,4,CRD,1:29:00 PM,1:51:00 PM,71,2,2,impatiens,Female,SOLSPE,,,
Nachusa2020_6757,9/14/2020,thelma_carpenter,4,CRD,1:29:00 PM,1:51:00 PM,71,2,2,impatiens,Female,SOLSPE,,,
Nachusa2020_6758,9/14/2020,thelma_carpenter,4,CRD,1:29:00 PM,1:51:00 PM,71,2,2,impatiens,Female,SOLSPE,,,
Nachusa2020_6759,9/14/2020,thelma_carpenter,4,CRD,1:29:00 PM,1:51:00 PM,71,2,2,impatiens,Female,SOLSPE,,,
Nachusa2020_6760,9/14/2020,thelma_carpenter,4,CRD,1:29:00 PM,1:51:00 PM,71,2,2,impatiens,Female,SOLSPE,,,
Nachusa2020_6761,9/14/2020,thelma_carpenter,4,CRD,1:29:00 PM,1:51:00 PM,71,2,2,impatiens,Female,EUTGYM,,,
Nachusa2020_6762,9/14/2020,thelma_carpenter,4,CRD,1:29:00 PM,1:51:00 PM,71,2,2,impatiens,Female,CIRDIS,,,
Nachusa2020_6763,9/14/2020,thelma_carpenter,4,CRD,1:29:00 PM,1:51:00 PM,71,2,2,impatiens,Female,HELGRO,,,
Nachusa2020_6764,9/14/2020,thelma_carpenter,4,CRD,1:29:00 PM,1:51:00 PM,71,2,2,impatiens,unknown,SOLRIG,,,
Nachusa2020_6765,9/14/2020,eight_oaks,5,CRD,2:28:00 PM,2:50:00 PM,72,2,2,impatiens,Male,SOLRIG,,,
Nachusa2020_6766,9/14/2020,eight_oaks,5,CRD,2:28:00 PM,2:50:00 PM,72,2,2,impatiens,Female,SOLRIG,,,
Nachusa2020_6767,9/14/2020,eight_oaks,5,CRD,2:28:00 PM,2:50:00 PM,72,2,2,impatiens,Female,SOLRIG,,,
Nachusa2020_6768,9/14/2020,eight_oaks,5,CRD,2:28:00 PM,2:50:00 PM,72,2,2,vagans,Male,CIRDIS,,,
Nachusa2020_6769,9/14/2020,eight_oaks,5,CRD,2:28:00 PM,2:50:00 PM,72,2,2,impatiens,Male,SOLSPE,,,
Nachusa2020_6770,9/14/2020,eight_oaks,5,CRD,2:28:00 PM,2:50:00 PM,72,2,2,impatiens,Male,SOLSPE,,,
Nachusa2020_6771,9/14/2020,eight_oaks,5,CRD,2:28:00 PM,2:50:00 PM,72,2,2,impatiens,Female,SOLCAN,,,
Nachusa2020_6772,9/14/2020,west_heinkel,3,CRD,3:32:00 PM,3:55:00 PM,72,2,2,rufocinctus,Female,SOLRIG,,,Queen
Nachusa2020_6773,9/15/2020,oak_island,4,CRD,11:09:00 AM,11:33:00 AM,70,1,1,impatiens,Female,HELGRO,,,
Nachusa2020_6774,9/15/2020,oak_island,4,CRD,11:09:00 AM,11:33:00 AM,70,1,1,impatiens,Female,HELGRO,,,
Nachusa2020_6775,9/15/2020,oak_island,4,CRD,11:09:00 AM,11:33:00 AM,70,1,1,impatiens,Female,HELGRO,,,
Nachusa2020_6776,9/15/2020,oak_island,4,CRD,11:09:00 AM,11:33:00 AM,70,1,1,impatiens,Female,HELGRO,,,
Nachusa2020_6777,9/15/2020,oak_island,4,CRD,11:09:00 AM,11:33:00 AM,70,1,1,impatiens,Female,HELGRO,,,
Nachusa2020_6778,9/15/2020,oak_island,4,CRD,11:09:00 AM,11:33:00 AM,70,1,1,impatiens,Male,HELGRO,,,
Nachusa2020_6779,9/15/2020,oak_island,4,CRD,11:09:00 AM,11:33:00 AM,70,1,1,impatiens,Male,HELGRO,,,
Nachusa2020_6780,9/15/2020,oak_island,4,CRD,11:09:00 AM,11:33:00 AM,70,1,1,impatiens,Male,HELGRO,,,
Nachusa2020_6781,9/15/2020,oak_island,4,CRD,11:09:00 AM,11:33:00 AM,70,1,1,impatiens,Male,HELGRO,,,
Nachusa2020_6782,9/15/2020,oak_island,4,CRD,11:09:00 AM,11:33:00 AM,70,1,1,impatiens,unknown,HELGRO,,,
Nachusa2020_6783,9/15/2020,oak_island,4,CRD,11:09:00 AM,11:33:00 AM,70,1,1,impatiens,unknown,HELGRO,,,
Nachusa2020_6784,9/15/2020,oak_island,4,CRD,11:09:00 AM,11:33:00 AM,70,1,1,impatiens,Female,CIRDIS,,,
Nachusa2020_6785,9/15/2020,oak_island,4,CRD,11:09:00 AM,11:33:00 AM,70,1,1,impatiens,Male,SOLRIG,,,
Nachusa2020_6786,9/15/2020,east_heinkel,8,CRD,12:04:00 PM,12:24:00 PM,72,1,1,impatiens,Female,CIRDIS,,,
Nachusa2020_6787,9/15/2020,east_heinkel,8,CRD,12:04:00 PM,12:24:00 PM,72,1,1,impatiens,Male,SOLRIG,,,
Nachusa2020_6788,9/15/2020,east_heinkel,8,CRD,12:04:00 PM,12:24:00 PM,72,1,1,impatiens,Male,SOLRIG,,,
Nachusa2020_6789,9/15/2020,east_heinkel,8,CRD,12:04:00 PM,12:24:00 PM,72,1,1,impatiens,Male,SOLRIG,,,
Nachusa2020_6790,9/15/2020,east_heinkel,8,CRD,12:04:00 PM,12:24:00 PM,72,1,1,impatiens,Male,SOLRIG,,,
Nachusa2020_6791,9/15/2020,east_heinkel,8,CRD,12:04:00 PM,12:24:00 PM,72,1,1,impatiens,Male,SOLRIG,,,
Nachusa2020_6792,9/15/2020,east_heinkel,8,CRD,12:04:00 PM,12:24:00 PM,72,1,1,impatiens,Male,SOLRIG,,,
Nachusa2020_6793,9/15/2020,east_heinkel,8,CRD,12:04:00 PM,12:24:00 PM,72,1,1,impatiens,Male,SOLRIG,,,
Nachusa2020_6794,9/15/2020,east_heinkel,8,CRD,12:04:00 PM,12:24:00 PM,72,1,1,impatiens,Male,SOLRIG,,,
Nachusa2020_6795,9/15/2020,east_heinkel,8,CRD,12:04:00 PM,12:24:00 PM,72,1,1,pensylvanicus,Male,CIRDIS,,,
Nachusa2020_6796,9/15/2020,east_heinkel,8,CRD,12:04:00 PM,12:24:00 PM,72,1,1,impatiens,unknown,SOLRIG,,,
Nachusa2020_6797,9/15/2020,east_heinkel,8,CRD,12:04:00 PM,12:24:00 PM,72,1,1,impatiens,unknown,SOLRIG,,,
Nachusa2020_6798,9/15/2020,leopold_knob,4,CRD,1:00:00 PM,1:20:00 PM,75,1,1,impatiens,Male,SOLSPE,,,
Nachusa2020_6799,9/15/2020,leopold_knob,4,CRD,1:00:00 PM,1:20:00 PM,75,1,1,impatiens,Male,SOLSPE,,,
Nachusa2020_6800,9/15/2020,leopold_knob,4,CRD,1:00:00 PM,1:20:00 PM,75,1,1,impatiens,Female,SOLSPE,,,
Nachusa2020_6801,9/15/2020,gobbler_ridge,8,CRD,2:22:00 PM,2:42:00 PM,77,1,1,pensylvanicus,Male,CIRDIS,,,
Nachusa2020_6802,9/15/2020,gobbler_ridge,8,CRD,2:22:00 PM,2:42:00 PM,77,1,1,pensylvanicus,Male,CIRDIS,,,
Nachusa2020_6803,9/15/2020,gobbler_ridge,8,CRD,2:22:00 PM,2:42:00 PM,77,1,1,pensylvanicus,Male,CIRDIS,,,
Nachusa2020_6804,9/15/2020,gobbler_ridge,8,CRD,2:22:00 PM,2:42:00 PM,77,1,1,pensylvanicus,Male,CIRDIS,,,
Nachusa2020_6805,9/15/2020,gobbler_ridge,8,CRD,2:22:00 PM,2:42:00 PM,77,1,1,pensylvanicus,Male,CIRDIS,,,
Nachusa2020_6806,9/15/2020,gobbler_ridge,8,CRD,2:22:00 PM,2:42:00 PM,77,1,1,pensylvanicus,Male,CIRDIS,,,
Nachusa2020_6807,9/15/2020,gobbler_ridge,8,CRD,2:22:00 PM,2:42:00 PM,77,1,1,impatiens,Female,CIRDIS,,,
Nachusa2020_6808,9/15/2020,gobbler_ridge,8,CRD,2:22:00 PM,2:42:00 PM,77,1,1,impatiens,Female,CIRDIS,,,
Nachusa2020_6809,9/15/2020,gobbler_ridge,8,CRD,2:22:00 PM,2:42:00 PM,77,1,1,impatiens,Female,CIRDIS,,,
Nachusa2020_6810,9/15/2020,gobbler_ridge,8,CRD,2:22:00 PM,2:42:00 PM,77,1,1,impatiens,Female,CIRDIS,,,
Nachusa2020_6811,9/15/2020,gobbler_ridge,8,CRD,2:22:00 PM,2:42:00 PM,77,1,1,impatiens,Female,CIRDIS,,,
Nachusa2020_6812,9/15/2020,gobbler_ridge,8,CRD,2:22:00 PM,2:42:00 PM,77,1,1,impatiens,Female,CIRDIS,,,
Nachusa2020_6813,9/15/2020,gobbler_ridge,8,CRD,2:22:00 PM,2:42:00 PM,77,1,1,impatiens,Female,CIRDIS,,,
Nachusa2020_6814,9/15/2020,gobbler_ridge,8,CRD,2:22:00 PM,2:42:00 PM,77,1,1,impatiens,Female,CIRDIS,,,
Nachusa2020_6815,9/15/2020,gobbler_ridge,8,CRD,2:22:00 PM,2:42:00 PM,77,1,1,pensylvanicus,Female,CIRDIS,,,
Nachusa2020_6816,9/15/2020,gobbler_ridge,8,CRD,2:22:00 PM,2:42:00 PM,77,1,1,pensylvanicus,Female,CIRDIS,,,
Nachusa2020_6817,9/15/2020,gobbler_ridge,8,CRD,2:22:00 PM,2:42:00 PM,77,1,1,pensylvanicus,Female,CIRDIS,,,
Nachusa2020_6818,9/15/2020,gobbler_ridge,8,CRD,2:22:00 PM,2:42:00 PM,77,1,1,pensylvanicus,Female,CIRDIS,,,
Nachusa2020_6819,9/15/2020,gobbler_ridge,8,CRD,2:22:00 PM,2:42:00 PM,77,1,1,impatiens,Female,SOLSPE,,,
Nachusa2020_6820,9/15/2020,clear_creek_south,9,CRD,3:18:00 PM,3:38:00 PM,78,1,1,impatiens,Female,HELGRO,,,
Nachusa2020_6821,9/15/2020,clear_creek_south,9,CRD,3:18:00 PM,3:38:00 PM,78,1,1,impatiens,Female,HELGRO,,,
Nachusa2020_6822,9/15/2020,clear_creek_south,9,CRD,3:18:00 PM,3:38:00 PM,78,1,1,impatiens,Female,HELGRO,,,
Nachusa2020_6823,9/15/2020,clear_creek_south,9,CRD,3:18:00 PM,3:38:00 PM,78,1,1,impatiens,Female,HELGRO,,,
Nachusa2020_6824,9/15/2020,clear_creek_south,9,CRD,3:18:00 PM,3:38:00 PM,78,1,1,impatiens,Female,HELGRO,,,
Nachusa2020_6825,9/15/2020,clear_creek_south,9,CRD,3:18:00 PM,3:38:00 PM,78,1,1,impatiens,Female,HELAUT,,,
Nachusa2020_6826,9/15/2020,clear_creek_south,9,CRD,3:18:00 PM,3:38:00 PM,78,1,1,impatiens,Female,HELAUT,,,
Nachusa2020_6827,9/15/2020,clear_creek_south,9,CRD,3:18:00 PM,3:38:00 PM,78,1,1,impatiens,Female,HELAUT,,,
Nachusa2020_6828,9/15/2020,clear_creek_south,9,CRD,3:18:00 PM,3:38:00 PM,78,1,1,impatiens,Female,HELAUT,,,
Nachusa2020_6829,9/16/2020,kittentail_knob,3,CRD,11:06:00 PM,11:27:00 PM,71,1,1,impatiens,Male,SOLSPE,,,
Nachusa2020_6830,9/16/2020,kittentail_knob,3,CRD,11:06:00 PM,11:27:00 PM,71,1,1,impatiens,Male,SOLSPE,,,
Nachusa2020_6831,9/16/2020,kittentail_knob,3,CRD,11:06:00 PM,11:27:00 PM,71,1,1,impatiens,Female,SOLRIG,,,
Nachusa2020_6832,9/16/2020,kittentail_knob,3,CRD,11:06:00 PM,11:27:00 PM,71,1,1,impatiens,Female,SOLSPE,,,
Nachusa2020_6833,9/16/2020,kittentail_knob,3,CRD,11:06:00 PM,11:27:00 PM,71,1,1,impatiens,Male,SOLRIG,,,
Nachusa2020_6834,9/16/2020,big_jump_center,5,CRD,2:03:00 PM,2:24:00 PM,80,1,1,impatiens,Male,SOLCAN,,,
Nachusa2020_6835,9/16/2020,big_jump_center,5,CRD,2:03:00 PM,2:24:00 PM,80,1,1,impatiens,Male,SOLCAN,,,
Nachusa2020_6836,9/16/2020,big_jump_center,5,CRD,2:03:00 PM,2:24:00 PM,80,1,1,impatiens,Male,SOLCAN,,,
Nachusa2020_6837,9/16/2020,big_jump_center,5,CRD,2:03:00 PM,2:24:00 PM,80,1,1,impatiens,Male,SOLCAN,,,
Nachusa2020_6838,9/16/2020,big_jump_center,5,CRD,2:03:00 PM,2:24:00 PM,80,1,1,impatiens,Male,SOLCAN,,,
Nachusa2020_6839,9/16/2020,big_jump_center,5,CRD,2:03:00 PM,2:24:00 PM,80,1,1,impatiens,Male,SOLCAN,,,
Nachusa2020_6840,9/16/2020,big_jump_center,5,CRD,2:03:00 PM,2:24:00 PM,80,1,1,impatiens,Female,SOLCAN,,,
Nachusa2020_6841,9/16/2020,big_jump_center,5,CRD,2:03:00 PM,2:24:00 PM,80,1,1,impatiens,Female,SOLCAN,,,
Nachusa2020_6842,9/16/2020,big_jump_center,5,CRD,2:03:00 PM,2:24:00 PM,80,1,1,impatiens,Female,SOLCAN,,,
Nachusa2020_6843,9/16/2020,big_jump_center,5,CRD,2:03:00 PM,2:24:00 PM,80,1,1,impatiens,Female,SOLCAN,,,
Nachusa2020_6844,9/16/2020,big_jump_center,5,CRD,2:03:00 PM,2:24:00 PM,80,1,1,impatiens,Female,SOLCAN,,,
Nachusa2020_6845,9/16/2020,big_jump_center,5,CRD,2:03:00 PM,2:24:00 PM,80,1,1,impatiens,Female,SOLCAN,,,
Nachusa2020_6846,9/16/2020,big_jump_center,5,CRD,2:03:00 PM,2:24:00 PM,80,1,1,impatiens,Female,SOLSPE,,,
Nachusa2020_6847,9/16/2020,big_jump_center,5,CRD,2:03:00 PM,2:24:00 PM,80,1,1,impatiens,Female,SOLSPE,,,
Nachusa2020_6848,9/16/2020,big_jump_center,5,CRD,2:03:00 PM,2:24:00 PM,80,1,1,impatiens,Male,SOLRIG,,,
Nachusa2020_6849,9/16/2020,big_jump_center,5,CRD,2:03:00 PM,2:24:00 PM,80,1,1,impatiens,Male,SOLRIG,,,
Nachusa2020_6850,9/16/2020,big_jump_center,5,CRD,2:03:00 PM,2:24:00 PM,80,1,1,impatiens,Male,SOLRIG,,,
Nachusa2020_6851,9/16/2020,big_jump_center,5,CRD,2:03:00 PM,2:24:00 PM,80,1,1,impatiens,Male,SOLSPE,,,
Nachusa2020_6852,9/16/2020,big_jump_center,5,CRD,2:03:00 PM,2:24:00 PM,80,1,1,impatiens,Male,SOLSPE,,,
Nachusa2020_6853,9/16/2020,big_jump_center,5,CRD,2:03:00 PM,2:24:00 PM,80,1,1,impatiens,Male,SOLSPE,,,
Nachusa2020_6854,9/16/2020,big_jump_center,5,CRD,2:03:00 PM,2:24:00 PM,80,1,1,impatiens,Female,EUPALT,,,
Nachusa2020_6855,9/16/2020,big_jump_center,5,CRD,2:03:00 PM,2:24:00 PM,80,1,1,impatiens,Male,SOLNEM,,,
Nachusa2020_6856,9/16/2020,big_jump_center,5,CRD,2:03:00 PM,2:24:00 PM,80,1,1,griseocollis,Male,CIRDIS,,,
Nachusa2020_6857,9/17/2020,no_name_knob,5,CRD,12:16:00 PM,12:36:00 PM,66,1,1,impatiens,Male,SOLSPE,,,
Nachusa2020_6858,9/17/2020,no_name_knob,5,CRD,12:16:00 PM,12:36:00 PM,66,1,1,impatiens,Male,SOLSPE,,,
Nachusa2020_6859,9/17/2020,no_name_knob,5,CRD,12:16:00 PM,12:36:00 PM,66,1,1,impatiens,Male,SOLSPE,,,
Nachusa2020_6860,9/17/2020,no_name_knob,5,CRD,12:16:00 PM,12:36:00 PM,66,1,1,impatiens,Female,HELGRO,,,
Nachusa2020_6861,9/17/2020,no_name_knob,5,CRD,12:16:00 PM,12:36:00 PM,66,1,1,impatiens,Female,HELGRO,,,
Nachusa2020_6862,9/17/2020,no_name_knob,5,CRD,12:16:00 PM,12:36:00 PM,66,1,1,impatiens,Female,HELGRO,,,
Nachusa2020_6863,9/17/2020,no_name_knob,5,CRD,12:16:00 PM,12:36:00 PM,66,1,1,impatiens,Female,HELGRO,,,
Nachusa2020_6864,9/17/2020,no_name_knob,5,CRD,12:16:00 PM,12:36:00 PM,66,1,1,impatiens,Female,HELGRO,,,
Nachusa2020_6865,9/17/2020,no_name_knob,5,CRD,12:16:00 PM,12:36:00 PM,66,1,1,impatiens,Female,HELGRO,,,
Nachusa2020_6866,9/17/2020,no_name_knob,5,CRD,12:16:00 PM,12:36:00 PM,66,1,1,impatiens,Female,HELGRO,,,
Nachusa2020_6867,9/17/2020,no_name_knob,5,CRD,12:16:00 PM,12:36:00 PM,66,1,1,impatiens,Female,HELGRO,,,
Nachusa2020_6868,9/17/2020,no_name_knob,5,CRD,12:16:00 PM,12:36:00 PM,66,1,1,impatiens,Female,HELGRO,,,
Nachusa2020_6869,9/17/2020,no_name_knob,5,CRD,12:16:00 PM,12:36:00 PM,66,1,1,impatiens,Female,HELGRO,,,
Nachusa2020_6870,9/17/2020,no_name_knob,5,CRD,12:16:00 PM,12:36:00 PM,66,1,1,impatiens,Female,HELGRO,,,
Nachusa2020_6871,9/17/2020,no_name_knob,5,CRD,12:16:00 PM,12:36:00 PM,66,1,1,impatiens,Female,HELGRO,,,
Nachusa2020_6872,9/17/2020,no_name_knob,5,CRD,12:16:00 PM,12:36:00 PM,66,1,1,impatiens,Male,HELGRO,,,
Nachusa2020_6873,9/17/2020,no_name_knob,5,CRD,12:16:00 PM,12:36:00 PM,66,1,1,impatiens,Male,HELGRO,,,
Nachusa2020_6874,9/17/2020,no_name_knob,5,CRD,12:16:00 PM,12:36:00 PM,66,1,1,impatiens,Male,HELGRO,,,
Nachusa2020_6875,9/17/2020,no_name_knob,5,CRD,12:16:00 PM,12:36:00 PM,66,1,1,impatiens,Male,HELGRO,,,
Nachusa2020_6876,9/17/2020,no_name_knob,5,CRD,12:16:00 PM,12:36:00 PM,66,1,1,impatiens,Male,HELGRO,,,
Nachusa2020_6877,9/17/2020,no_name_knob,5,CRD,12:16:00 PM,12:36:00 PM,66,1,1,impatiens,Male,HELGRO,,,
Nachusa2020_6878,9/17/2020,no_name_knob,5,CRD,12:16:00 PM,12:36:00 PM,66,1,1,impatiens,Male,HELGRO,,,
Nachusa2020_6879,9/17/2020,no_name_knob,5,CRD,12:16:00 PM,12:36:00 PM,66,1,1,impatiens,Male,HELGRO,,,
Nachusa2020_6880,9/17/2020,no_name_knob,5,CRD,12:16:00 PM,12:36:00 PM,66,1,1,impatiens,Male,HELGRO,,,
Nachusa2020_6881,9/17/2020,no_name_knob,5,CRD,12:16:00 PM,12:36:00 PM,66,1,1,impatiens,Male,HELGRO,,,
Nachusa2020_6882,9/17/2020,no_name_knob,5,CRD,12:16:00 PM,12:36:00 PM,66,1,1,impatiens,Male,HELGRO,,,
Nachusa2020_6883,9/17/2020,no_name_knob,5,CRD,12:16:00 PM,12:36:00 PM,66,1,1,impatiens,Male,HELGRO,,,
Nachusa2020_6884,9/17/2020,no_name_knob,5,CRD,12:16:00 PM,12:36:00 PM,66,1,1,impatiens,Male,HELGRO,,,
Nachusa2020_6885,9/17/2020,no_name_knob,5,CRD,12:16:00 PM,12:36:00 PM,66,1,1,impatiens,Male,HELGRO,,,
Nachusa2020_6886,9/17/2020,no_name_knob,5,CRD,12:16:00 PM,12:36:00 PM,66,1,1,impatiens,Male,HELGRO,,,
Nachusa2020_6887,9/17/2020,no_name_knob,5,CRD,12:16:00 PM,12:36:00 PM,66,1,1,impatiens,Male,HELGRO,,,
Nachusa2020_6888,9/17/2020,no_name_knob,5,CRD,12:16:00 PM,12:36:00 PM,66,1,1,impatiens,Male,HELGRO,,,
Nachusa2020_6889,9/17/2020,no_name_knob,5,CRD,12:16:00 PM,12:36:00 PM,66,1,1,impatiens,Male,HELGRO,,,
Nachusa2020_6890,9/17/2020,no_name_knob,5,CRD,12:16:00 PM,12:36:00 PM,66,1,1,impatiens,Female,SOLCAN,,,
Nachusa2020_6891,9/17/2020,no_name_knob,5,CRD,12:16:00 PM,12:36:00 PM,66,1,1,impatiens,Female,SOLCAN,,,
Nachusa2020_6892,9/17/2020,no_name_knob,5,CRD,12:16:00 PM,12:36:00 PM,66,1,1,impatiens,Male,SOLCAN,,,
Nachusa2020_6893,9/17/2020,no_name_knob,5,CRD,12:16:00 PM,12:36:00 PM,66,1,1,vagans,Female,CIRDIS,,,
Nachusa2020_6894,9/17/2020,no_name_knob,5,CRD,12:16:00 PM,12:36:00 PM,66,1,1,fervidus,Female,CIRDIS,,,
Nachusa2020_6895,9/17/2020,no_name_knob,5,CRD,12:16:00 PM,12:36:00 PM,66,1,1,impatiens,Female,SOLRIG,,,
Nachusa2020_6896,9/17/2020,no_name_knob,5,CRD,12:16:00 PM,12:36:00 PM,66,1,1,impatiens,Female,CIRDIS,,,
Nachusa2020_6897,9/17/2020,no_name_knob,5,CRD,12:16:00 PM,12:36:00 PM,66,1,1,impatiens,Female,CIRDIS,,,
Nachusa2020_6898,9/17/2020,no_name_knob,5,CRD,12:16:00 PM,12:36:00 PM,66,1,1,impatiens,Female,CIRDIS,,,
Nachusa2020_6899,9/17/2020,no_name_knob,5,CRD,12:16:00 PM,12:36:00 PM,66,1,1,auri/pens,Female,CIRDIS,,,
Nachusa2020_6900,9/17/2020,no_name_knob,5,CRD,12:16:00 PM,12:36:00 PM,66,1,1,auri/pens,Female,CIRDIS,,,
Nachusa2020_6901,9/17/2020,seven_knobs,4,CRD,1:08:00 PM,1:28:00 PM,68,1,1,impatiens,Female,SOLSPE,,,
Nachusa2020_6902,9/17/2020,seven_knobs,4,CRD,1:08:00 PM,1:28:00 PM,68,1,1,impatiens,Male,SOLSPE,,,
Nachusa2020_6903,9/17/2020,seven_knobs,4,CRD,1:08:00 PM,1:28:00 PM,68,1,1,impatiens,Male,SOLSPE,,,
Nachusa2020_6904,9/17/2020,seven_knobs,4,CRD,1:08:00 PM,1:28:00 PM,68,1,1,impatiens,Male,SYMLAV,,,also using SOLSPE
Nachusa2020_6905,9/17/2020,seven_knobs,4,CRD,1:08:00 PM,1:28:00 PM,68,1,1,impatiens,Male,SOLRIG,,,
Nachusa2020_6906,9/17/2020,sanders_unit,7,CRD,2:49:00 PM,3:10:00 PM,70,1,1,impatiens,Male,HELGRO,,,
Nachusa2020_6907,9/17/2020,sanders_unit,7,CRD,2:49:00 PM,3:10:00 PM,70,1,1,impatiens,Female,HELGRO,,,
Nachusa2020_6908,9/17/2020,sanders_unit,7,CRD,2:49:00 PM,3:10:00 PM,70,1,1,fervidus,Female,CIRDIS,,,
Nachusa2020_6909,9/17/2020,sanders_unit,7,CRD,2:49:00 PM,3:10:00 PM,70,1,1,pensylvanicus,Female,CIRDIS,,,
Nachusa2020_6910,9/17/2020,sanders_unit,7,CRD,2:49:00 PM,3:10:00 PM,70,1,1,vagans,Female,CIRDIS,,,
Nachusa2020_6911,9/17/2020,sanders_unit,7,CRD,2:49:00 PM,3:10:00 PM,70,1,1,vagans,Female,CIRDIS,,,
Nachusa2020_6912,9/17/2020,sanders_unit,7,CRD,2:49:00 PM,3:10:00 PM,70,1,1,vagans,Female,CIRDIS,,,
Nachusa2020_6913,9/17/2020,sanders_unit,7,CRD,2:49:00 PM,3:10:00 PM,70,1,1,vagans,Female,CIRDIS,,,
Nachusa2020_6914,9/18/2020,holland_prairie_east,10,CRD,11:32:00 AM,11:52:00 AM,58,2,2,impatiens,Female,HELGRO,,,
Nachusa2020_6915,9/18/2020,holland_prairie_east,10,CRD,11:32:00 AM,11:52:00 AM,58,2,2,impatiens,Female,HELGRO,,,
Nachusa2020_6916,9/18/2020,holland_prairie_east,10,CRD,11:32:00 AM,11:52:00 AM,58,2,2,impatiens,Female,HELGRO,,,
Nachusa2020_6917,9/18/2020,holland_prairie_east,10,CRD,11:32:00 AM,11:52:00 AM,58,2,2,impatiens,Female,HELGRO,,,
Nachusa2020_6918,9/18/2020,holland_prairie_east,10,CRD,11:32:00 AM,11:52:00 AM,58,2,2,impatiens,Female,HELGRO,,,
Nachusa2020_6919,9/18/2020,holland_prairie_east,10,CRD,11:32:00 AM,11:52:00 AM,58,2,2,impatiens,Female,HELGRO,,,
Nachusa2020_6920,9/18/2020,holland_prairie_east,10,CRD,11:32:00 AM,11:52:00 AM,58,2,2,impatiens,Female,HELGRO,,,
Nachusa2020_6921,9/18/2020,holland_prairie_east,10,CRD,11:32:00 AM,11:52:00 AM,58,2,2,impatiens,Female,HELGRO,,,
Nachusa2020_6922,9/18/2020,holland_prairie_east,10,CRD,11:32:00 AM,11:52:00 AM,58,2,2,impatiens,Female,HELGRO,,,
Nachusa2020_6923,9/18/2020,holland_prairie_east,10,CRD,11:32:00 AM,11:52:00 AM,58,2,2,impatiens,Female,HELGRO,,,
Nachusa2020_6924,9/18/2020,holland_prairie_east,10,CRD,11:32:00 AM,11:52:00 AM,58,2,2,impatiens,Female,HELGRO,,,
Nachusa2020_6925,9/18/2020,holland_prairie_east,10,CRD,11:32:00 AM,11:52:00 AM,58,2,2,impatiens,Male,HELGRO,,,
Nachusa2020_6926,9/18/2020,holland_prairie_east,10,CRD,11:32:00 AM,11:52:00 AM,58,2,2,impatiens,Male,HELGRO,,,
Nachusa2020_6927,9/18/2020,holland_prairie_east,10,CRD,11:32:00 AM,11:52:00 AM,58,2,2,impatiens,Male,HELGRO,,,
Nachusa2020_6928,9/18/2020,holland_prairie_east,10,CRD,11:32:00 AM,11:52:00 AM,58,2,2,impatiens,Male,HELGRO,,,
Nachusa2020_6929,9/18/2020,holland_prairie_east,10,CRD,11:32:00 AM,11:52:00 AM,58,2,2,impatiens,Male,HELGRO,,,
Nachusa2020_6930,9/18/2020,holland_prairie_east,10,CRD,11:32:00 AM,11:52:00 AM,58,2,2,impatiens,Male,HELGRO,,,
Nachusa2020_6931,9/18/2020,holland_prairie_east,10,CRD,11:32:00 AM,11:52:00 AM,58,2,2,impatiens,Male,HELGRO,,,
Nachusa2020_6932,9/18/2020,holland_prairie_east,10,CRD,11:32:00 AM,11:52:00 AM,58,2,2,impatiens,Male,HELGRO,,,
Nachusa2020_6933,9/18/2020,holland_prairie_east,10,CRD,11:32:00 AM,11:52:00 AM,58,2,2,impatiens,Male,HELGRO,,,
Nachusa2020_6934,9/18/2020,holland_prairie_east,10,CRD,11:32:00 AM,11:52:00 AM,58,2,2,impatiens,Male,HELGRO,,,
Nachusa2020_6935,9/18/2020,holland_prairie_east,10,CRD,11:32:00 AM,11:52:00 AM,58,2,2,impatiens,Male,HELGRO,,,
Nachusa2020_6936,9/18/2020,holland_prairie_east,10,CRD,11:32:00 AM,11:52:00 AM,58,2,2,impatiens,Male,HELGRO,,,
Nachusa2020_6937,9/18/2020,holland_prairie_east,10,CRD,11:32:00 AM,11:52:00 AM,58,2,2,impatiens,Male,HELAUT,,,
Nachusa2020_6938,9/18/2020,holland_prairie_east,10,CRD,11:32:00 AM,11:52:00 AM,58,2,2,impatiens,Male,HELAUT,,,
Nachusa2020_6939,9/18/2020,holland_prairie_east,10,CRD,11:32:00 AM,11:52:00 AM,58,2,2,impatiens,Male,HELAUT,,,
Nachusa2020_6940,9/18/2020,holland_prairie_east,10,CRD,11:32:00 AM,11:52:00 AM,58,2,2,impatiens,Male,HELAUT,,,
Nachusa2020_6941,9/18/2020,holland_prairie_east,10,CRD,11:32:00 AM,11:52:00 AM,58,2,2,impatiens,Male,HELAUT,,,
Nachusa2020_6942,9/18/2020,holland_prairie_east,10,CRD,11:32:00 AM,11:52:00 AM,58,2,2,impatiens,unknown,HELGRO,,,
Nachusa2020_6943,9/18/2020,holland_prairie_east,10,CRD,11:32:00 AM,11:52:00 AM,58,2,2,impatiens,unknown,HELGRO,,,
Nachusa2020_6944,9/18/2020,holland_prairie_east,10,CRD,11:32:00 AM,11:52:00 AM,58,2,2,impatiens,unknown,HELGRO,,,
Nachusa2020_6945,9/18/2020,holland_prairie_east,10,CRD,11:32:00 AM,11:52:00 AM,58,2,2,impatiens,unknown,HELGRO,,,
Nachusa2020_6946,9/18/2020,holland_prairie_east,10,CRD,11:32:00 AM,11:52:00 AM,58,2,2,impatiens,unknown,HELGRO,,,
Nachusa2020_6947,9/18/2020,holland_prairie_east,10,CRD,11:32:00 AM,11:52:00 AM,58,2,2,impatiens,unknown,HELGRO,,,
Nachusa2020_6948,9/18/2020,holland_prairie_east,10,CRD,11:32:00 AM,11:52:00 AM,58,2,2,impatiens,unknown,HELGRO,,,
Nachusa2020_6949,9/18/2020,holland_prairie_east,10,CRD,11:32:00 AM,11:52:00 AM,58,2,2,impatiens,Female,HELAUT,,,
Nachusa2020_6950,9/18/2020,holland_prairie_east,10,CRD,11:32:00 AM,11:52:00 AM,58,2,2,impatiens,unknown,Bidens spp.,,,
Nachusa2020_6951,9/18/2020,prairie_potholes,5,CRD,2:02:00 PM,2:24:00 PM,61,2,2,impatiens,Male,HELGRO,,,
Nachusa2020_6952,9/18/2020,prairie_potholes,5,CRD,2:02:00 PM,2:24:00 PM,61,2,2,impatiens,Male,HELGRO,,,
Nachusa2020_6953,9/18/2020,prairie_potholes,5,CRD,2:02:00 PM,2:24:00 PM,61,2,2,impatiens,Male,HELGRO,,,
Nachusa2020_6954,9/18/2020,prairie_potholes,5,CRD,2:02:00 PM,2:24:00 PM,61,2,2,impatiens,Male,HELGRO,,,
Nachusa2020_6955,9/18/2020,prairie_potholes,5,CRD,2:02:00 PM,2:24:00 PM,61,2,2,impatiens,Male,HELGRO,,,
Nachusa2020_6956,9/18/2020,prairie_potholes,5,CRD,2:02:00 PM,2:24:00 PM,61,2,2,impatiens,Male,HELGRO,,,
Nachusa2020_6957,9/18/2020,prairie_potholes,5,CRD,2:02:00 PM,2:24:00 PM,61,2,2,impatiens,Male,HELGRO,,,
Nachusa2020_6958,9/18/2020,prairie_potholes,5,CRD,2:02:00 PM,2:24:00 PM,61,2,2,impatiens,Male,HELGRO,,,
Nachusa2020_6959,9/18/2020,prairie_potholes,5,CRD,2:02:00 PM,2:24:00 PM,61,2,2,impatiens,Male,HELGRO,,,
Nachusa2020_6960,9/18/2020,prairie_potholes,5,CRD,2:02:00 PM,2:24:00 PM,61,2,2,impatiens,Female,HELGRO,,,
Nachusa2020_6961,9/18/2020,prairie_potholes,5,CRD,2:02:00 PM,2:24:00 PM,61,2,2,impatiens,Female,HELGRO,,,
Nachusa2020_6962,9/18/2020,prairie_potholes,5,CRD,2:02:00 PM,2:24:00 PM,61,2,2,impatiens,Female,HELGRO,,,
Nachusa2020_6963,9/18/2020,prairie_potholes,5,CRD,2:02:00 PM,2:24:00 PM,61,2,2,impatiens,Female,HELGRO,,,
Nachusa2020_6964,9/18/2020,prairie_potholes,5,CRD,2:02:00 PM,2:24:00 PM,61,2,2,impatiens,Female,HELGRO,,,
Nachusa2020_6965,9/18/2020,prairie_potholes,5,CRD,2:02:00 PM,2:24:00 PM,61,2,2,impatiens,Female,HELGRO,,,
Nachusa2020_6966,9/18/2020,prairie_potholes,5,CRD,2:02:00 PM,2:24:00 PM,61,2,2,impatiens,Female,HELGRO,,,
Nachusa2020_6967,9/18/2020,prairie_potholes,5,CRD,2:02:00 PM,2:24:00 PM,61,2,2,impatiens,Female,HELGRO,,,
Nachusa2020_6968,9/18/2020,prairie_potholes,5,CRD,2:02:00 PM,2:24:00 PM,61,2,2,impatiens,Male,EUTMAC,,,
Nachusa2020_6969,9/18/2020,prairie_potholes,5,CRD,2:02:00 PM,2:24:00 PM,61,2,2,impatiens,Female,EUTMAC,,,
Nachusa2020_6970,9/22/2020,isabells_knob,5,CRD,12:39:00 PM,12:59:00 PM,74,1,1,impatiens,Male,EUTGYM,,,
Nachusa2020_6971,9/22/2020,isabells_knob,5,CRD,12:39:00 PM,12:59:00 PM,74,1,1,impatiens,Male,EUTGYM,,,
Nachusa2020_6972,9/22/2020,isabells_knob,5,CRD,12:39:00 PM,12:59:00 PM,74,1,1,impatiens,Male,EUTGYM,,,
Nachusa2020_6973,9/22/2020,isabells_knob,5,CRD,12:39:00 PM,12:59:00 PM,74,1,1,impatiens,Male,EUTGYM,,,
Nachusa2020_6974,9/22/2020,isabells_knob,5,CRD,12:39:00 PM,12:59:00 PM,74,1,1,impatiens,Male,EUTGYM,,,
Nachusa2020_6975,9/22/2020,isabells_knob,5,CRD,12:39:00 PM,12:59:00 PM,74,1,1,griseocollis,Male,CIRDIS,,,
Nachusa2020_6976,9/22/2020,isabells_knob,5,CRD,12:39:00 PM,12:59:00 PM,74,1,1,impatiens,Male,HELGRO,,,
Nachusa2020_6977,9/22/2020,isabells_knob,5,CRD,12:39:00 PM,12:59:00 PM,74,1,1,impatiens,Male,HELGRO,,,
Nachusa2020_6978,9/22/2020,isabells_knob,5,CRD,12:39:00 PM,12:59:00 PM,74,1,1,impatiens,Male,SOLRIG,,,
Nachusa2020_6979,9/22/2020,isabells_knob,5,CRD,12:39:00 PM,12:59:00 PM,74,1,1,pensylvanicus,Male,TRIPRA,,,
Nachusa2020_6980,9/22/2020,isabells_knob,5,CRD,12:39:00 PM,12:59:00 PM,74,1,1,impatiens,Male,SOLSPE,,,
Nachusa2020_6981,9/22/2020,isabells_knob,5,CRD,12:39:00 PM,12:59:00 PM,74,1,1,impatiens,Female,HELGRO,,,
Nachusa2020_6982,9/22/2020,coneflower_trash_knob,5,CRD,1:26:00 PM,1:46:00 PM,77,1,1,None,na,na,,,
Nachusa2020_6983,9/22/2020,thelma_carpenter,5,CRD,2:28:00 PM,2:48:00 PM,78,1,1,impatiens,Female,HELGRO,,,
Nachusa2020_6984,9/22/2020,thelma_carpenter,5,CRD,2:28:00 PM,2:48:00 PM,78,1,1,impatiens,Female,HELGRO,,,
Nachusa2020_6985,9/22/2020,thelma_carpenter,5,CRD,2:28:00 PM,2:48:00 PM,78,1,1,impatiens,Female,HELGRO,,,
Nachusa2020_6986,9/22/2020,thelma_carpenter,5,CRD,2:28:00 PM,2:48:00 PM,78,1,1,impatiens,Female,HELGRO,,,
Nachusa2020_6987,9/22/2020,thelma_carpenter,5,CRD,2:28:00 PM,2:48:00 PM,78,1,1,impatiens,Female,HELGRO,,,
Nachusa2020_6988,9/23/2020,isabells_knob,6,CRD,11:20:00 AM,11:44:00 AM,71,1,1,impatiens,Male,EUTGYM,,,
Nachusa2020_6989,9/23/2020,isabells_knob,6,CRD,11:20:00 AM,11:44:00 AM,71,1,1,impatiens,Male,EUTGYM,,,
Nachusa2020_6990,9/23/2020,isabells_knob,6,CRD,11:20:00 AM,11:44:00 AM,71,1,1,impatiens,Male,EUTGYM,,,
Nachusa2020_6991,9/23/2020,isabells_knob,6,CRD,11:20:00 AM,11:44:00 AM,71,1,1,impatiens,Male,EUTGYM,,,
Nachusa2020_6992,9/23/2020,isabells_knob,6,CRD,11:20:00 AM,11:44:00 AM,71,1,1,impatiens,Male,EUTGYM,,,
Nachusa2020_6993,9/23/2020,isabells_knob,6,CRD,11:20:00 AM,11:44:00 AM,71,1,1,impatiens,Male,EUTGYM,,,
Nachusa2020_6994,9/23/2020,isabells_knob,6,CRD,11:20:00 AM,11:44:00 AM,71,1,1,impatiens,Male,EUTGYM,,,
Nachusa2020_6995,9/23/2020,isabells_knob,6,CRD,11:20:00 AM,11:44:00 AM,71,1,1,impatiens,Male,EUTGYM,,,
Nachusa2020_6996,9/23/2020,isabells_knob,6,CRD,11:20:00 AM,11:44:00 AM,71,1,1,impatiens,Male,EUTGYM,,,
Nachusa2020_6997,9/23/2020,isabells_knob,6,CRD,11:20:00 AM,11:44:00 AM,71,1,1,impatiens,Male,EUTGYM,,,
Nachusa2020_6998,9/23/2020,isabells_knob,6,CRD,11:20:00 AM,11:44:00 AM,71,1,1,impatiens,Male,EUTGYM,,,
Nachusa2020_6999,9/23/2020,isabells_knob,6,CRD,11:20:00 AM,11:44:00 AM,71,1,1,impatiens,Male,EUTGYM,,,
Nachusa2020_7000,9/23/2020,isabells_knob,6,CRD,11:20:00 AM,11:44:00 AM,71,1,1,impatiens,Male,EUTGYM,,,
Nachusa2020_7001,9/23/2020,isabells_knob,6,CRD,11:20:00 AM,11:44:00 AM,71,1,1,impatiens,Male,EUTGYM,,,
Nachusa2020_7002,9/23/2020,isabells_knob,6,CRD,11:20:00 AM,11:44:00 AM,71,1,1,impatiens,Male,EUTGYM,,,
Nachusa2020_7003,9/23/2020,isabells_knob,6,CRD,11:20:00 AM,11:44:00 AM,71,1,1,impatiens,Male,EUTGYM,,,
Nachusa2020_7004,9/23/2020,isabells_knob,6,CRD,11:20:00 AM,11:44:00 AM,71,1,1,impatiens,Male,EUTGYM,,,
Nachusa2020_7005,9/23/2020,isabells_knob,6,CRD,11:20:00 AM,11:44:00 AM,71,1,1,impatiens,Male,EUTGYM,,,
Nachusa2020_7006,9/23/2020,isabells_knob,6,CRD,11:20:00 AM,11:44:00 AM,71,1,1,impatiens,Male,EUTGYM,,,
Nachusa2020_7007,9/23/2020,isabells_knob,6,CRD,11:20:00 AM,11:44:00 AM,71,1,1,impatiens,Male,EUTGYM,,,
Nachusa2020_7008,9/23/2020,isabells_knob,6,CRD,11:20:00 AM,11:44:00 AM,71,1,1,impatiens,Male,EUTGYM,,,
Nachusa2020_7009,9/23/2020,isabells_knob,6,CRD,11:20:00 AM,11:44:00 AM,71,1,1,impatiens,Male,EUTGYM,,,
Nachusa2020_7010,9/23/2020,isabells_knob,6,CRD,11:20:00 AM,11:44:00 AM,71,1,1,impatiens,Male,EUTGYM,,,
Nachusa2020_7011,9/23/2020,isabells_knob,6,CRD,11:20:00 AM,11:44:00 AM,71,1,1,impatiens,Male,EUTGYM,,,
Nachusa2020_7012,9/23/2020,isabells_knob,6,CRD,11:20:00 AM,11:44:00 AM,71,1,1,impatiens,Female,EUTGYM,,,
Nachusa2020_7013,9/23/2020,isabells_knob,6,CRD,11:20:00 AM,11:44:00 AM,71,1,1,impatiens,Female,EUTGYM,,,
Nachusa2020_7014,9/23/2020,isabells_knob,6,CRD,11:20:00 AM,11:44:00 AM,71,1,1,impatiens,Female,EUTGYM,,,
Nachusa2020_7015,9/23/2020,isabells_knob,6,CRD,11:20:00 AM,11:44:00 AM,71,1,1,impatiens,unknown,HELGRO,,,
Nachusa2020_7016,9/23/2020,isabells_knob,6,CRD,11:20:00 AM,11:44:00 AM,71,1,1,impatiens,unknown,HELGRO,,,
Nachusa2020_7017,9/23/2020,isabells_knob,6,CRD,11:20:00 AM,11:44:00 AM,71,1,1,impatiens,Male,SOLSPE,,,
Nachusa2020_7018,9/23/2020,isabells_knob,6,CRD,11:20:00 AM,11:44:00 AM,71,1,1,impatiens,Male,SOLSPE,,,
Nachusa2020_7019,9/23/2020,leopold_knob,5,CRD,12:25:00 PM,12:46:00 PM,74,1,1,impatiens,Male,SOLNEM,,,
Nachusa2020_7020,9/23/2020,leopold_knob,5,CRD,12:25:00 PM,12:46:00 PM,74,1,1,impatiens,Male,EUTGYM,,,
Nachusa2020_7021,9/23/2020,holland_prairie_west,10,CRD,1:26:00 PM,1:48:00 PM,75,1,1,impatiens,Male,SYMLAV,,,
Nachusa2020_7022,9/23/2020,holland_prairie_west,10,CRD,1:26:00 PM,1:48:00 PM,75,1,1,impatiens,Male,SYMLAV,,,
Nachusa2020_7023,9/25/2020,clear_creek_knolls,8,CRD,10:45:00 PM,11:05:00 PM,72,1,1,None,na,na,,,
Nachusa2020_7024,9/25/2020,kittentail_knob,4,CRD,11:52:00 AM,12:12:00 PM,75,1,1,impatiens,Male,SOLCAN,,,
Nachusa2020_7025,9/25/2020,kittentail_knob,4,CRD,11:52:00 AM,12:12:00 PM,75,1,1,impatiens,Male,SOLSPE,,,
Nachusa2020_7026,9/27/2020,sanders_unit,8,CRD,11:54:00 AM,12:14:00 AM,71,2,2,impatiens,Male,SOLCAN,,,
Nachusa2020_7027,9/27/2020,sanders_unit,8,CRD,11:54:00 AM,12:14:00 AM,71,2,2,impatiens,Male,SYMLAV,,,
Nachusa2020_7028,9/27/2020,sanders_unit,8,CRD,11:54:00 AM,12:14:00 AM,71,2,2,impatiens,Male,SYMLAV,,,
Nachusa2020_7029,9/27/2020,sanders_unit,8,CRD,11:54:00 AM,12:14:00 AM,71,2,2,impatiens,Male,SYMLAV,,,
Nachusa2020_7030,9/27/2020,doug_dot_unit,7,CRD,10:56 AM,11:20:00 AM,70,2,2,rufocinctus,Female,SYMNOV,,,Queen
Nachusa2020_7031,9/27/2020,doug_dot_unit,7,CRD,10:56 AM,11:20:00 AM,70,2,2,impatiens,Male,SYMNOV,,,
Nachusa2020_7032,9/27/2020,doug_dot_unit,7,CRD,10:56 AM,11:20:00 AM,70,2,2,impatiens,Male,SYMLAV,,,
Nachusa2020_7033,9/27/2020,doug_dot_unit,7,CRD,10:56 AM,11:20:00 AM,70,2,2,impatiens,Male,SYMOOL,,,
Nachusa2020_7034,9/27/2020,doug_dot_unit,7,CRD,10:56 AM,11:20:00 AM,70,2,2,impatiens,Male,SYMOOL,,,
Nachusa2020_7035,9/27/2020,sengers,8,CRD,12:42:00 PM,1:02:00 PM,72,2,2,impatiens,Male,SYMLAV,,,
Nachusa2020_7036,9/27/2020,sengers,8,CRD,12:42:00 PM,1:02:00 PM,72,2,2,impatiens,Male,SYMLAV,,,
Nachusa2020_7037,9/27/2020,sengers,8,CRD,12:42:00 PM,1:02:00 PM,72,2,2,impatiens,Male,SYMLAV,,,
Nachusa2020_7038,9/28/2020,rolling_thunder,8,CRD,2:56:00 PM,3:18:00 PM,60,2,2,griseocollis,Female,CIRDIS,,,
Nachusa2020_7039,9/28/2020,rolling_thunder,8,CRD,2:56:00 PM,3:18:00 PM,60,2,2,impatiens,Male,SOLCAN,,,
Nachusa2020_7040,9/28/2020,rolling_thunder,8,CRD,2:56:00 PM,3:18:00 PM,60,2,2,impatiens,Female,CIRDIS,,,
Nachusa2020_7041,9/28/2020,rolling_thunder,8,CRD,2:56:00 PM,3:18:00 PM,60,2,2,impatiens,Female,CIRDIS,,,
Nachusa2020_7042,9/28/2020,rolling_thunder,8,CRD,2:56:00 PM,3:18:00 PM,60,2,2,impatiens,Female,CIRDIS,,,
Nachusa2020_7043,9/28/2020,rolling_thunder,8,CRD,2:56:00 PM,3:18:00 PM,60,2,2,impatiens,Female,CIRDIS,,,
Nachusa2020_7044,9/28/2020,rolling_thunder,8,CRD,2:56:00 PM,3:18:00 PM,60,2,2,impatiens,Male,HELGRO,,,
Nachusa2020_7045,9/28/2020,rolling_thunder,8,CRD,2:56:00 PM,3:18:00 PM,60,2,2,impatiens,Male,SYMLAN,,,
Nachusa2020_7046,9/29/2020,east_heinkel,9,CRD,12:14:00 PM,12:34:00 PM,48,2,2,impatiens,Male,SYMLAV,,,
Nachusa2020_7047,9/29/2020,no_name_knob,6,CRD,1:25:00 PM,1:49:00 PM,54,2,2,impatiens,Male,SOLCAN,,,
Nachusa2020_7048,9/29/2020,no_name_knob,6,CRD,1:25:00 PM,1:49:00 PM,54,2,2,impatiens,Male,SOLCAN,,,Barley Moving
Nachusa2020_7049,9/29/2020,no_name_knob,6,CRD,1:25:00 PM,1:49:00 PM,54,2,2,impatiens,Male,SOLCAN,,,
Nachusa2020_7050,9/29/2020,no_name_knob,6,CRD,1:25:00 PM,1:49:00 PM,54,2,2,impatiens,Male,SOLCAN,,,
Nachusa2020_7051,9/29/2020,no_name_knob,6,CRD,1:25:00 PM,1:49:00 PM,54,2,2,impatiens,Male,SOLCAN,,,
Nachusa2020_7052,9/29/2020,no_name_knob,6,CRD,1:25:00 PM,1:49:00 PM,54,2,2,griseocollis,Male,CIRDIS,,,Barley Moving
Nachusa2020_7053,9/29/2020,no_name_knob,6,CRD,1:25:00 PM,1:49:00 PM,54,2,2,impatiens,Male,HELGRO,,,
Nachusa2020_7054,9/29/2020,no_name_knob,6,CRD,1:25:00 PM,1:49:00 PM,54,2,2,impatiens,Male,HELGRO,,,
Nachusa2020_7055,9/29/2020,no_name_knob,6,CRD,1:25:00 PM,1:49:00 PM,54,2,2,impatiens,Male,HELGRO,,,
Nachusa2020_7056,9/29/2020,no_name_knob,6,CRD,1:25:00 PM,1:49:00 PM,54,2,2,impatiens,Male,HELGRO,,,
Nachusa2020_7057,9/29/2020,no_name_knob,6,CRD,1:25:00 PM,1:49:00 PM,54,2,2,impatiens,Male,HELGRO,,,
Nachusa2020_7058,9/29/2020,no_name_knob,6,CRD,1:25:00 PM,1:49:00 PM,54,2,2,impatiens,Male,HELGRO,,,
Nachusa2020_7059,9/29/2020,no_name_knob,6,CRD,1:25:00 PM,1:49:00 PM,54,2,2,impatiens,Male,HELGRO,,,
Nachusa2020_7060,9/29/2020,no_name_knob,6,CRD,1:25:00 PM,1:49:00 PM,54,2,2,impatiens,Male,HELGRO,,,
Nachusa2020_7061,9/29/2020,no_name_knob,6,CRD,1:25:00 PM,1:49:00 PM,54,2,2,impatiens,Male,HELGRO,,,
Nachusa2020_7062,9/29/2020,no_name_knob,6,CRD,1:25:00 PM,1:49:00 PM,54,2,2,impatiens,Male,HELGRO,,,
Nachusa2020_7063,9/29/2020,no_name_knob,6,CRD,1:25:00 PM,1:49:00 PM,54,2,2,impatiens,Male,HELGRO,,,
Nachusa2020_7064,9/29/2020,no_name_knob,6,CRD,1:25:00 PM,1:49:00 PM,54,2,2,impatiens,Male,HELGRO,,,
Nachusa2020_7065,9/29/2020,no_name_knob,6,CRD,1:25:00 PM,1:49:00 PM,54,2,2,impatiens,Male,HELGRO,,,
Nachusa2020_7066,9/29/2020,no_name_knob,6,CRD,1:25:00 PM,1:49:00 PM,54,2,2,impatiens,Male,HELGRO,,,
Nachusa2020_7067,9/29/2020,no_name_knob,6,CRD,1:25:00 PM,1:49:00 PM,54,2,2,impatiens,Male,HELGRO,,,
Nachusa2020_7068,9/29/2020,no_name_knob,6,CRD,1:25:00 PM,1:49:00 PM,54,2,2,impatiens,Male,HELGRO,,,
Nachusa2020_7069,9/29/2020,no_name_knob,6,CRD,1:25:00 PM,1:49:00 PM,54,2,2,impatiens,Male,SOLRIG,,,
Nachusa2020_7070,9/29/2020,no_name_knob,6,CRD,1:25:00 PM,1:49:00 PM,54,2,2,impatiens,Male,SYMNOV,,,
Nachusa2020_7071,9/29/2020,no_name_knob,6,CRD,1:25:00 PM,1:49:00 PM,54,2,2,impatiens,Male,SYMNOV,,,
Nachusa2020_7072,9/29/2020,no_name_knob,6,CRD,1:25:00 PM,1:49:00 PM,54,2,2,impatiens,Male,SYMNOV,,,pink morph SYMNOV
Nachusa2020_7073,9/29/2020,no_name_knob,6,CRD,1:25:00 PM,1:49:00 PM,54,2,2,impatiens,Male,CIRDIS,,,