date,site,visit_number,quadrat,flower_species,inflorescene_type,avg_flow_inflorescene,num_plants,num_flower
6/16/2020,holland_prairie_east,1,1,PENDIG,flower,1,9,75
6/16/2020,holland_prairie_east,1,2,TRIREP,head,11,na,46
6/16/2020,holland_prairie_east,1,2,PENDIG,flower,1,2,6
6/16/2020,holland_prairie_east,1,3,TRIPRA,head,65,na,92
6/16/2020,holland_prairie_east,1,3,TRAOHI,flower,1,1,3
6/16/2020,holland_prairie_east,1,4,TRAOHI,flower,1,1,3
6/16/2020,holland_prairie_east,1,5,TRAOHI,flower,1,5,12
6/16/2020,holland_prairie_east,1,5,PENDIG,flower,1,2,27
6/16/2020,holland_prairie_east,1,6,TRIHYB,head,22,na,163
6/16/2020,holland_prairie_east,1,7,PENDIG,flower,1,3,16
6/16/2020,holland_prairie_east,1,7,TRIPRA,head,65,na,24
6/16/2020,holland_prairie_east,1,7,TRIHYB,head,22,na,96
6/16/2020,holland_prairie_east,1,8,TRAOHI,flower,1,1,2
6/16/2020,holland_prairie_east,1,8,TRIPRA,head,65,na,49
6/16/2020,holland_prairie_east,1,8,TRIREP,head,11,na,4
6/16/2020,holland_prairie_east,1,9,TRIHYB,head,22,na,105
6/16/2020,holland_prairie_east,1,10,TRAOHI,flower,1,1,2
6/16/2020,holland_prairie_east,1,10,PENDIG,flower,1,6,38
6/16/2020,holland_prairie_east,1,10,TRIREP,head,11,na,2
6/16/2020,oak_island,1,1,ERISTR,flower,1,1,5
6/16/2020,oak_island,1,2,ERISTR,flower,1,2,10
6/16/2020,oak_island,1,3,TRIREP,head,21,na,15
6/16/2020,oak_island,1,3,ERISTR,flower,1,1,16
6/16/2020,oak_island,1,4,ACHMIL,head,99,1,7
6/16/2020,oak_island,1,4,TRIREP,head,21,na,12
6/16/2020,oak_island,1,4,TRIPRA,head,72,na,28
6/16/2020,oak_island,1,4,TRIHYB,head,17,na,10
6/16/2020,oak_island,1,5,TRIPRA,head,72,na,12
6/16/2020,oak_island,1,5,TRIHYB,head,17,na,4
6/16/2020,oak_island,1,6,TRIREP,head,21,na,5
6/16/2020,oak_island,1,7,TRIREP,head,21,na,16
6/16/2020,oak_island,1,7,TRIHYB,head,17,na,29
6/16/2020,oak_island,1,8,TRIREP,head,21,na,1
6/16/2020,oak_island,1,8,TRIPRA,head,72,na,1
6/16/2020,oak_island,1,8,ACHMIL,head,99,1,1
6/16/2020,oak_island,1,8,MEDLUP,flower,1,2,4
6/16/2020,oak_island,1,9,TRIHYB,head,17,na,40
6/16/2020,oak_island,1,9,TRIPRA,head,72,na,24
6/16/2020,oak_island,1,10,TRIHYB,head,17,na,8
6/16/2020,oak_island,1,10,TRIPRA,head,72,na,15
6/16/2020,oak_island,1,10,TRIREP,head,21,na,5
6/16/2020,flag_lowden,1,1,PENDIG,flower,1,1,18
6/16/2020,flag_lowden,1,1,HETVIL,flower,1,1,4
6/16/2020,flag_lowden,1,2,ERIANN,flower,1,1,12
6/16/2020,flag_lowden,1,2,BLECIL,whorl,22,5,48
6/16/2020,flag_lowden,1,3,CORLAN,flower,1,1,3
6/16/2020,flag_lowden,1,4,PENDIG,flower,1,2,12
6/16/2020,flag_lowden,1,5,CORLAN,flower,1,1,4
6/16/2020,flag_lowden,1,6,None,na,0,0,0
6/16/2020,flag_lowden,1,7,BLECIL,whorl,1,9,164
6/16/2020,flag_lowden,1,8,ERIANN,flower,1,1,16
6/16/2020,flag_lowden,1,9,TRIPRA,head,40,na,8
6/16/2020,flag_lowden,1,9,ERISTR,flower,1,1,1
6/16/2020,flag_lowden,1,10,PENDIG,flower,1,3,32
6/16/2020,clear_creek_knolls,1,1,TRIPRA,head,92,na,46
6/16/2020,clear_creek_knolls,1,2,PENDIG,flower,1,2,23
6/16/2020,clear_creek_knolls,1,2,ACHMIL,head,75,1,1
6/16/2020,clear_creek_knolls,1,3,TRIPRA,head,92,na,7
6/16/2020,clear_creek_knolls,1,3,PENDIG,flower,1,2,30
6/16/2020,clear_creek_knolls,1,3,TRAOHI,flower,1,1,1
6/16/2020,clear_creek_knolls,1,4,TRIHYB,head,15,na,6
6/16/2020,clear_creek_knolls,1,5,PENDIG,flower,1,7,60
6/16/2020,clear_creek_knolls,1,5,TRIPRA,head,92,na,3
6/16/2020,clear_creek_knolls,1,6,PENDIG,flower,1,1,10
6/16/2020,clear_creek_knolls,1,7,PENDIG,flower,1,7,113
6/16/2020,clear_creek_knolls,1,8,TRIPRA,head,92,na,49
6/16/2020,clear_creek_knolls,1,8,TRIHYB,head,15,na,37
6/16/2020,clear_creek_knolls,1,8,PENDIG,flower,1,5,60
6/16/2020,clear_creek_knolls,1,9,PENDIG,flower,1,3,42
6/16/2020,clear_creek_knolls,1,10,PENDIG,flower,1,3,182
6/16/2020,clear_creek_knolls,1,10,TRIHYB,head,15,na,9
6/17/2020,rolling_thunder,1,1,ERISTR,flower,1,3,89
6/17/2020,rolling_thunder,1,1,ACHMIL,head,68,1,1
6/17/2020,rolling_thunder,1,1,TRIPRA,head,95,na,5
6/17/2020,rolling_thunder,1,1,CORLAN,flower,1,1,1
6/17/2020,rolling_thunder,1,2,TRIPRA,head,95,na,25
6/17/2020,rolling_thunder,1,2,ACHMIL,head,68,2,6
6/17/2020,rolling_thunder,1,3,TRIPRA,head,95,na,5
6/17/2020,rolling_thunder,1,3,ANEVIR,flower,1,1,1
6/17/2020,rolling_thunder,1,4,TRIPRA,head,95,na,19
6/17/2020,rolling_thunder,1,5,TRIPRA,head,95,na,17
6/17/2020,rolling_thunder,1,5,TRIHYB,head,32,na,25
6/17/2020,rolling_thunder,1,6,TRIPRA,head,95,na,30
6/17/2020,rolling_thunder,1,6,PENDIG,head,1,1,1
6/17/2020,rolling_thunder,1,7,TRIPRA,head,95,na,7
6/17/2020,rolling_thunder,1,8,ERIANN,flower,1,2,7
6/17/2020,rolling_thunder,1,8,TRIPRA,head,95,na,33
6/17/2020,rolling_thunder,1,9,ERISTR,flower,1,1,4
6/17/2020,rolling_thunder,1,9,TRIPRA,head,95,na,36
6/17/2020,rolling_thunder,1,9,ACHMIL,head,68,1,1
6/17/2020,rolling_thunder,1,10,TRIPRA,head,95,na,21
6/17/2020,rolling_thunder,1,10,ACHMIL,head,68,1,1
6/17/2020,rolling_thunder,1,10,POLPOL,flower,1,4,20
6/17/2020,naylor_road,1,1,ERIANN,flower,1,1,3
6/17/2020,naylor_road,1,2,PENDIG,flower,1,3,35
6/17/2020,naylor_road,1,2,TRIHYB,head,34,na,8
6/17/2020,naylor_road,1,3,PENDIG,flower,1,5,75
6/17/2020,naylor_road,1,4,PENDIG,flower,1,2,14
6/17/2020,naylor_road,1,5,PENDIG,flower,1,2,46
6/17/2020,naylor_road,1,6,PENDIG,flower,1,2,47
6/17/2020,naylor_road,1,7,PENDIG,flower,1,2,8
6/17/2020,naylor_road,1,8,PENDIG,flower,1,4,52
6/17/2020,naylor_road,1,9,PENDIG,flower,1,4,35
6/17/2020,naylor_road,1,10,PENDIG,flower,1,2,26
6/17/2020,naylor_road,1,10,TRIHYB,head,34,na,7
6/17/2020,big_jump_east,1,1,LOTCOR,flower,1,na,42
6/17/2020,big_jump_east,1,1,PLALAN,spike,20,5,15
6/17/2020,big_jump_east,1,1,TRIHYB,head,15,na,4
6/17/2020,big_jump_east,1,1,ACHMIL,head,146,1,1
6/17/2020,big_jump_east,1,2,ACHMIL,head,146,4,12
6/17/2020,big_jump_east,1,2,LOTCOR,flower,1,na,13
6/17/2020,big_jump_east,1,2,POTREC,flower,1,1,1
6/17/2020,big_jump_east,1,3,ACHMIL,head,146,3,6
6/17/2020,big_jump_east,1,3,LOTCOR,flower,1,na,109
6/17/2020,big_jump_east,1,3,ERISTR,flower,1,4,123
6/17/2020,big_jump_east,1,4,ACHMIL,head,146,7,15
6/17/2020,big_jump_east,1,4,LOTCOR,flower,1,na,311
6/17/2020,big_jump_east,1,4,ERISTR,flower,1,3,36
6/17/2020,big_jump_east,1,5,ACHMIL,head,146,5,15
6/17/2020,big_jump_east,1,5,LOTCOR,flower,1,na,117
6/17/2020,big_jump_east,1,5,ERISTR,flower,1,1,10
6/17/2020,big_jump_east,1,6,ACHMIL,head,146,5,15
6/17/2020,big_jump_east,1,6,TRIPRA,head,33,na,4
6/17/2020,big_jump_east,1,6,LOTCOR,flower,1,na,150
6/17/2020,big_jump_east,1,7,ACHMIL,head,146,2,4
6/17/2020,big_jump_east,1,7,LOTCOR,flower,1,na,16
6/17/2020,big_jump_east,1,7,TRIHYB,head,15,na,37
6/17/2020,big_jump_east,1,7,POTREC,flower,1,1,2
6/17/2020,big_jump_east,1,8,TRIPRA,head,33,na,32
6/17/2020,big_jump_east,1,8,LOTCOR,flower,1,na,55
6/17/2020,big_jump_east,1,9,ACHMIL,head,146,1,3
6/17/2020,big_jump_east,1,9,LOTCOR,flower,1,na,85
6/17/2020,big_jump_east,1,9,TRIPRA,head,33,na,2
6/17/2020,big_jump_east,1,9,TRIHYB,head,15,na,8
6/17/2020,big_jump_east,1,10,ERIANN,flower,1,4,29
6/17/2020,big_jump_east,1,10,TRIPRA,head,33,na,23
6/17/2020,big_jump_east,1,10,TRIHYB,head,15,na,16
6/17/2020,big_jump_east,1,10,LOTCOR,flower,1,na,3
6/17/2020,big_jump_east,1,10,ACHMIL,head,146,1,3
6/17/2020,big_jump_east,1,10,TRIREP,head,17,na,1
6/18/2020,prairie_potholes,1,1,PENDIG,flower,1,5,33
6/18/2020,prairie_potholes,1,1,LOBSPI,flower,1,1,6
6/18/2020,prairie_potholes,1,2,PENDIG,flower,1,41,88
6/18/2020,prairie_potholes,1,2,TRIHYB,head,32,na,8
6/18/2020,prairie_potholes,1,3,PENDIG,flower,1,6,47
6/18/2020,prairie_potholes,1,3,TRIHYB,head,32,na,27
6/18/2020,prairie_potholes,1,3,LOBSPI,flower,1,1,19
6/18/2020,prairie_potholes,1,4,PENDIG,flower,1,4,47
6/18/2020,prairie_potholes,1,5,PENDIG,flower,1,4,43
6/18/2020,prairie_potholes,1,5,TRIPRA,head,49,na,4
6/18/2020,prairie_potholes,1,5,TRIHYB,head,32,na,2
6/18/2020,prairie_potholes,1,6,PENDIG,flower,1,3,32
6/18/2020,prairie_potholes,1,6,TRIHYB,head,32,na,27
6/18/2020,prairie_potholes,1,7,TRIPRA,head,49,na,41
6/18/2020,prairie_potholes,1,7,TRIHYB,head,32,na,26
6/18/2020,prairie_potholes,1,7,ERISTR,flower,1,2,14
6/18/2020,prairie_potholes,1,8,TRIPRA,head,49,na,3
6/18/2020,prairie_potholes,1,8,PENDIG,flower,1,3,25
6/18/2020,prairie_potholes,1,9,PENDIG,flower,1,4,20
6/18/2020,prairie_potholes,1,9,TRIPRA,head,49,na,26
6/18/2020,prairie_potholes,1,9,TRIHYB,head,32,na,3
6/18/2020,prairie_potholes,1,10,PENDIG,flower,1,2,9
6/18/2020,prairie_potholes,1,10,TRIHYB,head,32,na,45
6/18/2020,east_heinkel,1,1,ECHPAL,flower,1,1,1
6/18/2020,east_heinkel,1,1,TRIPRA,head,24,na,7
6/18/2020,east_heinkel,1,1,TRIREP,head,21,na,2
6/18/2020,east_heinkel,1,2,TRIPRA,head,24,na,4
6/18/2020,east_heinkel,1,2,ERISTR,flower,1,4,21
6/18/2020,east_heinkel,1,3,TRIHYB,head,24,na,12
6/18/2020,east_heinkel,1,3,ANECYL,flower,1,1,1
6/18/2020,east_heinkel,1,4,MEDLUP,flower,1,na,6
6/18/2020,east_heinkel,1,5,PENDIG,flower,1,3,37
6/18/2020,east_heinkel,1,5,TRIPRA,head,24,na,2
6/18/2020,east_heinkel,1,5,ANECYL,flower,1,1,1
6/18/2020,east_heinkel,1,5,TRIHYB,head,24,na,1
6/18/2020,east_heinkel,1,6,ECHPAL,flower,1,1,1
6/18/2020,east_heinkel,1,6,TRIHYB,head,24,na,12
6/18/2020,east_heinkel,1,7,ERISTR,flower,1,1,13
6/18/2020,east_heinkel,1,7,TRIPRA,head,24,na,45
6/18/2020,east_heinkel,1,7,TRIHYB,head,24,na,12
6/18/2020,east_heinkel,1,8,TRIPRA,head,24,na,73
6/18/2020,east_heinkel,1,8,ANECYL,flower,1,1,1
6/18/2020,east_heinkel,1,9,TRIPRA,head,24,na,17
6/18/2020,east_heinkel,1,9,ERISTR,flower,1,2,4
6/18/2020,east_heinkel,1,10,ECHPAL,flower,1,1,1
6/18/2020,east_heinkel,1,10,TRIPRA,head,24,na,1
6/18/2020,bishop_south,1,1,PENDIG,flower,1,2,24
6/18/2020,bishop_south,1,2,PENDIG,flower,1,3,49
6/18/2020,bishop_south,1,3,PENDIG,flower,1,5,55
6/18/2020,bishop_south,1,4,PENDIG,flower,1,1,3
6/18/2020,bishop_south,1,5,PENDIG,flower,1,1,38
6/18/2020,bishop_south,1,5,ERIANN,flower,1,5,19
6/18/2020,bishop_south,1,6,PENDIG,flower,1,2,18
6/18/2020,bishop_south,1,7,PENDIG,flower,1,2,26
6/18/2020,bishop_south,1,8,PENDIG,flower,1,1,18
6/18/2020,bishop_south,1,9,PENDIG,flower,1,5,52
6/18/2020,bishop_south,1,9,ERIANN,flower,1,1,3
6/18/2020,bishop_south,1,10,PENDIG,flower,1,2,5
6/18/2020,flag_lowden,2,1,None,na,0,0,0
6/18/2020,flag_lowden,2,2,BLECIL,whorl,19,4,94
6/18/2020,flag_lowden,2,2,CORLAN,flower,1,1,1
6/18/2020,flag_lowden,2,3,BLECIL,whorl,19,8,204
6/18/2020,flag_lowden,2,4,BLECIL,whorl,19,4,66
6/18/2020,flag_lowden,2,4,CORLAN,flower,1,1,2
6/18/2020,flag_lowden,2,5,BLECIL,whorl,19,5,131
6/18/2020,flag_lowden,2,6,BLECIL,whorl,19,7,79
6/18/2020,flag_lowden,2,6,PENDIG,flower,1,1,2
6/18/2020,flag_lowden,2,6,ERIANN,flower,1,1,1
6/18/2020,flag_lowden,2,7,BLECIL,whorl,19,7,127
6/18/2020,flag_lowden,2,7,ERIANN,flower,1,2,14
6/18/2020,flag_lowden,2,8,PENDIG,flower,1,1,19
6/18/2020,flag_lowden,2,8,HETVIL,flower,1,1,1
6/18/2020,flag_lowden,2,9,PENDIG,flower,1,na,19
6/18/2020,flag_lowden,2,9,ACHMIL,head,250,2,6
6/18/2020,flag_lowden,2,9,GEUCAN,flower,1,1,3
6/18/2020,flag_lowden,2,10,PENDIG,flower,1,2,11
6/18/2020,flag_lowden,2,10,ERIANN,flower,19,1,16
6/19/2020,sandfarm,1,1,TRIPRA,head,29,na,15
6/19/2020,sandfarm,1,1,PENDIG,flower,1,3,10
6/19/2020,sandfarm,1,2,TRIPRA,head,29,na,9
6/19/2020,sandfarm,1,2,PENDIG,flower,1,1,3
6/19/2020,sandfarm,1,3,None,na,0,0,0
6/19/2020,sandfarm,1,4,TRIPRA,head,39,na,7
6/19/2020,sandfarm,1,5,ANECYL,flower,1,1,1
6/19/2020,sandfarm,1,5,TRIPRA,head,39,na,5
6/19/2020,sandfarm,1,6,TRIPRA,head,39,na,3
6/19/2020,sandfarm,1,6,PENDIG,flower,1,1,4
6/19/2020,sandfarm,1,7,TRIHYB,head,13,na,1
6/19/2020,sandfarm,1,7,PENDIG,flower,1,3,16
6/19/2020,sandfarm,1,8,PENDIG,flower,1,4,69
6/19/2020,sandfarm,1,9,TRIPRA,head,39,2,11
6/19/2020,sandfarm,1,9,PENDIG,flower,1,na,6
6/19/2020,sandfarm,1,10,PENDIG,flower,1,3,53
6/19/2020,holland_prairie_west,1,1,ECHPAL,flower,1,2,3
6/19/2020,holland_prairie_west,1,1,ACHMIL,head,70,2,2
6/19/2020,holland_prairie_west,1,1,TRIPRA,head,24,na,1
6/19/2020,holland_prairie_west,1,2,TRIHYB,head,15,na,9
6/19/2020,holland_prairie_west,1,2,TRIREP,head,7,na,2
6/19/2020,holland_prairie_west,1,2,ECHPAL,flower,1,4,5
6/19/2020,holland_prairie_west,1,2,PENDIG,flower,1,1,3
6/19/2020,holland_prairie_west,1,3,ECHPAL,flower,1,2,2
6/19/2020,holland_prairie_west,1,4,TRIPRA,head,24,na,19
6/19/2020,holland_prairie_west,1,5,ECHPAL,flower,1,4,2
6/19/2020,holland_prairie_west,1,6,ECHPAL,flower,1,2,2
6/19/2020,holland_prairie_west,1,6,TRIPRA,head,24,na,3
6/19/2020,holland_prairie_west,1,6,BAPALB,flower,1,1,8
6/19/2020,holland_prairie_west,1,7,ECHPAL,flower,1,2,2
6/19/2020,holland_prairie_west,1,7,TRIPRA,head,24,na,9
6/19/2020,holland_prairie_west,1,7,CORPAL,flower,1,1,1
6/19/2020,holland_prairie_west,1,7,TRIHYB,head,15,na,3
6/19/2020,holland_prairie_west,1,8,TRIHYB,head,15,na,2
6/19/2020,holland_prairie_west,1,9,ECHPAL,flower,1,1,3
6/19/2020,holland_prairie_west,1,9,ACHMIL,head,70,2,4
6/19/2020,holland_prairie_west,1,9,DIAARM,flower,1,1,1
6/19/2020,holland_prairie_west,1,9,TRIHYB,head,15,na,10
6/19/2020,holland_prairie_west,1,10,ECHPAL,flower,1,1,1
6/19/2020,holland_prairie_west,1,10,TRIPRA,head,24,na,6
6/19/2020,sanders_unit,1,1,DIAARM,flower,1,1,3
6/19/2020,sanders_unit,1,1,ERISTR,flower,1,1,3
6/19/2020,sanders_unit,1,1,TRIPRA,head,32,na,10
6/19/2020,sanders_unit,1,1,PENDIG,flower,1,1,6
6/19/2020,sanders_unit,1,2,PENDIG,flower,1,1,6
6/19/2020,sanders_unit,1,3,PENDIG,flower,1,2,33
6/19/2020,sanders_unit,1,4,PENDIG,flower,1,2,9
6/19/2020,sanders_unit,1,5,None,na,0,0,0
6/19/2020,sanders_unit,1,6,None,na,0,0,0
6/19/2020,sanders_unit,1,7,PENDIG,flower,1,2,5
6/19/2020,sanders_unit,1,7,CORLAN,flower,1,1,1
6/19/2020,sanders_unit,1,8,None,na,0,0,0
6/19/2020,sanders_unit,1,9,PENDIG,flower,1,2,68
6/19/2020,sanders_unit,1,10,PENDIG,flower,1,1,4
6/19/2020,bishop_south,2,1,PENDIG,flower,1,2,12
6/19/2020,bishop_south,2,2,PENDIG,flower,1,3,40
6/19/2020,bishop_south,2,3,PENDIG,flower,1,1,3
6/19/2020,bishop_south,2,4,PENDIG,flower,1,6,40
6/19/2020,bishop_south,2,5,PENDIG,flower,1,2,33
6/19/2020,bishop_south,2,6,PENDIG,flower,1,6,56
6/19/2020,bishop_south,2,7,PENDIG,flower,1,2,43
6/19/2020,bishop_south,2,8,None,na,0,0,0
6/19/2020,bishop_south,2,9,PENDIG,flower,1,2,17
6/19/2020,bishop_south,2,10,PENDIG,flower,1,1,2
6/19/2020,bishop_south,2,10,ERIANN,flower,1,1,1
6/20/2020,sandfarm,2,1,TRIPRA,head,38,na,11
6/20/2020,sandfarm,2,1,TRIHYB,head,25,na,19
6/20/2020,sandfarm,2,1,ERISTR,flower,1,1,4
6/20/2020,sandfarm,2,2,PENDIG,flower,1,3,31
6/20/2020,sandfarm,2,2,TRIPRA,head,38,na,1
6/20/2020,sandfarm,2,3,PENDIG,flower,1,na,25
6/20/2020,sandfarm,2,4,PENDIG,flower,1,4,32
6/20/2020,sandfarm,2,4,TRAOHI,flower,1,4,9
6/20/2020,sandfarm,2,5,PENDIG,flower,1,5,4
6/20/2020,sandfarm,2,5,TRIPRA,head,38,1,3
6/20/2020,sandfarm,2,6,PENDIG,flower,1,1,33
6/20/2020,sandfarm,2,6,TRIHYB,head,25,na,3
6/20/2020,sandfarm,2,7,PENDIG,flower,1,4,16
6/20/2020,sandfarm,2,7,TRIPRA,head,38,na,2
6/20/2020,sandfarm,2,8,PENDIG,flower,1,3,15
6/20/2020,sandfarm,2,8,TRIPRA,head,38,na,4
6/20/2020,sandfarm,2,9,TRIPRA,head,38,na,8
6/20/2020,sandfarm,2,9,PENDIG,flower,1,1,1
6/20/2020,sandfarm,2,10,TRIPRA,head,38,na,8
6/22/2020,sengers,1,1,PENDIG,flower,1,1,4
6/22/2020,sengers,1,1,TRIHYB,head,18,na,10
6/22/2020,sengers,1,2,ECHPAL,flower,1,1,1
6/22/2020,sengers,1,2,TRIHYB,head,18,na,4
6/22/2020,sengers,1,2,ERISTR,flower,1,2,13
6/22/2020,sengers,1,3,TRIREP,head,7,na,1
6/22/2020,sengers,1,3,TRIHYB,head,18,na,4
6/22/2020,sengers,1,3,PENDIG,flower,1,1,1
6/22/2020,sengers,1,4,ECHPAL,flower,1,2,2
6/22/2020,sengers,1,4,PENDIG,flower,1,2,3
6/22/2020,sengers,1,4,TRIHYB,head,18,na,1
6/22/2020,sengers,1,5,PENDIG,flower,1,3,10
6/22/2020,sengers,1,6,PENDIG,flower,1,1,2
6/22/2020,sengers,1,7,TRIHYB,head,18,na,23
6/22/2020,sengers,1,7,ECHPAL,flower,1,1,2
6/22/2020,sengers,1,8,BAPALB,flower,1,1,21
6/22/2020,sengers,1,8,ECHPAL,flower,1,1,1
6/22/2020,sengers,1,8,PENDIG,flower,1,1,2
6/22/2020,sengers,1,8,HETVIL,flower,1,1,1
6/22/2020,sengers,1,9,PENDIG,flower,1,2,8
6/22/2020,sengers,1,10,TRIREP,head,7,na,5
6/22/2020,sengers,1,10,TRIHYB,head,18,na,13
6/22/2020,hook_larson,1,1,ACHMIL,head,174,1,1
6/22/2020,hook_larson,1,1,TRIPRA,head,35,na,26
6/22/2020,hook_larson,1,2,ACHMIL,head,174,2,2
6/22/2020,hook_larson,1,2,TRIPRA,head,35,na,14
6/22/2020,hook_larson,1,2,ERISTR,flower,1,2,11
6/22/2020,hook_larson,1,2,TRIHYB,head,16,na,12
6/22/2020,hook_larson,1,3,RUDHIR,flower,1,2,2
6/22/2020,hook_larson,1,3,ACHMIL,head,174,1,1
6/22/2020,hook_larson,1,3,ERISTR,flower,1,2,35
6/22/2020,hook_larson,1,3,TRIHYB,head,16,na,22
6/22/2020,hook_larson,1,4,TRIHYB,head,16,na,5
6/22/2020,hook_larson,1,5,ANECYL,flower,1,1,1
6/22/2020,hook_larson,1,6,ECHPAL,flower,1,1,2
6/22/2020,hook_larson,1,6,TRIPRA,head,35,na,14
6/22/2020,hook_larson,1,7,ACHMIL,head,174,1,2
6/22/2020,hook_larson,1,7,TRIPRA,head,35,na,11
6/22/2020,hook_larson,1,8,TRIPRA,head,35,na,27
6/22/2020,hook_larson,1,8,TRIHYB,head,16,na,11
6/22/2020,hook_larson,1,9,ECHPAL,flower,1,3,7
6/22/2020,hook_larson,1,9,TRIPRA,head,35,na,10
6/22/2020,hook_larson,1,10,ECHPAL,flower,1,2,2
6/22/2020,hook_larson,1,10,RUDHIR,flower,1,1,1
6/22/2020,hook_larson,1,10,TRIPRA,head,35,na,3
6/22/2020,hook_larson,1,10,TRIHYB,head,16,na,4
6/22/2020,hook_larson,1,10,ERISTR,flower,1,1,14
6/23/2020,holland_prairie_west,1,1,ECHPAL,flower,1,1,1
6/23/2020,holland_prairie_west,1,1,TRAOHI,flower,1,1,1
6/23/2020,holland_prairie_west,1,1,TRIPRA,head,30,na,4
6/23/2020,holland_prairie_west,1,1,PARINT,flower,1,1,26
6/23/2020,holland_prairie_west,1,2,ECHPAL,flower,1,2,4
6/23/2020,holland_prairie_west,1,2,TRIPRA,head,30,na,19
6/23/2020,holland_prairie_west,1,3,ECHPAL,flower,1,2,2
6/23/2020,holland_prairie_west,1,3,TRIPRA,head,30,na,16
6/23/2020,holland_prairie_west,1,3,TRAOHI,flower,1,1,1
6/23/2020,holland_prairie_west,1,4,TRIPRA,head,30,na,44
6/23/2020,holland_prairie_west,1,5,TRIPRA,head,30,na,11
6/23/2020,holland_prairie_west,1,6,TRIPRA,head,30,na,11
6/23/2020,holland_prairie_west,1,6,ECHPAL,flower,1,1,1
6/23/2020,holland_prairie_west,1,7,TRIPRA,head,30,na,17
6/23/2020,holland_prairie_west,1,8,TRIPRA,head,30,na,6
6/23/2020,holland_prairie_west,1,9,TRIPRA,head,30,na,3
6/23/2020,holland_prairie_west,1,9,ECHPAL,flower,1,1,1
6/23/2020,holland_prairie_west,1,10,TRIPRA,head,30,na,6
6/23/2020,holland_prairie_west,1,10,TRAOHI,flower,1,1,2
6/23/2020,sengers,2,1,TRAOHI,flower,1,1,6
6/23/2020,sengers,2,1,TRIHYB,head,19,na,19
6/23/2020,sengers,2,1,ERISTR,flower,1,5,42
6/23/2020,sengers,2,2,ERIANN,flower,1,12,92
6/23/2020,sengers,2,2,TRIHYB,head,19,na,1
6/23/2020,sengers,2,3,ERISTR,flower,1,5,24
6/23/2020,sengers,2,3,TRIHYB,head,19,na,3
6/23/2020,sengers,2,3,TRIPRA,head,33,na,8
6/23/2020,sengers,2,4,TRIHYB,head,19,na,9
6/23/2020,sengers,2,4,RUDHIR,flower,1,1,2
6/23/2020,sengers,2,4,ERISTR,flower,1,2,11
6/23/2020,sengers,2,4,ANECYL,flower,1,1,1
6/23/2020,sengers,2,5,ERISTR,flower,1,2,6
6/23/2020,sengers,2,6,TRAOHI,flower,1,1,3
6/23/2020,sengers,2,6,PENDIG,flower,1,1,1
6/23/2020,sengers,2,6,ERIANN,flower,1,1,9
6/23/2020,sengers,2,6,ERISTR,flower,1,1,5
6/23/2020,sengers,2,7,ERISTR,flower,1,1,9
6/23/2020,sengers,2,7,TRIHYB,head,19,na,36
6/23/2020,sengers,2,8,None,na,0,0,0
6/23/2020,sengers,2,9,TRAOHI,flower,1,3,8
6/23/2020,sengers,2,9,TRIHYB,head,19,na,13
6/23/2020,sengers,2,9,ECHPAL,flower,1,1,2
6/23/2020,sengers,2,9,PENDIG,flower,1,2,7
6/23/2020,sengers,2,10,TRAOHI,flower,1,1,4
6/23/2020,sengers,2,10,TRIHYB,head,19,na,6
6/24/2020,main_unit_knobs,1,1,ECHPAL,flower,1,1,7
6/24/2020,main_unit_knobs,1,1,CORPAL,flower,1,na,3
6/24/2020,main_unit_knobs,1,2,None,na,0,0,0
6/24/2020,main_unit_knobs,1,3,ECHPAL,flower,1,1,4
6/24/2020,main_unit_knobs,1,4,ECHPAL,flower,1,2,8
6/24/2020,main_unit_knobs,1,5,None,na,0,0,0
6/24/2020,main_unit_knobs,1,6,TRIHYB,head,11,na,7
6/24/2020,main_unit_knobs,1,7,ACHMIL,head,159,1,1
6/24/2020,main_unit_knobs,1,8,ERISTR,flower,1,3,36
6/24/2020,main_unit_knobs,1,9,ERISTR,flower,1,2,129
6/24/2020,main_unit_knobs,1,10,ACHMIL,head,159,1,1
6/24/2020,main_unit_knobs,1,10,ERISTR,flower,1,5,255
6/24/2020,schafer_knob,1,1,ECHPAL,flower,1,1,1
6/24/2020,schafer_knob,1,2,ECHPAL,flower,1,2,2
6/24/2020,schafer_knob,1,3,ECHPAL,flower,1,1,1
6/24/2020,schafer_knob,1,4,TRIPRA,head,21,na,4
6/24/2020,schafer_knob,1,5,TRIPRA,head,21,na,17
6/24/2020,schafer_knob,1,5,ECHPAL,flower,1,1,1
6/24/2020,schafer_knob,1,5,ANECYL,flower,1,1,2
6/24/2020,schafer_knob,1,6,ECHPAL,flower,1,1,1
6/24/2020,schafer_knob,1,7,TRIPRA,head,21,na,32
6/24/2020,schafer_knob,1,7,ECHPAL,flower,1,1,1
6/24/2020,schafer_knob,1,7,TRAOHI,flower,1,1,2
6/24/2020,schafer_knob,1,7,DIAARM,flower,1,1,2
6/24/2020,schafer_knob,1,8,TRIPRA,head,21,na,21
6/24/2020,schafer_knob,1,8,ECHPAL,flower,1,1,1
6/24/2020,schafer_knob,1,8,ANECYL,flower,1,1,1
6/24/2020,schafer_knob,1,8,TRIHYB,head,16,na,1
6/24/2020,schafer_knob,1,9,TRIPRA,head,21,na,7
6/24/2020,schafer_knob,1,9,ECHPAL,flower,1,1,1
6/24/2020,schafer_knob,1,10,TRIPRA,head,21,na,11
6/24/2020,schafer_knob,1,10,ECHPAL,flower,1,1,2
6/25/2020,clear_creek_south,1,1,TRAOHI,flower,1,1,1
6/25/2020,clear_creek_south,1,2,TRAOHI,flower,1,1,1
6/25/2020,clear_creek_south,1,3,TRAOHI,flower,1,1,4
6/25/2020,clear_creek_south,1,3,PENDIG,flower,1,1,2
6/25/2020,clear_creek_south,1,4,TRAOHI,flower,1,1,2
6/25/2020,clear_creek_south,1,5,TRAOHI,flower,1,1,2
6/25/2020,clear_creek_south,1,5,PENDIG,flower,1,2,12
6/25/2020,clear_creek_south,1,6,TRAOHI,flower,1,2,3
6/25/2020,clear_creek_south,1,6,PENDIG,flower,1,4,49
6/25/2020,clear_creek_south,1,7,TRAOHI,flower,1,3,13
6/25/2020,clear_creek_south,1,8,PENDIG,flower,1,2,5
6/25/2020,clear_creek_south,1,9,TRAOHI,flower,1,2,6
6/25/2020,clear_creek_south,1,9,PENDIG,flower,1,1,8
6/25/2020,clear_creek_south,1,10,TRAOHI,flower,1,4,8
6/25/2020,doug_dot_unit,1,1,ERIANN,flower,1,1,10
6/25/2020,doug_dot_unit,1,2,None,na,0,0,0
6/25/2020,doug_dot_unit,1,3,TRIHYB,head,19,na,26
6/25/2020,doug_dot_unit,1,4,TRIHYB,head,19,na,8
6/25/2020,doug_dot_unit,1,5,None,na,0,0,0
6/25/2020,doug_dot_unit,1,6,None,na,0,0,0
6/25/2020,doug_dot_unit,1,7,None,na,0,0,0
6/25/2020,doug_dot_unit,1,8,ECHPAL,flower,1,1,1
6/25/2020,doug_dot_unit,1,8,BAPALB,flower,1,1,21
6/25/2020,doug_dot_unit,1,9,None,na,0,0,0
6/25/2020,doug_dot_unit,1,10,ECHPAL,flower,1,2,2
6/25/2020,doug_dot_unit,1,10,TRAOHI,flower,1,1,1
6/25/2020,seven_knobs,1,1,TRIPRA,head,37,na,6
6/25/2020,seven_knobs,1,1,TRIHYB,head,11,na,3
6/25/2020,seven_knobs,1,2,ECHPAL,flower,1,1,1
6/25/2020,seven_knobs,1,2,TRIPRA,head,37,na,1
6/25/2020,seven_knobs,1,3,TRIPRA,head,37,na,2
6/25/2020,seven_knobs,1,3,RUDHIR,flower,1,1,1
6/25/2020,seven_knobs,1,3,ECHPAL,flower,1,1,1
6/25/2020,seven_knobs,1,4,TRIPRA,head,37,na,4
6/25/2020,seven_knobs,1,5,PENDIG,flower,1,1,6
6/25/2020,seven_knobs,1,5,TRIPRA,head,37,na,13
6/25/2020,seven_knobs,1,6,TRIHYB,head,11,na,1
6/25/2020,seven_knobs,1,6,POLPOL,flower,1,2,12
6/25/2020,seven_knobs,1,7,ACHMIL,head,42,1,1
6/25/2020,seven_knobs,1,7,TRIPRA,head,37,na,18
6/25/2020,seven_knobs,1,8,TRIPRA,head,37,na,24
6/25/2020,seven_knobs,1,8,TRIHYB,head,11,na,1
6/25/2020,seven_knobs,1,9,TRIPRA,head,37,na,5
6/25/2020,seven_knobs,1,10,TRIPRA,head,37,na,4
6/25/2020,seven_knobs,1,10,ECHPAL,flower,1,2,2
6/25/2020,coneflower_trash_knob,1,1,ECHPAL,flower,1,2,3
6/25/2020,coneflower_trash_knob,1,1,TRIPRA,head,37,na,17
6/25/2020,coneflower_trash_knob,1,2,RUDHIR,flower,1,2,7
6/25/2020,coneflower_trash_knob,1,2,ECHPAL,flower,1,2,5
6/25/2020,coneflower_trash_knob,1,2,ACHMIL,head,41,4,10
6/25/2020,coneflower_trash_knob,1,2,TRIPRA,head,37,na,15
6/25/2020,coneflower_trash_knob,1,3,TRIPRA,head,37,na,9
6/25/2020,coneflower_trash_knob,1,3,TRIHYB,head,9,na,2
6/25/2020,coneflower_trash_knob,1,3,POLPOL,flower,1,6,32
6/25/2020,coneflower_trash_knob,1,4,TRIHYB,head,9,na,55
6/25/2020,coneflower_trash_knob,1,4,ACHMIL,head,41,1,1
6/25/2020,coneflower_trash_knob,1,5,TRIPRA,head,37,na,40
6/25/2020,coneflower_trash_knob,1,5,RUDHIR,flower,1,1,1
6/25/2020,coneflower_trash_knob,1,6,RUDHIR,flower,1,6,7
6/25/2020,coneflower_trash_knob,1,6,TRIPRA,head,37,na,24
6/25/2020,coneflower_trash_knob,1,6,ERISTR,flower,1,1,6
6/25/2020,coneflower_trash_knob,1,7,ERISTR,flower,1,1,20
6/25/2020,coneflower_trash_knob,1,7,TRIPRA,head,37,na,1
6/25/2020,coneflower_trash_knob,1,8,TRIPRA,head,37,na,2
6/25/2020,coneflower_trash_knob,1,8,TRIHYB,head,9,na,2
6/25/2020,coneflower_trash_knob,1,8,ERISTR,flower,1,1,5
6/25/2020,coneflower_trash_knob,1,9,ERISTR,flower,1,2,28
6/25/2020,coneflower_trash_knob,1,9,DIAARM,flower,1,4,10
6/25/2020,coneflower_trash_knob,1,9,ACHMIL,head,41,1,2
6/25/2020,coneflower_trash_knob,1,10,RUDHIR,flower,1,5,7
6/25/2020,coneflower_trash_knob,1,10,ERISTR,flower,1,3,9
6/25/2020,coneflower_trash_knob,1,10,POLPOL,flower,1,1,6
6/25/2020,coneflower_trash_knob,1,10,TRIHYB,head,9,na,2
6/25/2020,stone_barn_prairie,1,1,ACHMIL,head,1,1,1
6/25/2020,stone_barn_prairie,1,1,ANECYL,flower,12,1,1
6/25/2020,stone_barn_prairie,1,2,PENDIG,flower,1,1,2
6/25/2020,stone_barn_prairie,1,2,TRIPRA,head,18,na,10
6/25/2020,stone_barn_prairie,1,3,TRIPRA,head,19,na,32
6/25/2020,stone_barn_prairie,1,4,TRIHYB,head,8,na,4
6/25/2020,stone_barn_prairie,1,5,TRIPRA,head,19,na,2
6/25/2020,stone_barn_prairie,1,5,PENDIG,flower,1,1,1
6/25/2020,stone_barn_prairie,1,6,None,na,0,0,0
6/25/2020,stone_barn_prairie,1,7,TRIPRA,head,19,na,4
6/25/2020,stone_barn_prairie,1,7,PENDIG,flower,1,1,2
6/25/2020,stone_barn_prairie,1,7,DIAARM,flower,1,2,3
6/25/2020,stone_barn_prairie,1,7,ANECYL,flower,1,1,1
6/25/2020,stone_barn_prairie,1,8,None,na,0,0,0
6/25/2020,stone_barn_prairie,1,9,TRIPRA,head,19,na,10
6/25/2020,stone_barn_prairie,1,10,None,na,0,0,0
6/26/2020,big_woods,1,1,None,na,0,0,0
6/26/2020,big_woods,1,2,RUDHIR,flower,1,1,1
6/26/2020,big_woods,1,2,ERISTR,flower,1,1,4
6/26/2020,big_woods,1,3,ECHPAL,flower,1,1,1
6/26/2020,big_woods,1,3,TRIHYB,head,9,na,2
6/26/2020,big_woods,1,4,RUDHIR,flower,1,4,4
6/26/2020,big_woods,1,4,ERIANN,flower,1,1,3
6/26/2020,big_woods,1,5,None,na,0,0,0
6/26/2020,big_woods,1,6,RUDHIR,flower,1,1,11
6/26/2020,big_woods,1,6,ERISTR,flower,1,1,1
6/26/2020,big_woods,1,7,ECHPAL,flower,1,1,2
6/26/2020,big_woods,1,8,RUDHIR,flower,1,1,2
6/26/2020,big_woods,1,9,ECHPAL,flower,1,1,3
6/26/2020,big_woods,1,10,ECHPAL,flower,1,1,1
6/26/2020,thelma_carpenter,1,1,ECHPAL,flower,1,1,1
6/26/2020,thelma_carpenter,1,1,ACHMIL,head,28,1,2
6/26/2020,thelma_carpenter,1,2,None,na,0,0,0
6/26/2020,thelma_carpenter,1,3,ECHPAL,flower,1,1,1
6/26/2020,thelma_carpenter,1,4,TRIHYB,head,12,na,5
6/26/2020,thelma_carpenter,1,5,None,na,0,0,0
6/26/2020,thelma_carpenter,1,6,ECHPAL,flower,1,1,3
6/26/2020,thelma_carpenter,1,7,ECHPAL,flower,1,2,7
6/26/2020,thelma_carpenter,1,7,CORPAL,flower,1,na,4
6/26/2020,thelma_carpenter,1,8,ACHMIL,head,28,2,6
6/26/2020,thelma_carpenter,1,8,HETVIL,flower,1,4,10
6/26/2020,thelma_carpenter,1,8,CORPAL,flower,1,na,2
6/26/2020,thelma_carpenter,1,8,ERISTR,flower,1,1,8
6/26/2020,thelma_carpenter,1,8,TEPVIR,flower,1,1,8
6/26/2020,thelma_carpenter,1,9,DRYARG,flower,1,1,1
6/26/2020,thelma_carpenter,1,9,CORPAL,flower,1,na,1
6/26/2020,thelma_carpenter,1,9,HETVIL,flower,1,1,1
6/26/2020,thelma_carpenter,1,9,ACHMIL,head,28,1,4
6/26/2020,thelma_carpenter,1,10,ECHPAL,flower,1,1,3
6/27/2020,oak_island,2,1,TRIPRA,head,25,na,4
6/27/2020,oak_island,2,1,DIAARM,flower,1,1,2
6/27/2020,oak_island,2,2,CORPAL,flower,1,na,3
6/27/2020,oak_island,2,2,TRIPRA,head,25,na,11
6/27/2020,oak_island,2,3,TRIPRA,head,25,na,17
6/27/2020,oak_island,2,4,TRIPRA,head,25,na,13
6/27/2020,oak_island,2,4,TRIHYB,head,11,na,7
6/27/2020,oak_island,2,5,ECHPAL,flower,1,1,3
6/27/2020,oak_island,2,6,TRIPRA,head,25,na,6
6/27/2020,oak_island,2,6,TRIHYB,head,11,na,6
6/27/2020,oak_island,2,7,TRIPRA,head,25,na,14
6/27/2020,oak_island,2,7,ECHPAL,flower,1,1,1
6/27/2020,oak_island,2,8,TRIHYB,head,11,na,7
6/27/2020,oak_island,2,8,ECHPAL,flower,1,1,2
6/27/2020,oak_island,2,9,TRIHYB,head,11,na,3
6/27/2020,oak_island,2,9,ECHPAL,flower,1,1,2
6/27/2020,oak_island,2,10,ECHPAL,flower,1,1,1
6/27/20,eight_oaks,1,1,ERISTR,flower,1,1,7
6/27/20,eight_oaks,1,2,ERISTR,flower,1,1,6
6/27/20,eight_oaks,1,2,ERIANN,flower,1,4,50
6/27/20,eight_oaks,1,2,RUDHIR,flower,1,2,2
6/27/20,eight_oaks,1,2,TRIPRA,head,26,na,2
6/27/20,eight_oaks,1,3,ERISTR,flower,1,1,5
6/27/20,eight_oaks,1,3,TRIPRA,head,26,na,1
6/27/20,eight_oaks,1,3,RUDHIR,flower,1,8,18
6/27/20,eight_oaks,1,3,TRIHYB,head,19,na,3
6/27/20,eight_oaks,1,4,TRIHYB,head,19,na,20
6/27/20,eight_oaks,1,4,RUDHIR,flower,1,1,1
6/27/20,eight_oaks,1,5,RUDHIR,flower,1,1,5
6/27/20,eight_oaks,1,5,ACHMIL,head,50,1,1
6/27/20,eight_oaks,1,6,TRIHYB,head,19,na,19
6/27/20,eight_oaks,1,7,TRIHYB,head,19,na,38
6/27/20,eight_oaks,1,8,TRIHYB,head,19,na,18
6/27/20,eight_oaks,1,8,RUDHIR,flower,1,2,2
6/27/20,eight_oaks,1,9,RUDHIR,flower,1,1,1
6/27/20,eight_oaks,1,9,TRIHYB,head,19,na,4
6/27/20,eight_oaks,1,9,ERISTR,flower,1,5,43
6/27/20,eight_oaks,1,9,ACHMIL,head,50,1,1
6/27/20,eight_oaks,1,10,ACHMIL,head,50,1,1
6/27/2020,holland_prairie_east,2,1,BAPALB,flower,1,1,23
6/27/2020,holland_prairie_east,2,2,CORPAL,flower,1,1,1
6/27/2020,holland_prairie_east,2,2,RUDHIR,flower,1,na,1
6/27/2020,holland_prairie_east,2,2,TRIHYB,head,23,na,4
6/27/2020,holland_prairie_east,2,3,ACHMIL,head,33,3,19
6/27/2020,holland_prairie_east,2,4,TRIPRA,head,27,na,30
6/27/2020,holland_prairie_east,2,4,CORPAL,flower,1,na,1
6/27/2020,holland_prairie_east,2,5,None,na,0,0,0
6/27/2020,holland_prairie_east,2,6,PARINT,flower,1,1,19
6/27/2020,holland_prairie_east,2,6,TRIPRA,head,27,na,15
6/27/2020,holland_prairie_east,2,7,TRIPRA,head,27,na,17
6/27/2020,holland_prairie_east,2,7,ECHPAL,flower,1,1,1
6/27/2020,holland_prairie_east,2,8,ECHPAL,flower,1,1,3
6/27/2020,holland_prairie_east,2,8,ERIANN,flower,1,4,116
6/27/2020,holland_prairie_east,2,9,TRIPRA,head,27,na,16
6/27/2020,holland_prairie_east,2,9,ECHPAL,flower,1,2,2
6/27/2020,holland_prairie_east,2,10,ECHPAL,flower,1,2,2
6/27/2020,holland_prairie_east,2,10,TRIPRA,head,27,na,9
6/27/2020,holland_prairie_east,2,10,BAPALB,flower,1,1,17
6/27/2020,holland_prairie_east,2,10,TRIHYB,head,21,na,3
6/29/2020,eight_oaks,2,1,ECHPAL,flower,1,1,1
6/29/2020,eight_oaks,2,1,ACHMIL,head,26,1,1
6/29/2020,eight_oaks,2,1,RUDHIR,flower,1,1,1
6/29/2020,eight_oaks,2,1,LOTCOR,flower,1,na,5
6/29/2020,eight_oaks,2,1,TRIHYB,head,10,na,1
6/29/2020,eight_oaks,2,2,ECHPAL,flower,1,1,1
6/29/2020,eight_oaks,2,2,TRIPRA,head,31,na,6
6/29/2020,eight_oaks,2,2,RUDHIR,flower,1,2,3
6/29/2020,eight_oaks,2,3,RUDHIR,flower,1,5,6
6/29/2020,eight_oaks,2,3,ACHMIL,head,26,1,2
6/29/2020,eight_oaks,2,3,TRIHYB,head,10,na,4
6/29/2020,eight_oaks,2,3,ERISTR,flower,1,2,20
6/29/2020,eight_oaks,2,4,RUDHIR,flower,1,1,1
6/29/2020,eight_oaks,2,4,ERISTR,flower,1,5,26
6/29/2020,eight_oaks,2,5,TRIHYB,head,10,na,1
6/29/2020,eight_oaks,2,6,None,na,0,0,0
6/29/2020,eight_oaks,2,7,ECHPAL,flower,1,1,1
6/29/2020,eight_oaks,2,7,ANECYL,flower,1,1,1
6/29/2020,eight_oaks,2,7,ERISTR,flower,1,1,5
6/29/2020,eight_oaks,2,8,PENDIG,flower,1,2,9
6/29/2020,eight_oaks,2,8,ERISTR,flower,1,3,23
6/29/2020,eight_oaks,2,9,None,na,0,0,0
6/29/2020,eight_oaks,2,10,TRIPRA,head,31,na,1
6/29/2020,eight_oaks,2,10,AMOCAN,spike,12,1,4
6/29/2020,kittentail_knob,1,1,ERIANN,flower,1,1,16
6/29/2020,kittentail_knob,1,2,TRIREP,head,11,na,8
6/29/2020,kittentail_knob,1,2,ACHMIL,head,63,1,1
6/29/2020,kittentail_knob,1,3,ECHPAL,flower,1,1,1
6/29/2020,kittentail_knob,1,3,TRIPRA,head,22,na,8
6/29/2020,kittentail_knob,1,3,TRIREP,head,11,na,1
6/29/2020,kittentail_knob,1,4,RUDHIR,flower,1,1,1
6/29/2020,kittentail_knob,1,4,ACHMIL,head,63,1,1
6/29/2020,kittentail_knob,1,5,RUDHIR,flower,1,3,4
6/29/2020,kittentail_knob,1,6,RUDHIR,flower,1,2,2
6/29/2020,kittentail_knob,1,6,ERISTR,flower,1,2,7
6/29/2020,kittentail_knob,1,6,TRIPRA,head,22,na,3
6/29/2020,kittentail_knob,1,6,TRIHYB,head,14,na,14
6/29/2020,kittentail_knob,1,7,None,na,0,0,0
6/29/2020,kittentail_knob,1,8,ERISTR,flower,1,5,23
6/29/2020,kittentail_knob,1,9,None,na,0,0,0
6/29/2020,kittentail_knob,1,10,BAPALB,flower,1,1,6
6/29/2020,kittentail_knob,1,10,ANECYL,flower,1,3,3
6/29/2020,west_heinkel,1,1,AMOCAN,spike,23,1,8
6/29/2020,west_heinkel,1,2,None,na,0,0,0
6/29/2020,west_heinkel,1,3,None,na,0,0,0
6/29/2020,west_heinkel,1,4,None,na,0,0,0
6/29/2020,west_heinkel,1,5,ECHPAL,flower,1,1,1
6/29/2020,west_heinkel,1,6,None,na,0,0,0
6/29/2020,west_heinkel,1,7,PARINT,flower,1,1,24
6/29/2020,west_heinkel,1,8,None,na,0,0,0
6/29/2020,west_heinkel,1,9,RUDHIR,flower,1,1,1
6/29/2020,west_heinkel,1,9,PYCTEN,flower,1,na,19
6/29/2020,west_heinkel,1,9,ERISTR,flower,1,1,7
6/29/2020,west_heinkel,1,10,RUDHIR,flower,1,2,2
6/29/2020,hook_larson,2,1,ACHMIL,head,73,2,2
6/29/2020,hook_larson,2,1,TRIPRA,head,46,na,12
6/29/2020,hook_larson,2,2,None,na,0,0,0
6/29/2020,hook_larson,2,3,TRIPRA,head,46,na,17
6/29/2020,hook_larson,2,3,ECHPAL,flower,1,5,8
6/29/2020,hook_larson,2,3,DRYARG,flower,1,1,1
6/29/2020,hook_larson,2,4,TRIPRA,head,46,na,10
6/29/2020,hook_larson,2,4,DRYARG,flower,1,1,2
6/29/2020,hook_larson,2,5,TRIPRA,head,46,na,22
6/29/2020,hook_larson,2,5,ECHPAL,flower,1,3,6
6/29/2020,hook_larson,2,5,BAPALB,flower,1,1,5
6/29/2020,hook_larson,2,5,DRYARG,flower,1,1,2
6/29/2020,hook_larson,2,6,TRIPRA,head,46,na,14
6/29/2020,hook_larson,2,6,CORPAL,flower,1,na,4
6/29/2020,hook_larson,2,6,ECHPAL,flower,1,1,1
6/29/2020,hook_larson,2,7,PARINT,flower,1,2,49
6/29/2020,hook_larson,2,7,TRIPRA,head,46,na,17
6/29/2020,hook_larson,2,7,ECHPAL,flower,1,1,1
6/29/2020,hook_larson,2,8,TRIPRA,head,46,na,6
6/29/2020,hook_larson,2,8,ECHPAL,flower,1,1,2
6/29/2020,hook_larson,2,9,ECHPAL,flower,1,2,2
6/29/2020,hook_larson,2,9,ACHMIL,head,73,1,2
6/29/2020,hook_larson,2,9,TRIPRA,head,46,na,1
6/29/2020,hook_larson,2,10,TRIPRA,head,46,na,1
6/29/2020,gobbler_ridge,1,1,ECHPAL,flower,1,1,2
6/29/2020,gobbler_ridge,1,2,ECHPAL,flower,1,1,1
6/29/2020,gobbler_ridge,1,2,HELHEL,flower,1,1,2
6/29/2020,gobbler_ridge,1,3,HELHEL,flower,1,1,1
6/29/2020,gobbler_ridge,1,3,CORPAL,flower,1,na,3
6/29/2020,gobbler_ridge,1,4,None,na,0,0,0
6/29/2020,gobbler_ridge,1,5,HELHEL,flower,1,2,2
6/29/2020,gobbler_ridge,1,6,None,na,0,0,0
6/29/2020,gobbler_ridge,1,7,CORPAL,flower,1,na,2
6/29/2020,gobbler_ridge,1,8,ECHPAL,flower,1,1,2
6/29/2020,gobbler_ridge,1,8,CORPAL,flower,1,na,3
6/29/2020,gobbler_ridge,1,9,TRIHYB,head,22,na,14
6/29/2020,gobbler_ridge,1,9,ECHPAL,flower,1,1,2
6/29/2020,gobbler_ridge,1,9,RUDHIR,flower,1,1,1
6/29/2020,gobbler_ridge,1,9,PARINT,flower,1,1,3
6/29/2020,gobbler_ridge,1,10,ECHPAL,flower,1,2,5
6/29/2020,gobbler_ridge,1,10,TRIHYB,head,22,na,3
6/29/2020,clear_creek_knolls,2,1,BAPALB,flower,1,1,6
6/29/2020,clear_creek_knolls,2,2,TRIPRA,head,27,na,21
6/29/2020,clear_creek_knolls,2,2,TRIREP,head,9,na,1
6/29/2020,clear_creek_knolls,2,3,ECHPAL,flower,1,2,4
6/29/2020,clear_creek_knolls,2,3,TRIPRA,head,27,na,8
6/29/2020,clear_creek_knolls,2,4,None,na,0,0,0
6/29/2020,clear_creek_knolls,2,5,ECHPAL,flower,1,2,4
6/29/2020,clear_creek_knolls,2,6,DRYARG,flower,1,1,1
6/29/2020,clear_creek_knolls,2,6,ECHPAL,flower,1,1,2
6/29/2020,clear_creek_knolls,2,7,DRYARG,flower,1,1,3
6/29/2020,clear_creek_knolls,2,7,TRIPRA,head,27,na,8
6/29/2020,clear_creek_knolls,2,8,None,na,0,0,0
6/29/2020,clear_creek_knolls,2,9,CORPAL,flower,1,na,4
6/29/2020,clear_creek_knolls,2,9,ECHPAL,flower,1,3,7
6/29/2020,clear_creek_knolls,2,9,TRIPRA,head,27,na,3
6/29/2020,clear_creek_knolls,2,10,ECHPAL,flower,1,3,10
6/30/2020,tellabs_center,1,1,None,na,0,0,0
6/30/2020,tellabs_center,1,2,PYCTEN,flower,1,na,2
6/30/2020,tellabs_center,1,3,BAPALB,flower,1,1,20
6/30/2020,tellabs_center,1,4,None,na,1,0,0
6/30/2020,tellabs_center,1,5,BAPALB,flower,1,1,8
6/30/2020,tellabs_center,1,6,None,na,0,0,0
6/30/2020,tellabs_center,1,7,BAPALB,flower,1,1,7
6/30/2020,tellabs_center,1,7,PYCTEN,flower,1,na,2
6/30/2020,tellabs_center,1,8,None,na,0,0,0
6/30/2020,tellabs_center,1,9,RUDHIR,flower,1,1,1
6/30/2020,tellabs_center,1,10,None,na,0,0,0
6/30/2020,tellabs_west,1,1,BAPALB,flower,1,1,8
6/30/2020,tellabs_west,1,2,CORPAL,flower,1,na,2
6/30/2020,tellabs_west,1,3,TRIREP,head,8,na,1
6/30/2020,tellabs_west,1,4,RUDHIR,flower,1,1,1
6/30/2020,tellabs_west,1,5,None,na,0,0,0
6/30/2020,tellabs_west,1,6,BAPALB,flower,1,1,6
6/30/2020,tellabs_west,1,7,None,na,0,0,0
6/30/2020,tellabs_west,1,8,None,na,0,0,0
6/30/2020,tellabs_west,1,9,None,na,0,0,0
6/30/2020,tellabs_west,1,10,BAPALB,flower,1,1,18
6/30/2020,eight_oaks,3,1,TRIHYB,head,12,na,16
6/30/2020,eight_oaks,3,2,BAPALB,flower,1,1,1
6/30/2020,eight_oaks,3,2,TRIHYB,head,12,na,5
6/30/2020,eight_oaks,3,3,RUDHIR,flower,1,2,2
6/30/2020,eight_oaks,3,3,ERIANN,flower,1,3,17
6/30/2020,eight_oaks,3,3,TRIHYB,head,12,na,3
6/30/2020,eight_oaks,3,4,RUDHIR,flower,1,7,17
6/30/2020,eight_oaks,3,4,ERISTR,flower,1,3,6
6/30/2020,eight_oaks,3,5,RUDHIR,flower,1,3,7
6/30/2020,eight_oaks,3,5,ERISTR,flower,1,1,9
6/30/2020,eight_oaks,3,5,TRIPRA,head,28,na,5
6/30/2020,eight_oaks,3,6,TRIPRA,head,28,na,1
6/30/2020,eight_oaks,3,7,TRIHYB,head,12,na,9
6/30/2020,eight_oaks,3,7,ERIANN,flower,1,1,10
6/30/2020,eight_oaks,3,7,ACHMIL,head,17,1,1
6/30/2020,eight_oaks,3,8,TRIHYB,head,12,na,1
6/30/2020,eight_oaks,3,9,TRIHYB,head,12,na,19
6/30/2020,eight_oaks,3,10,RUDHIR,flower,1,8,20
6/30/2020,eight_oaks,3,10,ERISTR,flower,1,3,9
6/30/2020,visitor_area,1,1,None,na,0,0,0
6/30/2020,visitor_area,1,2,CORPAL,flower,1,na,33
6/30/2020,visitor_area,1,2,TRIPRA,head,13,na,1
6/30/2020,visitor_area,1,3,ERISTR,flower,1,2,6
6/30/2020,visitor_area,1,4,TRIPRA,head,13,na,4
6/30/2020,visitor_area,1,5,None,na,0,0,0
6/30/2020,visitor_area,1,6,None,na,0,0,0
6/30/2020,visitor_area,1,7,MONFIS,head,13,1,1
6/30/2020,visitor_area,1,8,PENDIG,flower,1,1,8
6/30/2020,visitor_area,1,9,TRIPRA,head,13,na,3
6/30/2020,visitor_area,1,10,None,na,0,0,0
6/30/2020,dots_knob,1,1,TRIPRA,head,26,na,6
6/30/2020,dots_knob,1,2,TEPVIR,flower,1,1,29
6/30/2020,dots_knob,1,2,TRIHYB,head,14,na,5
6/30/2020,dots_knob,1,3,ERISTR,flower,1,1,8
6/30/2020,dots_knob,1,3,TEPVIR,flower,1,1,3
6/30/2020,dots_knob,1,4,HYPPER,flower,1,1,6
6/30/2020,dots_knob,1,5,AMOCAN,spike,33,2,33
6/30/2020,dots_knob,1,5,TRIPRA,head,26,na,3
6/30/2020,dots_knob,1,6,AMOCAN,spike,33,1,1
6/30/2020,dots_knob,1,7,ECHPAL,flower,1,2,2
6/30/2020,dots_knob,1,7,CIRPUM,flower,1,1,1
6/30/2020,dots_knob,1,8,None,na,0,0,0
6/30/2020,dots_knob,1,9,DIAARM,flower,1,1,4
6/30/2020,dots_knob,1,10,ECHPAL,flower,1,2,7
6/30/2020,dots_knob,1,10,TRIPRA,head,26,na,1
7/1/2020,visitor_area,2,1,ECHPAL,flower,1,1,2
7/1/2020,visitor_area,2,2,None,na,0,0,0
7/1/2020,visitor_area,2,3,TRIPRA,head,29,na,5
7/1/2020,visitor_area,2,4,ASCSYR,flower,1,1,43
7/1/2020,visitor_area,2,5,ECHPAL,flower,1,1,2
7/1/2020,visitor_area,2,6,TRIPRA,head,29,na,6
7/1/2020,visitor_area,2,7,None,na,0,0,0
7/1/2020,visitor_area,2,8,None,na,0,0,0
7/1/2020,visitor_area,2,9,None,na,0,0,0
7/1/2020,visitor_area,2,10,None,na,0,0,0
7/1/2020,rolling_thunder,2,1,ERISTR,flower,1,4,16
7/1/2020,rolling_thunder,2,1,TRIPRA,head,32,na,41
7/1/2020,rolling_thunder,2,2,RUDHIR,flower,1,6,13
7/1/2020,rolling_thunder,2,2,TRIPRA,head,32,na,7
7/1/2020,rolling_thunder,2,2,ERISTR,flower,1,1,5
7/1/2020,rolling_thunder,2,2,ACHMIL,head,48,3,4
7/1/2020,rolling_thunder,2,3,ERISTR,flower,1,1,2
7/1/2020,rolling_thunder,2,3,TRIPRA,head,32,na,16
7/1/2020,rolling_thunder,2,3,PLALAN,spike,13,1,1
7/1/2020,rolling_thunder,2,4,TRIPRA,head,32,na,16
7/1/2020,rolling_thunder,2,5,VERSTR,flower,1,1,22
7/1/2020,rolling_thunder,2,5,TRIPRA,head,32,na,20
7/1/2020,rolling_thunder,2,6,OENCLE,flower,1,1,4
7/1/2020,rolling_thunder,2,6,TRIPRA,head,32,na,9
7/1/2020,rolling_thunder,2,7,TRIPRA,head,32,na,24
7/1/2020,rolling_thunder,2,7,TRIREP,head,14,na,2
7/1/2020,rolling_thunder,2,7,ERISTR,flower,1,1,3
7/1/2020,rolling_thunder,2,8,TRIPRA,head,32,na,27
7/1/2020,rolling_thunder,2,9,TRIPRA,head,32,na,18
7/1/2020,rolling_thunder,2,9,RUDHIR,flower,1,1,3
7/1/2020,rolling_thunder,2,10,TRIPRA,head,32,na,13
7/1/2020,dougs_knob,1,1,TRIPRA,head,36,na,7
7/1/2020,dougs_knob,1,1,TRIHYB,head,11,na,15
7/1/2020,dougs_knob,1,1,ACHMIL,head,30,2,2
7/1/2020,dougs_knob,1,2,DIAARM,flower,1,1,1
7/1/2020,dougs_knob,1,2,ACHMIL,head,30,1,1
7/1/2020,dougs_knob,1,2,ERISTR,flower,1,2,7
7/1/2020,dougs_knob,1,3,ACHMIL,head,30,2,2
7/1/2020,dougs_knob,1,3,ERISTR,flower,1,1,5
7/1/2020,dougs_knob,1,4,CORPAL,flower,1,na,12
7/1/2020,dougs_knob,1,4,AMOCAN,spike,26,1,4
7/1/2020,dougs_knob,1,5,AMOCAN,spike,26,2,13
7/1/2020,dougs_knob,1,6,CORPAL,flower,1,na,3
7/1/2020,dougs_knob,1,6,AMOCAN,spike,26,1,6
7/1/2020,dougs_knob,1,7,None,na,0,0,0
7/1/2020,dougs_knob,1,8,CORPAL,flower,1,na,1
7/1/2020,dougs_knob,1,8,AMOCAN,spike,26,4,16
7/1/2020,dougs_knob,1,8,ECHPAL,flower,1,1,1
7/1/2020,dougs_knob,1,9,AMOCAN,spike,26,2,9
7/1/2020,dougs_knob,1,9,ECHPAL,flower,1,1,1
7/1/2020,dougs_knob,1,10,AMOCAN,spike,26,1,1
7/1/2020,dougs_knob,1,10,CORPAL,flower,1,na,6
7/1/2020,leopold_knob,1,1,RUDHIR,flower,1,1,1
7/1/2020,leopold_knob,1,2,POLPOL,flower,1,2,16
7/1/2020,leopold_knob,1,3,ACHMIL,head,41,4,9
7/1/2020,leopold_knob,1,4,AMOCAN,spike,13,1,30
7/1/2020,leopold_knob,1,5,TRIPRA,head,25,na,9
7/1/2020,leopold_knob,1,5,AMOCAN,spike,13,1,1
7/1/2020,leopold_knob,1,5,ECHPAL,flower,1,1,1
7/1/2020,leopold_knob,1,6,AMOCAN,spike,13,3,13
7/1/2020,leopold_knob,1,6,DRYARG,flower,1,1,1
7/1/2020,leopold_knob,1,7,ERISTR,flower,1,2,20
7/1/2020,leopold_knob,1,7,AMOCAN,spike,13,1,9
7/1/2020,leopold_knob,1,8,DIAARM,flower,1,1,4
7/1/2020,leopold_knob,1,9,AMOCAN,spike,13,1,5
7/1/2020,leopold_knob,1,10,ACHMIL,head,41,1,2
7/1/2020,leopold_knob,1,10,TRIPRA,head,25,na,2
7/1/2020,naylor_road,2,1,CORPAL,flower,1,na,3
7/1/2020,naylor_road,2,1,AMOCAN,spike,16,1,3
7/1/2020,naylor_road,2,2,CORPAL,flower,1,na,1
7/1/2020,naylor_road,2,3,AMOCAN,spike,16,2,10
7/1/2020,naylor_road,2,4,BAPALB,flower,1,1,27
7/1/2020,naylor_road,2,4,AMOCAN,spike,16,3,7
7/1/2020,naylor_road,2,4,CORPAL,flower,1,na,1
7/1/2020,naylor_road,2,5,None,na,0,0,0
7/1/2020,naylor_road,2,6,None,na,0,0,0
7/1/2020,naylor_road,2,7,ACHMIL,head,22,1,1
7/1/2020,naylor_road,2,7,TRIHYB,head,7,na,3
7/1/2020,naylor_road,2,7,AMOCAN,spike,16,1,19
7/1/2020,naylor_road,2,7,RUDHIR,flower,1,1,1
7/1/2020,naylor_road,2,8,ACHMIL,head,22,1,1
7/1/2020,naylor_road,2,8,CORPAL,flower,1,na,3
7/1/2020,naylor_road,2,9,None,na,0,0,0
7/1/2020,naylor_road,2,10,DALCAN,flower,1,1,1
7/1/2020,naylor_road,2,10,RUDHIR,flower,1,1,1
7/2/2020,williams,1,1,RUDHIR,flower,1,4,17
7/2/2020,williams,1,1,ECHPAL,flower,1,1,1
7/2/2020,williams,1,2,RUDHIR,flower,1,1,1
7/2/2020,williams,1,3,None,na,0,0,0
7/2/2020,williams,1,4,None,na,0,0,0
7/2/2020,williams,1,5,DALCAN,flower,1,1,1
7/2/2020,williams,1,6,DALCAN,flower,1,1,3
7/2/2020,williams,1,7,RUDHIR,flower,1,1,3
7/2/2020,williams,1,8,HELHEL,flower,1,1,4
7/2/2020,williams,1,8,TRIPRA,head,18,na,1
7/2/2020,williams,1,9,ECHPAL,flower,1,1,1
7/2/2020,williams,1,9,TRIPRA,head,18,na,7
7/2/2020,williams,1,10,None,na,0,0,0
7/2/2020,no_name_knob,1,1,TRIPRA,head,32,na,32
7/2/2020,no_name_knob,1,1,TRIHYB,head,8,na,5
7/2/2020,no_name_knob,1,2,TRIPRA,head,32,na,8
7/2/2020,no_name_knob,1,2,ACHMIL,head,43,1,1
7/2/2020,no_name_knob,1,3,ACHMIL,head,43,1,2
7/2/2020,no_name_knob,1,3,TRIPRA,head,32,na,7
7/2/2020,no_name_knob,1,3,TRIHYB,head,8,na,2
7/2/2020,no_name_knob,1,4,ERISTR,flower,1,2,14
7/2/2020,no_name_knob,1,4,ACHMIL,head,43,2,2
7/2/2020,no_name_knob,1,5,ACHMIL,head,43,3,4
7/2/2020,no_name_knob,1,6,POLPOL,flower,1,1,6
7/2/2020,no_name_knob,1,7,ERIANN,flower,1,5,25
7/2/2020,no_name_knob,1,7,RUDHIR,flower,1,1,4
7/2/2020,no_name_knob,1,7,ECHPAL,flower,1,2,3
7/2/2020,no_name_knob,1,8,ECHPAL,flower,1,1,2
7/2/2020,no_name_knob,1,8,TRIPRA,head,32,na,4
7/2/2020,no_name_knob,1,8,POLPOL,flower,1,1,3
7/2/2020,no_name_knob,1,9,ERISTR,flower,1,4,18
7/2/2020,no_name_knob,1,10,ERISTR,flower,1,1,9
7/2/2020,no_name_knob,1,10,RUDHIR,flower,1,1,3
7/2/2020,no_name_knob,1,10,TRIPRA,head,32,na,6
7/2/2020,no_name_knob,1,10,TRIHYB,head,8,na,5
7/2/2020,no_name_knob,1,10,TRIREP,head,13,na,2
7/2/2020,isabells_knob,1,1,AMOCAN,spike,12,2,4
7/2/2020,isabells_knob,1,2,CORPAL,flower,1,na,6
7/2/2020,isabells_knob,1,3,DALPUR,flower,1,1,2
7/2/2020,isabells_knob,1,3,ANECYL,flower,1,1,1
7/2/2020,isabells_knob,1,4,None,na,0,0,0
7/2/2020,isabells_knob,1,5,ERISTR,flower,1,1,3
7/2/2020,isabells_knob,1,5,BAPALB,flower,1,1,21
7/2/2020,isabells_knob,1,5,ANECYL,flower,1,1,1
7/2/2020,isabells_knob,1,6,CORPAL,flower,1,na,1
7/2/2020,isabells_knob,1,6,BAPALB,flower,1,1,36
7/2/2020,isabells_knob,1,7,BAPALB,flower,1,2,26
7/2/2020,isabells_knob,1,8,BAPALB,flower,1,2,41
7/2/2020,isabells_knob,1,8,HYPPER,flower,1,4,18
7/2/2020,isabells_knob,1,8,ANECYL,flower,1,1,2
7/2/2020,isabells_knob,1,9,ECHPAL,flower,1,1,3
7/2/2020,isabells_knob,1,9,BAPALB,flower,1,2,19
7/2/2020,isabells_knob,1,10,BAPALB,flower,1,1,19
7/2/2020,main_unit_knobs,2,1,None,na,0,0,0
7/2/2020,main_unit_knobs,2,2,TRIHYB,head,16,na,7
7/2/2020,main_unit_knobs,2,3,TRIHYB,head,16,na,2
7/2/2020,main_unit_knobs,2,4,TRIHYB,head,16,na,13
7/2/2020,main_unit_knobs,2,5,TRIHYB,head,16,na,34
7/2/2020,main_unit_knobs,2,6,TRIHYB,head,16,na,4
7/2/2020,main_unit_knobs,2,7,BAPALB,flower,1,1,4
7/2/2020,main_unit_knobs,2,8,TRIHYB,head,16,na,12
7/2/2020,main_unit_knobs,2,8,TRIPRA,head,18,na,1
7/2/2020,main_unit_knobs,2,9,TRIHYB,head,16,na,6
7/2/2020,main_unit_knobs,2,9,TRIPRA,head,18,na,1
7/2/2020,main_unit_knobs,2,10,TRIPRA,head,18,na,7
7/2/2020,main_unit_knobs,2,10,TRIHYB,head,16,na,2
7/3/2020,no_name_knob,3,1,ECHPAL,flower,1,1,1
7/3/2020,no_name_knob,3,1,ERISTR,flower,1,1,4
7/3/2020,no_name_knob,3,2,ECHPAL,flower,1,2,4
7/3/2020,no_name_knob,3,2,CORPAL,flower,1,na,16
7/3/2020,no_name_knob,3,2,ACHMIL,head,51,4,10
7/3/2020,no_name_knob,3,3,RUDHIR,flower,1,2,8
7/3/2020,no_name_knob,3,3,ERISTR,flower,1,1,8
7/3/2020,no_name_knob,3,4,ERISTR,flower,1,1,22
7/3/2020,no_name_knob,3,4,TRIHYB,head,8,na,17
7/3/2020,no_name_knob,3,4,MEDLUP,flower,1,na,2
7/3/2020,no_name_knob,3,4,ACHMIL,head,51,1,1
7/3/2020,no_name_knob,3,5,TRIPRA,head,18,na,4
7/3/2020,no_name_knob,3,5,TRIHYB,head,8,na,14
7/3/2020,no_name_knob,3,5,RUDHIR,flower,1,1,3
7/3/2020,no_name_knob,3,5,ACHMIL,head,51,1,1
7/3/2020,no_name_knob,3,5,ERISTR,flower,1,1,6
7/3/2020,no_name_knob,3,6,ACHMIL,head,51,1,1
7/3/2020,no_name_knob,3,6,ERISTR,flower,1,1,4
7/3/2020,no_name_knob,3,6,TRIHYB,head,8,na,10
7/3/2020,no_name_knob,3,6,POLPOL,flower,1,1,4
7/3/2020,no_name_knob,3,7,ACHMIL,head,51,4,4
7/3/2020,no_name_knob,3,8,ERISTR,flower,1,2,31
7/3/2020,no_name_knob,3,8,ACHMIL,head,51,5,5
7/3/2020,no_name_knob,3,9,RUDHIR,flower,1,2,5
7/3/2020,no_name_knob,3,9,ERISTR,flower,1,4,26
7/3/2020,no_name_knob,3,10,RUDHIR,flower,1,1,4
7/3/2020,williams,2,1,MEDLUP,flower,1,na,7
7/3/2020,williams,2,1,ERISTR,flower,1,2,82
7/3/2020,williams,2,2,ERISTR,flower,1,2,11
7/3/2020,williams,2,2,RUDHIR,flower,1,1,1
7/3/2020,williams,2,3,RUDHIR,flower,1,2,9
7/3/2020,williams,2,3,ERISTR,flower,1,2,28
7/3/2020,williams,2,4,HELHEL,flower,1,2,20
7/3/2020,williams,2,5,ERISTR,flower,1,2,33
7/3/2020,williams,2,6,DALPUR,flower,1,1,5
7/3/2020,williams,2,6,RUDHIR,flower,1,2,8
7/3/2020,williams,2,6,ERISTR,flower,1,1,15
7/3/2020,williams,2,7,RUDHIR,flower,1,3,11
7/3/2020,williams,2,7,ERISTR,flower,1,5,35
7/3/2020,williams,2,8,RUDHIR,flower,1,1,2
7/3/2020,williams,2,8,ERISTR,flower,1,6,67
7/3/2020,williams,2,8,HELHEL,flower,1,1,6
7/3/2020,williams,2,9,VERSTR,flower,1,1,26
7/3/2020,williams,2,9,ECHPAL,flower,1,1,2
7/3/2020,williams,2,9,ERISTR,flower,1,2,17
7/3/2020,williams,2,10,HELHEL,flower,1,1,4
7/3/2020,williams,2,10,RUDHIR,flower,1,1,2
7/3/2020,williams,2,10,ECHPAL,flower,1,1,3
7/3/2020,williams,2,10,ERISTR,flower,1,2,23
7/4/2020,no_name_knob,3,1,ECHPAL,flower,1,2,2
7/4/2020,no_name_knob,3,1,BAPALB,flower,1,1,1
7/4/2020,no_name_knob,3,1,ERISTR,flower,1,2,10
7/4/2020,no_name_knob,3,2,ERISTR,flower,1,1,2
7/4/2020,no_name_knob,3,3,None,na,0,0,0
7/4/2020,no_name_knob,3,4,None,na,0,0,0
7/4/2020,no_name_knob,3,5,DALPUR,flower,1,4,15
7/4/2020,no_name_knob,3,5,ACHMIL,head,24,1,1
7/4/2020,no_name_knob,3,6,TRIHYB,head,10,na,20
7/4/2020,no_name_knob,3,7,TRIHYB,head,10,na,15
7/4/2020,no_name_knob,3,8,ACHMIL,head,24,1,1
7/4/2020,no_name_knob,3,9,ERISTR,flower,1,1,7
7/4/2020,no_name_knob,3,10,DALPUR,flower,1,2,2
7/6/2020,SE_knob,1,1,TRIPRA,head,15,na,11
7/6/2020,SE_knob,1,1,ERISTR,flower,1,1,5
7/6/2020,SE_knob,1,2,TRIHYB,head,11,na,3
7/6/2020,SE_knob,1,3,MEDLUP,flower,1,na,1
7/6/2020,SE_knob,1,4,ERIANN,flower,1,1,5
7/6/2020,SE_knob,1,4,BAPALB,flower,1,1,10
7/6/2020,SE_knob,1,5,None,na,0,0,0
7/6/2020,SE_knob,1,6,ECHPAL,flower,1,1,3
7/6/2020,SE_knob,1,6,DIAARM,flower,1,1,1
7/6/2020,SE_knob,1,7,None,na,0,0,0
7/6/2020,SE_knob,1,8,None,na,0,0,0
7/6/2020,SE_knob,1,9,None,na,0,0,0
7/6/2020,SE_knob,1,10,MELALB,spike,10,1,1
7/6/2020,schafer_knob,2,1,TRIPRA,head,13,na,2
7/6/2020,schafer_knob,2,2,None,na,0,0,0
7/6/2020,schafer_knob,2,3,MONFIS,head,10,1,1
7/6/2020,schafer_knob,2,3,DIAARM,flower,1,1,1
7/6/2020,schafer_knob,2,3,TRIHYB,head,11,na,2
7/6/2020,schafer_knob,2,4,MONFIS,head,10,2,4
7/6/2020,schafer_knob,2,4,TRIPRA,head,13,na,10
7/6/2020,schafer_knob,2,4,TRIHYB,head,11,na,1
7/6/2020,schafer_knob,2,5,MONFIS,head,10,1,1
7/6/2020,schafer_knob,2,5,TRIPRA,head,13,na,4
7/6/2020,schafer_knob,2,6,PASSAT,head,15,1,2
7/6/2020,schafer_knob,2,6,TRIPRA,head,13,na,5
7/6/2020,schafer_knob,2,6,MONFIS,head,10,1,1
7/6/2020,schafer_knob,2,6,DAUCAR,head,26,1,1
7/6/2020,schafer_knob,2,7,TRIPRA,head,13,na,10
7/6/2020,schafer_knob,2,7,TRIHYB,head,11,na,1
7/6/2020,schafer_knob,2,7,MONFIS,head,10,1,2
7/6/2020,schafer_knob,2,8,BAPALB,flower,1,1,12
7/6/2020,schafer_knob,2,8,TRIHYB,head,11,na,6
7/6/2020,schafer_knob,2,8,TRIPRA,head,13,na,4
7/6/2020,schafer_knob,2,8,PASSAT,head,15,3,19
7/6/2020,schafer_knob,2,9,TRIPRA,head,13,na,20
7/6/2020,schafer_knob,2,9,TRIHYB,head,11,na,1
7/6/2020,schafer_knob,2,10,None,na,0,0,0
7/7/2020,schafer_knob,3,1,TRIPRA,head,21,na,22
7/7/2020,schafer_knob,3,2,TRIPRA,head,21,na,1
7/7/2020,schafer_knob,3,2,DIAARM,flower,1,4,7
7/7/2020,schafer_knob,3,2,DAUCAR,head,31,2,3
7/7/2020,schafer_knob,3,2,PLALAN,spike,11,2,2
7/7/2020,schafer_knob,3,2,MONFIS,head,15,1,1
7/7/2020,schafer_knob,3,3,TRIPRA,head,21,na,16
7/7/2020,schafer_knob,3,3,MONFIS,head,15,2,4
7/7/2020,schafer_knob,3,3,TRIHYB,head,12,na,5
7/7/2020,schafer_knob,3,4,TRIPRA,head,21,na,7
7/7/2020,schafer_knob,3,4,MONFIS,head,15,1,2
7/7/2020,schafer_knob,3,4,DAUCAR,head,31,1,1
7/7/2020,schafer_knob,3,5,DAUCAR,head,31,2,2
7/7/2020,schafer_knob,3,5,TRIPRA,head,21,na,8
7/7/2020,schafer_knob,3,6,SOLCAR,flower,1,3,5
7/7/2020,schafer_knob,3,6,BAPALB,flower,1,1,24
7/7/2020,schafer_knob,3,6,MONFIS,head,15,3,5
7/7/2020,schafer_knob,3,6,TRIPRA,head,21,na,1
7/7/2020,schafer_knob,3,7,MONFIS,head,15,4,16
7/7/2020,schafer_knob,3,7,TRIHYB,head,11,na,1
7/7/2020,schafer_knob,3,8,SOLCAR,flower,1,1,1
7/7/2020,schafer_knob,3,8,DAUCAR,head,31,1,1
7/7/2020,schafer_knob,3,8,MONFIS,head,15,2,12
7/7/2020,schafer_knob,3,8,HYPPER,flower,1,1,9
7/7/2020,schafer_knob,3,9,TRIPRA,head,21,na,2
7/7/2020,schafer_knob,3,9,DAUCAR,head,31,1,1
7/7/2020,schafer_knob,3,10,TRIPRA,head,21,na,7
7/7/2020,doug_dot_unit,2,1,TRIPRA,head,16,na,5
7/7/2020,doug_dot_unit,2,1,RUDHIR,flower,1,1,1
7/7/2020,doug_dot_unit,2,2,ECHPAL,flower,1,1,1
7/7/2020,doug_dot_unit,2,2,RUDHIR,flower,1,1,1
7/7/2020,doug_dot_unit,2,2,TRIHYB,head,8,na,1
7/7/2020,doug_dot_unit,2,3,DALCAN,flower,1,1,2
7/7/2020,doug_dot_unit,2,3,DRYARG,flower,1,1,1
7/7/2020,doug_dot_unit,2,4,HELHEL,flower,1,1,2
7/7/2020,doug_dot_unit,2,4,DRYARG,flower,1,1,2
7/7/2020,doug_dot_unit,2,4,TRIHYB,head,8,na,1
7/7/2020,doug_dot_unit,2,4,SOLCAR,flower,1,1,1
7/7/2020,doug_dot_unit,2,5,VERSTR,spike,10,1,1
7/7/2020,doug_dot_unit,2,5,MONFIS,head,9,1,1
7/7/2020,doug_dot_unit,2,6,ECHPAL,flower,1,1,1
7/7/2020,doug_dot_unit,2,6,VERSTR,spike,10,1,9
7/7/2020,doug_dot_unit,2,6,DALCAN,flower,1,1,1
7/7/2020,doug_dot_unit,2,7,None,na,0,0,0
7/7/2020,doug_dot_unit,2,8,MONFIS,head,9,1,1
7/7/2020,doug_dot_unit,2,8,HELHEL,flower,1,1,18
7/7/2020,doug_dot_unit,2,8,ERISTR,flower,1,1,7
7/7/2020,doug_dot_unit,2,8,ANECYL,flower,1,1,3
7/7/2020,doug_dot_unit,2,8,RUDHIR,flower,1,2,3
7/7/2020,doug_dot_unit,2,9,DRYARG,flower,1,2,5
7/7/2020,doug_dot_unit,2,9,DALCAN,flower,1,1,4
7/7/2020,doug_dot_unit,2,10,ERIANN,flower,1,1,4
7/7/2020,doug_dot_unit,2,10,PARINT,flower,1,1,5
7/7/2020,holland_prairie_east,3,1,VERSTR,spike,11,1,1
7/7/2020,holland_prairie_east,3,2,ECHPAL,flower,1,1,1
7/7/2020,holland_prairie_east,3,2,DRYARG,flower,1,1,3
7/7/2020,holland_prairie_east,3,2,TRIPRA,head,13,na,3
7/7/2020,holland_prairie_east,3,2,TRIHYB,head,9,na,1
7/7/2020,holland_prairie_east,3,3,TRIPRA,head,13,na,4
7/7/2020,holland_prairie_east,3,3,TRIHYB,head,9,na,9
7/7/2020,holland_prairie_east,3,3,ECHPAL,flower,1,2,2
7/7/2020,holland_prairie_east,3,4,DALCAN,flower,1,2,22
7/7/2020,holland_prairie_east,3,4,RUDHIR,flower,1,1,1
7/7/2020,holland_prairie_east,3,4,TRIPRA,head,13,na,1
7/7/2020,holland_prairie_east,3,4,MELALB,spike,10,1,2
7/7/2020,holland_prairie_east,3,5,DRYARG,flower,1,1,3
7/7/2020,holland_prairie_east,3,5,TRIHYB,head,9,na,4
7/7/2020,holland_prairie_east,3,5,TRIPRA,head,13,na,1
7/7/2020,holland_prairie_east,3,6,PYCTEN,flower,1,na,27
7/7/2020,holland_prairie_east,3,6,ECHPAL,flower,1,1,2
7/7/2020,holland_prairie_east,3,6,TRIHYB,head,9,na,4
7/7/2020,holland_prairie_east,3,7,TRIHYB,head,9,na,10
7/7/2020,holland_prairie_east,3,8,DALPUR,flower,1,1,1
7/7/2020,holland_prairie_east,3,8,ECHPAL,flower,1,2,2
7/7/2020,holland_prairie_east,3,9,ECHPAL,flower,1,1,3
7/7/2020,holland_prairie_east,3,9,TRIHYB,head,9,na,8
7/7/2020,holland_prairie_east,3,9,TRIPRA,head,13,na,5
7/7/2020,holland_prairie_east,3,10,ECHPAL,flower,1,1,1
7/7/2020,holland_prairie_east,3,10,DRYARG,flower,1,1,2
7/7/2020,holland_prairie_east,3,10,TRIPRA,head,13,na,10
7/7/2020,holland_prairie_east,3,10,TRIHYB,head,9,na,7
7/7/2020,holland_prairie_west,3,1,ECHPAL,flower,1,1,1
7/7/2020,holland_prairie_west,3,1,RUDHIR,flower,1,1,1
7/7/2020,holland_prairie_west,3,2,ECHPAL,flower,1,2,2
7/7/2020,holland_prairie_west,3,3,ECHPAL,flower,1,2,5
7/7/2020,holland_prairie_west,3,3,TRIHYB,head,7,na,4
7/7/2020,holland_prairie_west,3,4,RUDHIR,flower,1,1,1
7/7/2020,holland_prairie_west,3,5,DALCAN,flower,1,1,5
7/7/2020,holland_prairie_west,3,5,TRIHYB,head,7,na,15
7/7/2020,holland_prairie_west,3,6,DALCAN,flower,1,1,5
7/7/2020,holland_prairie_west,3,6,TRIHYB,head,7,na,3
7/7/2020,holland_prairie_west,3,6,ACHMIL,head,23,1,1
7/7/2020,holland_prairie_west,3,7,RUDHIR,flower,1,3,4
7/7/2020,holland_prairie_west,3,7,ECHPAL,flower,1,1,1
7/7/2020,holland_prairie_west,3,8,DALCAN,flower,1,1,3
7/7/2020,holland_prairie_west,3,8,ECHPAL,flower,1,1,1
7/7/2020,holland_prairie_west,3,8,CORPAL,flower,1,na,1
7/7/2020,holland_prairie_west,3,8,PYCTEN,flower,1,na,23
7/7/2020,holland_prairie_west,3,8,TRIHYB,head,7,na,1
7/7/2020,holland_prairie_west,3,9,ECHPAL,flower,1,3,3
7/7/2020,holland_prairie_west,3,9,TRIPRA,head,6,na,2
7/7/2020,holland_prairie_west,3,9,RUDHIR,flower,1,2,2
7/7/2020,holland_prairie_west,3,10,RUDHIR,flower,1,1,1
7/8/2020,prairie_potholes,2,1,DALCAN,flower,1,3,8
7/8/2020,prairie_potholes,2,2,DALPUR,flower,1,4,10
7/8/2020,prairie_potholes,2,2,DALCAN,flower,1,1,5
7/8/2020,prairie_potholes,2,3,DALCAN,flower,1,2,10
7/8/2020,prairie_potholes,2,3,ECHPAL,flower,1,1,1
7/8/2020,prairie_potholes,2,3,DALPUR,flower,1,1,1
7/8/2020,prairie_potholes,2,4,DALCAN,flower,1,4,15
7/8/2020,prairie_potholes,2,4,DALPUR,flower,1,2,3
7/8/2020,prairie_potholes,2,5,TRIPRA,head,14,na,3
7/8/2020,prairie_potholes,2,6,RUDHIR,flower,1,1,5
7/8/2020,prairie_potholes,2,6,ECHPAL,flower,1,1,1
7/8/2020,prairie_potholes,2,7,RUDHIR,flower,1,1,1
7/8/2020,prairie_potholes,2,8,TRIPRA,head,14,na,1
7/8/2020,prairie_potholes,2,8,ECHPAL,flower,1,1,2
7/8/2020,prairie_potholes,2,9,None,na,0,0,0
7/8/2020,prairie_potholes,2,10,DESILL,flower,1,1,3
7/8/2020,prairie_potholes,2,10,DALCAN,flower,1,1,5
7/8/2020,prairie_potholes,2,10,TRIPRA,head,14,na,1
7/8/2020,big_woods,2,1,DALCAN,flower,1,1,2
7/8/2020,big_woods,2,1,LORCOR,flower,1,na,6
7/8/2020,big_woods,2,2,RUDHIR,flower,1,4,28
7/8/2020,big_woods,2,3,RUDHIR,flower,1,2,4
7/8/2020,big_woods,2,3,DALCAN,flower,1,1,1
7/8/2020,big_woods,2,4,PARINT,flower,1,1,1
7/8/2020,big_woods,2,4,RUDHIR,flower,1,2,2
7/8/2020,big_woods,2,4,ECHPAL,flower,1,1,1
7/8/2020,big_woods,2,5,ERIANN,flower,1,2,16
7/8/2020,big_woods,2,5,RUDHIR,flower,1,3,10
7/8/2020,big_woods,2,5,ECHPAL,flower,1,2,3
7/8/2020,big_woods,2,6,RUDHIR,flower,1,4,15
7/8/2020,big_woods,2,6,DALPUR,flower,1,2,2
7/8/2020,big_woods,2,7,MONFIS,head,19,1,6
7/8/2020,big_woods,2,7,RUDHIR,flower,1,2,7
7/8/2020,big_woods,2,7,DALPUR,flower,1,1,7
7/8/2020,big_woods,2,8,None,na,0,0,0
7/8/2020,big_woods,2,9,RUDHIR,flower,1,2,3
7/8/2020,big_woods,2,10,RUDHIR,flower,1,4,18
7/8/2020,big_woods,2,10,ECHPAL,flower,1,1,2
7/8/2020,east_heinkel,2,1,DALPUR,flower,1,1,3
7/8/2020,east_heinkel,2,2,RUDHIR,flower,1,1,2
7/8/2020,east_heinkel,2,2,TRIPRA,head,11,na,2
7/8/2020,east_heinkel,2,3,DALPUR,flower,1,1,3
7/8/2020,east_heinkel,2,3,TRIPRA,head,11,na,1
7/8/2020,east_heinkel,2,4,TRIPRA,head,11,na,5
7/8/2020,east_heinkel,2,5,TRIPRA,head,11,na,6
7/8/2020,east_heinkel,2,6,ACHMIL,head,16,2,6
7/8/2020,east_heinkel,2,6,TRIPRA,head,11,na,3
7/8/2020,east_heinkel,2,7,TRIPRA,head,11,na,4
7/8/2020,east_heinkel,2,8,TRIPRA,head,11,na,5
7/8/2020,east_heinkel,2,9,None,na,0,0,0
7/8/2020,east_heinkel,2,10,TRIPRA,head,11,na,4
7/9/2020,prairie_potholes,3,1,DALPUR,flower,1,2,10
7/9/2020,prairie_potholes,3,1,DALCAN,flower,1,1,6
7/9/2020,prairie_potholes,3,2,ECHPAL,flower,1,1,1
7/9/2020,prairie_potholes,3,2,DALCAN,flower,1,2,3
7/9/2020,prairie_potholes,3,2,RUDHIR,flower,1,2,2
7/9/2020,prairie_potholes,3,3,DALPUR,flower,1,2,12
7/9/2020,prairie_potholes,3,4,DALCAN,flower,1,2,4
7/9/2020,prairie_potholes,3,4,TRIPRA,head,9,na,3
7/9/2020,prairie_potholes,3,5,DALCAN,flower,1,4,21
7/9/2020,prairie_potholes,3,6,ERISTR,flower,1,2,14
7/9/2020,prairie_potholes,3,7,TRIPRA,head,9,na,9
7/9/2020,prairie_potholes,3,8,DALCAN,flower,1,2,10
7/9/2020,prairie_potholes,3,9,None,na,0,0,0
7/9/2020,prairie_potholes,3,10,TRIPRA,head,9,na,7
7/9/2020,schafer_knob,4,1,MONFIS,head,15,1,5
7/9/2020,schafer_knob,4,1,RUDHIR,flower,1,1,1
7/9/2020,schafer_knob,4,1,DIAARM,flower,1,1,2
7/9/2020,schafer_knob,4,2,MONFIS,head,15,1,7
7/9/2020,schafer_knob,4,2,BAPALB,flower,1,1,10
7/9/2020,schafer_knob,4,2,DAUCAR,head,36,1,1
7/9/2020,schafer_knob,4,3,MONFIS,head,15,2,12
7/9/2020,schafer_knob,4,3,HYPPER,flower,1,1,11
7/9/2020,schafer_knob,4,3,PASSAT,head,22,1,3
7/9/2020,schafer_knob,4,4,DAUCAR,head,36,1,1
7/9/2020,schafer_knob,4,5,MONFIS,head,15,2,10
7/9/2020,schafer_knob,4,6,TRIPRA,head,23,na,11
7/9/2020,schafer_knob,4,6,DAUCAR,head,36,1,2
7/9/2020,schafer_knob,4,7,DAUCAR,head,36,5,7
7/9/2020,schafer_knob,4,7,MONFIS,head,15,1,1
7/9/2020,schafer_knob,4,8,TRIPRA,head,23,na,6
7/9/2020,schafer_knob,4,8,MONFIS,head,15,1,1
7/9/2020,schafer_knob,4,8,DIAARM,flower,1,1,1
7/9/2020,schafer_knob,4,9,MONFIS,head,15,3,21
7/9/2020,schafer_knob,4,9,DAUCAR,head,36,2,3
7/9/2020,schafer_knob,4,10,MONFIS,head,15,2,16
7/9/2020,schafer_knob,4,10,PASSAT,head,22,1,2
7/9/2020,east_heinkel,3,1,RUDHIR,flower,1,1,2
7/9/2020,east_heinkel,3,1,TRIPRA,head,21,na,2
7/9/2020,east_heinkel,3,2,ECHPAL,flower,1,1,1
7/9/2020,east_heinkel,3,2,TRIPRA,head,21,na,9
7/9/2020,east_heinkel,3,3,CORPAL,flower,1,na,1
7/9/2020,east_heinkel,3,4,ECHPAL,flower,1,1,1
7/9/2020,east_heinkel,3,4,VERSTR,spike,13,1,1
7/9/2020,east_heinkel,3,4,CORPAL,flower,1,na,1
7/9/2020,east_heinkel,3,4,TRIPRA,head,21,na,1
7/9/2020,east_heinkel,3,5,TRIPRA,head,21,na,7
7/9/2020,east_heinkel,3,6,TRIPRA,head,21,na,7
7/9/2020,east_heinkel,3,7,TRIPRA,head,21,na,5
7/9/2020,east_heinkel,3,8,TRIPRA,head,21,na,6
7/9/2020,east_heinkel,3,9,TRIPRA,head,21,na,3
7/9/2020,east_heinkel,3,10,TRIPRA,head,21,na,4
7/9/2020,doug_dot_unit,3,1,DALCAN,flower,1,1,7
7/9/2020,doug_dot_unit,3,1,VERVIR,spike,26,1,2
7/9/2020,doug_dot_unit,3,2,None,na,0,0,0
7/9/2020,doug_dot_unit,3,3,DALCAN,flower,1,1,5
7/9/2020,doug_dot_unit,3,3,RUDHIR,flower,1,1,1
7/9/2020,doug_dot_unit,3,4,ERISTR,flower,1,1,11
7/9/2020,doug_dot_unit,3,5,RUDHIR,flower,1,1,2
7/9/2020,doug_dot_unit,3,5,MONFIS,head,11,1,1
7/9/2020,doug_dot_unit,3,6,None,na,0,0,0
7/9/2020,doug_dot_unit,3,7,None,na,0,0,0
7/9/2020,doug_dot_unit,3,8,HELHEL,flower,1,2,4
7/9/2020,doug_dot_unit,3,9,MONFIS,head,11,1,1
7/9/2020,doug_dot_unit,3,10,DRYARG,flower,1,1,2
7/9/2020,doug_dot_unit,3,10,MONFIS,head,11,2,5
7/9/2020,doug_dot_unit,3,10,RUDHIR,flower,1,1,2
7/10/2020,doug_dot_unit,4,1,MONFIS,head,12,2,16
7/10/2020,doug_dot_unit,4,1,DRYARG,flower,1,1,1
7/10/2020,doug_dot_unit,4,2,MONFIS,head,12,3,3
7/10/2020,doug_dot_unit,4,2,DRYARG,flower,1,1,2
7/10/2020,doug_dot_unit,4,2,VERVIR,spike,28,2,2
7/10/2020,doug_dot_unit,4,3,MONFIS,head,12,3,4
7/10/2020,doug_dot_unit,4,4,None,na,0,0,0
7/10/2020,doug_dot_unit,4,5,HELHEL,flower,1,1,8
7/10/2020,doug_dot_unit,4,5,MONFIS,head,12,1,4
7/10/2020,doug_dot_unit,4,6,ECHPAL,flower,1,1,1
7/10/2020,doug_dot_unit,4,7,PYCTEN,flower,1,na,47
7/10/2020,doug_dot_unit,4,7,MONFIS,head,12,1,1
7/10/2020,doug_dot_unit,4,7,DRYARG,flower,1,1,2
7/10/2020,doug_dot_unit,4,8,VERSTR,spike,8,2,3
7/10/2020,doug_dot_unit,4,8,HELHEL,flower,1,1,2
7/10/2020,doug_dot_unit,4,8,MONFIS,head,12,1,2
7/10/2020,doug_dot_unit,4,9,None,na,0,0,0
7/10/2020,doug_dot_unit,4,10,VERVIR,spike,28,2,3
7/10/2020,doug_dot_unit,4,10,DRYARG,flower,1,1,3
7/10/2020,doug_dot_unit,4,10,VERSTR,spike,8,1,1
7/10/2020,stone_barn_prairie,2,1,DALPUR,flower,1,1,9
7/10/2020,stone_barn_prairie,2,2,None,na,0,0,0
7/10/2020,stone_barn_prairie,2,3,TRIPRA,head,9,na,2
7/10/2020,stone_barn_prairie,2,4,ASTCAN,spike,27,2,6
7/10/2020,stone_barn_prairie,2,4,TRIPRA,head,9,na,3
7/10/2020,stone_barn_prairie,2,5,ASTCAN,spike,27,5,20
7/10/2020,stone_barn_prairie,2,6,ASTCAN,spike,27,2,3
7/10/2020,stone_barn_prairie,2,7,ASTCAN,spike,27,2,1
7/10/2020,stone_barn_prairie,2,8,ASTCAN,spike,27,2,7
7/10/2020,stone_barn_prairie,2,9,PYCTEN,flower,1,na,53
7/10/2020,stone_barn_prairie,2,9,BAPALB,flower,1,1,4
7/10/2020,stone_barn_prairie,2,9,ASTCAN,spike,27,2,4
7/10/2020,stone_barn_prairie,2,10,ASTCAN,spike,27,3,12
7/10/2020,sandfarm,3,1,DALCAN,flower,1,2,10
7/10/2020,sandfarm,3,1,TRIPRA,head,9,na,1
7/10/2020,sandfarm,3,2,DALCAN,flower,1,2,5
7/10/2020,sandfarm,3,2,DALPUR,flower,1,1,3
7/10/2020,sandfarm,3,3,ACHMIL,head,28,1,1
7/10/2020,sandfarm,3,4,TRIPRA,head,9,na,1
7/10/2020,sandfarm,3,5,DALCAN,flower,1,3,13
7/10/2020,sandfarm,3,6,DALCAN,flower,1,3,14
7/10/2020,sandfarm,3,7,None,na,0,0,0
7/10/2020,sandfarm,3,8,None,na,0,0,0
7/10/2020,sandfarm,3,9,TRIPRA,head,9,na,1
7/10/2020,sandfarm,3,10,TRIPRA,head,9,na,9
7/11/2020,stone_barn_prairie,3,1,ASTCAN,spike,22,1,3
7/11/2020,stone_barn_prairie,3,2,TRIPRA,head,8,na,1
7/11/2020,stone_barn_prairie,3,3,None,na,0,0,0
7/11/2020,stone_barn_prairie,3,4,ASTCAN,spike,22,4,10
7/11/2020,stone_barn_prairie,3,5,None,na,0,0,0
7/11/2020,stone_barn_prairie,3,6,ASTCAN,spike,22,3,4
7/11/2020,stone_barn_prairie,3,7,DALCAN,flower,1,4,17
7/11/2020,stone_barn_prairie,3,8,PYCTEN,flower,1,na,75
7/11/2020,stone_barn_prairie,3,8,TRIPRA,head,8,na,2
7/11/2020,stone_barn_prairie,3,9,None,na,0,0,0
7/11/2020,stone_barn_prairie,3,10,ASTCAN,spike,22,8,21
7/11/2020,sandfarm,4,1,RUDHIR,flower,1,1,3
7/11/2020,sandfarm,4,1,DALCAN,flower,1,2,16
7/11/2020,sandfarm,4,2,DALCAN,flower,1,3,15
7/11/2020,sandfarm,4,3,CORPAL,flower,1,na,1
7/11/2020,sandfarm,4,3,DALCAN,flower,1,1,5
7/11/2020,sandfarm,4,3,TRIPRA,head,20,2,3
7/11/2020,sandfarm,4,4,DALCAN,flower,1,1,3
7/11/2020,sandfarm,4,4,TRIPRA,head,20,na,1
7/11/2020,sandfarm,4,5,None,na,0,0,0
7/11/2020,sandfarm,4,6,None,na,0,0,0
7/11/2020,sandfarm,4,7,TRIPRA,head,20,na,3
7/11/2020,sandfarm,4,8,None,na,0,0,0
7/11/2020,sandfarm,4,9,TRIPRA,head,20,na,2
7/11/2020,sandfarm,4,10,TRIPRA,head,20,na,2
7/11/2020,sandfarm,4,10,RUDHIR,flower,1,1,1
7/11/2020,sandfarm,4,10,DRYARG,flower,1,1,1
7/13/2020,stone_barn_prairie,4,1,ASTCAN,spike,18,2,2
7/13/2020,stone_barn_prairie,4,2,None,na,0,0,0
7/13/2020,stone_barn_prairie,4,3,ASTCAN,spike,18,1,1
7/13/2020,stone_barn_prairie,4,3,TRIPRA,head,13,na,1
7/13/2020,stone_barn_prairie,4,4,ASTCAN,spike,18,4,6
7/13/2020,stone_barn_prairie,4,5,ASTCAN,spike,18,3,5
7/13/2020,stone_barn_prairie,4,5,HELHEL,flower,1,1,4
7/13/2020,stone_barn_prairie,4,6,ASTCAN,spike,18,1,2
7/13/2020,stone_barn_prairie,4,7,None,na,0,0,0
7/13/2020,stone_barn_prairie,4,8,ASTCAN,spike,18,2,2
7/13/2020,stone_barn_prairie,4,9,ANECYL,flower,1,1,1
7/13/2020,stone_barn_prairie,4,10,PYCTEN,flower,1,na,86
7/13/2020,sandfarm,5,1,TRIPRA,head,16,na,2
7/13/2020,sandfarm,5,2,DALCAN,flower,1,4,15
7/13/2020,sandfarm,5,3,DALCAN,flower,1,2,9
7/13/2020,sandfarm,5,3,DALPUR,flower,1,3,25
7/13/2020,sandfarm,5,4,DALCAN,flower,1,2,8
7/13/2020,sandfarm,5,5,RATPIN,flower,1,1,1
7/13/2020,sandfarm,5,5,TRIPRA,head,16,na,3
7/13/2020,sandfarm,5,6,TRIPRA,head,16,na,1
7/13/2020,sandfarm,5,7,BAPALB,flower,1,1,13
7/13/2020,sandfarm,5,7,TRIPRA,head,16,na,2
7/13/2020,sandfarm,5,8,TRIPRA,head,16,na,10
7/13/2020,sandfarm,5,9,TRIPRA,head,16,na,8
7/13/2020,sandfarm,5,10,TRIPRA,head,16,na,6
7/13/2020,gobbler_ridge,2,1,BAPALB,flower,1,1,7
7/13/2020,gobbler_ridge,2,1,DALCAN,flower,1,2,7
7/13/2020,gobbler_ridge,2,2,DALPUR,flower,1,5,33
7/13/2020,gobbler_ridge,2,2,DALCAN,flower,1,2,4
7/13/2020,gobbler_ridge,2,3,DALCAN,flower,1,3,15
7/13/2020,gobbler_ridge,2,3,DALPUR,flower,1,3,20
7/13/2020,gobbler_ridge,2,3,AMOCAN,spike,9,1,4
7/13/2020,gobbler_ridge,2,4,PYCTEN,flower,1,na,34
7/13/2020,gobbler_ridge,2,4,ASTCAN,spike,7,1,2
7/13/2020,gobbler_ridge,2,5,None,na,0,0,0
7/13/2020,gobbler_ridge,2,6,DALCAN,flower,1,3,16
7/13/2020,gobbler_ridge,2,6,DALPUR,flower,1,3,7
7/13/2020,gobbler_ridge,2,7,PYCTEN,flower,1,na,113
7/13/2020,gobbler_ridge,2,7,CORPAL,flower,1,na,1
7/13/2020,gobbler_ridge,2,7,DALCAN,flower,1,2,6
7/13/2020,gobbler_ridge,2,7,DALPUR,flower,1,1,19
7/13/2020,gobbler_ridge,2,8,ECHPAL,flower,1,1,1
7/13/2020,gobbler_ridge,2,9,None,na,0,0,0
7/13/2020,gobbler_ridge,2,10,None,na,0,0,0
7/13/2020,seven_knobs,2,1,None,na,0,0,0
7/13/2020,seven_knobs,2,2,VERSTR,spike,9,1,2
7/13/2020,seven_knobs,2,3,None,na,0,0,0
7/13/2020,seven_knobs,2,4,DALPUR,flower,1,2,16
7/13/2020,seven_knobs,2,4,DALCAN,flower,1,3,9
7/13/2020,seven_knobs,2,5,DALPUR,flower,1,1,18
7/13/2020,seven_knobs,2,5,DALCAN,flower,1,2,5
7/13/2020,seven_knobs,2,6,DALPUR,flower,1,3,10
7/13/2020,seven_knobs,2,6,DALCAN,flower,1,4,21
7/13/2020,seven_knobs,2,7,DALCAN,flower,1,1,11
7/13/2020,seven_knobs,2,7,DALPUR,flower,1,1,1
7/13/2020,seven_knobs,2,8,DALCAN,flower,1,1,1
7/13/2020,seven_knobs,2,9,None,na,0,0,0
7/13/2020,seven_knobs,2,10,VERSTR,spike,9,1,1
7/13/2020,seven_knobs,2,10,MONFIS,head,10,1,1
7/14/2020,clear_creek_south,2,1,MONFIS,head,13,2,16
7/14/2020,clear_creek_south,2,2,MONFIS,head,13,1,4
7/14/2020,clear_creek_south,2,3,MONFIS,head,13,1,5
7/14/2020,clear_creek_south,2,3,DAUCAR,head,125,1,1
7/14/2020,clear_creek_south,2,4,MONFIS,head,13,2,17
7/14/2020,clear_creek_south,2,5,None,na,0,0,0
7/14/2020,clear_creek_south,2,6,MONFIS,head,13,2,5
7/14/2020,clear_creek_south,2,7,None,na,0,0,0
7/14/2020,clear_creek_south,2,8,None,na,0,0,0
7/14/2020,clear_creek_south,2,9,MONFIS,head,13,1,6
7/14/2020,clear_creek_south,2,10,None,na,0,0,0
7/14/2020,stone_barn_prairie,5,1,BAPALB,flower,1,1,1
7/14/2020,stone_barn_prairie,5,1,ASTCAN,spike,23,1,4
7/14/2020,stone_barn_prairie,5,2,ASTCAN,spike,23,3,10
7/14/2020,stone_barn_prairie,5,3,ASTCAN,spike,23,4,6
7/14/2020,stone_barn_prairie,5,4,ASTCAN,spike,23,1,1
7/14/2020,stone_barn_prairie,5,5,ASTCAN,spike,23,1,6
7/14/2020,stone_barn_prairie,5,6,ASTCAN,spike,23,4,21
7/14/2020,stone_barn_prairie,5,6,DRYARG,flower,1,1,2
7/14/2020,stone_barn_prairie,5,7,None,na,0,0,0
7/14/2020,stone_barn_prairie,5,8,ASTCAN,spike,23,1,4
7/14/2020,stone_barn_prairie,5,9,ASTCAN,spike,23,1,1
7/14/2020,stone_barn_prairie,5,10,ASTCAN,spike,23,3,16
7/14/2020,thelma_carpenter,2,1,MONFIS,head,12,3,13
7/14/2020,thelma_carpenter,2,2,MONFIS,head,12,1,2
7/14/2020,thelma_carpenter,2,3,None,na,0,0,0
7/14/2020,thelma_carpenter,2,4,None,na,0,0,0
7/14/2020,thelma_carpenter,2,5,MONFIS,head,12,2,6
7/14/2020,thelma_carpenter,2,6,None,na,0,0,0
7/14/2020,thelma_carpenter,2,7,None,na,0,0,0
7/14/2020,thelma_carpenter,2,8,None,na,0,0,0
7/14/2020,thelma_carpenter,2,9,None,na,0,0,0
7/14/2020,thelma_carpenter,2,10,MONFIS,head,12,1,3
7/14/2020,thelma_carpenter,2,10,DAUCAR,head,125,1,1
7/14/2020,sandfarm,6,1,None,na,0,0,0
7/14/2020,sandfarm,6,2,DALCAN,flower,1,2,6
7/14/2020,sandfarm,6,3,DALCAN,flower,1,2,12
7/14/2020,sandfarm,6,3,DALPUR,flower,1,2,5
7/14/2020,sandfarm,6,4,None,None,0,0,0
7/14/2020,sandfarm,6,5,TRIPRA,head,26,na,5
7/14/2020,sandfarm,6,6,TRIPRA,head,26,na,7
7/14/2020,sandfarm,6,7,TRIPRA,head,26,na,11
7/14/2020,sandfarm,6,8,TRIPRA,head,26,na,6
7/14/2020,sandfarm,6,9,TRIPRA,head,26,na,15
7/14/2020,sandfarm,6,10,TRIPRA,head,26,na,6
7/15/2020,dougs_knob,2,1,MONFIS,head,14,2,32
7/15/2020,dougs_knob,2,2,MONFIS,head,14,1,2
7/15/2020,dougs_knob,2,3,None,na,0,0,0
7/15/2020,dougs_knob,2,4,DALPUR,flower,1,3,34
7/15/2020,dougs_knob,2,5,DALPUR,flower,1,3,16
7/15/2020,dougs_knob,2,6,MONFIS,head,14,1,16
7/15/2020,dougs_knob,2,6,TRIPRA,head,17,na,18
7/15/2020,dougs_knob,2,7,MONFIS,head,14,2,18
7/15/2020,dougs_knob,2,7,TRIPRA,head,17,na,11
7/15/2020,dougs_knob,2,8,MONFIS,head,14,2,22
7/15/2020,dougs_knob,2,8,TRIPRA,head,17,na,3
7/15/2020,dougs_knob,2,9,None,na,0,0,0
7/15/2020,dougs_knob,2,10,MONFIS,head,14,2,16
7/15/2020,dots_knob,2,1,RATPIN,flower,1,1,7
7/15/2020,dots_knob,2,2,DALPUR,flower,1,2,23
7/15/2020,dots_knob,2,2,MEDLUP,flower,1,na,4
7/15/2020,dots_knob,2,3,MONFIS,head,16,1,11
7/15/2020,dots_knob,2,4,MONFIS,head,16,2,11
7/15/2020,dots_knob,2,5,MONFIS,head,16,2,18
7/15/2020,dots_knob,2,6,None,na,0,0,0
7/15/2020,dots_knob,2,7,MONFIS,head,16,1,1
7/15/2020,dots_knob,2,8,MONFIS,head,16,1,1
7/15/2020,dots_knob,2,9,None,na,0,0,0
7/15/2020,dots_knob,2,10,PYCTEN,flower,1,na,71
7/15/2020,coneflower_trash_knob,2,1,VERVIR,spike,22,1,3
7/15/2020,coneflower_trash_knob,2,1,ECHPAL,flower,1,1,1
7/15/2020,coneflower_trash_knob,2,1,RUDHIR,flower,1,2,3
7/15/2020,coneflower_trash_knob,2,1,TRIPRA,head,18,na,6
7/15/2020,coneflower_trash_knob,2,2,RATPIN,flower,1,1,2
7/15/2020,coneflower_trash_knob,2,2,RUDHIR,flower,1,4,16
7/15/2020,coneflower_trash_knob,2,2,MONFIS,head,21,1,1
7/15/2020,coneflower_trash_knob,2,2,TRIPRA,head,18,na,5
7/15/2020,coneflower_trash_knob,2,3,None,na,0,0,0
7/15/2020,coneflower_trash_knob,2,4,RUDHIR,flower,1,1,3
7/15/2020,coneflower_trash_knob,2,5,None,na,0,0,0
7/15/2020,coneflower_trash_knob,2,6,None,na,0,0,0
7/15/2020,coneflower_trash_knob,2,7,DALPUR,flower,1,2,31
7/15/2020,coneflower_trash_knob,2,8,DALPUR,flower,1,3,32
7/15/2020,coneflower_trash_knob,2,9,DALPUR,flower,1,2,8
7/15/2020,coneflower_trash_knob,2,9,TRIPRA,head,18,na,1
7/15/2020,coneflower_trash_knob,2,10,DALPUR,flower,1,2,9
7/15/2020,coneflower_trash_knob,2,10,TRIPRA,head,18,na,2
7/16/2020,stone_barn_prairie,6,1,MONFIS,head,13,2,3
7/16/2020,stone_barn_prairie,6,1,ASTCAN,spike,27,3,7
7/16/2020,stone_barn_prairie,6,2,ASTCAN,spike,27,2,8
7/16/2020,stone_barn_prairie,6,3,None,na,0,0,0
7/16/2020,stone_barn_prairie,6,4,MONFIS,head,13,1,1
7/16/2020,stone_barn_prairie,6,4,ASTCAN,spike,27,2,7
7/16/2020,stone_barn_prairie,6,5,ASTCAN,spike,27,3,20
7/16/2020,stone_barn_prairie,6,6,ASTCAN,spike,27,3,11
7/16/2020,stone_barn_prairie,6,7,ASTCAN,spike,27,1,3
7/16/2020,stone_barn_prairie,6,8,RATPIN,flower,1,1,3
7/16/2020,stone_barn_prairie,6,8,ASTCAN,spike,27,2,10
7/16/2020,stone_barn_prairie,6,9,ASTCAN,spike,27,1,4
7/16/2020,stone_barn_prairie,6,10,ASTCAN,spike,27,2,11
7/16/2020,clear_creek_south,3,1,MONFIS,head,10,2,8
7/16/2020,clear_creek_south,3,2,MONFIS,head,10,1,8
7/16/2020,clear_creek_south,3,3,MONFIS,head,10,2,7
7/16/2020,clear_creek_south,3,4,MONFIS,head,10,3,15
7/16/2020,clear_creek_south,3,5,MONFIS,head,10,3,29
7/16/2020,clear_creek_south,3,6,MONFIS,head,10,3,37
7/16/2020,clear_creek_south,3,7,MONFIS,head,10,1,3
7/16/2020,clear_creek_south,3,8,MONFIS,head,10,1,4
7/16/2020,clear_creek_south,3,9,MONFIS,head,10,2,6
7/16/2020,clear_creek_south,3,10,MONFIS,head,10,2,8
7/16/2020,kittentail_knob,2,1,RATPIN,flower,1,1,1
7/16/2020,kittentail_knob,2,1,VERVIR,spike,34,1,1
7/16/2020,kittentail_knob,2,2,RATPIN,flower,1,1,1
7/16/2020,kittentail_knob,2,3,VERVIR,spike,34,4,13
7/16/2020,kittentail_knob,2,4,MONFIS,head,15,1,2
7/16/2020,kittentail_knob,2,4,TRIPRA,head,9,na,2
7/16/2020,kittentail_knob,2,5,MONFIS,head,15,1,1
7/16/2020,kittentail_knob,2,5,PYCTEN,flower,1,na,23
7/16/2020,kittentail_knob,2,5,TRIHYB,head,10,na,3
7/16/2020,kittentail_knob,2,6,None,na,0,0,0
7/16/2020,kittentail_knob,2,7,MONFIS,head,15,2,18
7/16/2020,kittentail_knob,2,8,MONFIS,head,15,3,11
7/16/2020,kittentail_knob,2,9,MONFIS,head,15,2,4
7/16/2020,kittentail_knob,2,9,TRIPRA,head,15,na,5
7/16/2020,kittentail_knob,2,10,MONFIS,head,15,1,1
7/16/2020,west_heinkel,2,1,DESILL,flower,1,1,4
7/16/2020,west_heinkel,2,1,PARINT,flower,1,1,20
7/16/2020,west_heinkel,2,2,DESILL,flower,1,2,6
7/16/2020,west_heinkel,2,3,BAPALB,flower,1,1,10
7/16/2020,west_heinkel,2,3,RATPIN,flower,1,1,2
7/16/2020,west_heinkel,2,3,DESILL,flower,1,1,7
7/16/2020,west_heinkel,2,4,None,na,0,0,0
7/16/2020,west_heinkel,2,5,None,na,0,0,0
7/16/2020,west_heinkel,2,6,None,na,0,0,0
7/16/2020,west_heinkel,2,7,None,na,0,0,0
7/16/2020,west_heinkel,2,8,None,na,0,0,0
7/16/2020,west_heinkel,2,9,None,na,0,0,0
7/16/2020,west_heinkel,2,10,RATPIN,flower,1,2,4
7/16/2020,isabells_knob,2,1,AMOCAN,spike,8,1,2
7/16/2020,isabells_knob,2,2,DALPUR,flower,1,2,12
7/16/2020,isabells_knob,2,2,BAPALB,flower,1,1,9
7/16/2020,isabells_knob,2,3,RATPIN,flower,1,1,1
7/16/2020,isabells_knob,2,3,DALPUR,flower,1,1,4
7/16/2020,isabells_knob,2,4,DALPUR,flower,1,2,29
7/16/2020,isabells_knob,2,5,TRIPRA,head,22,na,5
7/16/2020,isabells_knob,2,5,ERISTR,flower,1,1,1
7/16/2020,isabells_knob,2,6,BAPALB,flower,1,1,12
7/16/2020,isabells_knob,2,6,DALPUR,flower,1,1,9
7/16/2020,isabells_knob,2,6,TRIPRA,head,22,na,2
7/16/2020,isabells_knob,2,7,RUDHIR,flower,1,1,1
7/16/2020,isabells_knob,2,8,RATPIN,flower,1,1,4
7/16/2020,isabells_knob,2,9,BAPALB,flower,1,1,23
7/16/2020,isabells_knob,2,10,MONFIS,head,15,1,25
7/16/2020,isabells_knob,2,10,BAPALB,flower,1,1,11
7/17/2020,stone_barn_prairie,7,1,ASTCAN,spike,21,1,4
7/17/2020,stone_barn_prairie,7,1,TRIPRA,head,11,na,1
7/17/2020,stone_barn_prairie,7,2,ASTCAN,spike,21,3,15
7/17/2020,stone_barn_prairie,7,3,None,na,0,0,0
7/17/2020,stone_barn_prairie,7,4,ASTCAN,spike,21,2,3
7/17/2020,stone_barn_prairie,7,5,ASTCAN,spike,21,2,4
7/17/2020,stone_barn_prairie,7,5,PYCTEN,flower,1,na,95
7/17/2020,stone_barn_prairie,7,6,ASTCAN,spike,21,1,1
7/17/2020,stone_barn_prairie,7,7,ASTCAN,spike,21,1,4
7/17/2020,stone_barn_prairie,7,8,None,na,0,0,0
7/17/2020,stone_barn_prairie,7,9,None,na,0,0,0
7/17/2020,stone_barn_prairie,7,10,None,na,0,0,0
7/17/2020,south_clear_creek,4,1,MONFIS,head,11,1,5
7/17/2020,south_clear_creek,4,2,MONFIS,head,11,2,5
7/17/2020,south_clear_creek,4,3,MONFIS,head,11,2,5
7/17/2020,south_clear_creek,4,4,MONFIS,head,11,2,20
7/17/2020,south_clear_creek,4,5,MONFIS,head,11,2,226
7/17/2020,south_clear_creek,4,6,MONFIS,head,11,3,28
7/17/2020,south_clear_creek,4,7,MONFIS,head,11,1,1
7/17/2020,south_clear_creek,4,8,MONFIS,head,11,3,4
7/17/2020,south_clear_creek,4,9,MONFIS,head,11,1,10
7/17/2020,south_clear_creek,4,10,MONFIS,head,11,2,11
7/17/2020,isabells_knob,3,1,DALPUR,flower,1,1,2
7/17/2020,isabells_knob,3,2,DALPUR,flower,1,1,3
7/17/2020,isabells_knob,3,3,None,na,0,0,0
7/17/2020,isabells_knob,3,4,DALPUR,flower,1,1,4
7/17/2020,isabells_knob,3,5,BAPALB,flower,1,1,6
7/17/2020,isabells_knob,3,6,TRIPRA,head,16,na,8
7/17/2020,isabells_knob,3,7,HYPPER,flower,1,1,10
7/17/2020,isabells_knob,3,7,MONFIS,head,21,2,38
7/17/2020,isabells_knob,3,8,RUDHIR,flower,1,1,1
7/17/2020,isabells_knob,3,8,ERISTR,flower,1,2,10
7/17/2020,isabells_knob,3,8,TRIPRA,head,16,na,3
7/17/2020,isabells_knob,3,9,None,na,0,0,0
7/17/2020,isabells_knob,3,10,None,na,0,0,0
7/20/2020,clear_creek_south,5,1,MONFIS,head,13,2,14
7/20/2020,clear_creek_south,5,2,MONFIS,head,13,3,20
7/20/2020,clear_creek_south,5,3,MONFIS,head,13,2,26
7/20/2020,clear_creek_south,5,4,None,na,0,0,0
7/20/2020,clear_creek_south,5,5,MONFIS,head,13,2,8
7/20/2020,clear_creek_south,5,6,None,na,0,0,0
7/20/2020,clear_creek_south,5,7,None,na,0,0,0
7/20/2020,clear_creek_south,5,8,RATPIN,flower,1,1,1
7/20/2020,clear_creek_south,5,9,MONFIS,head,13,2,4
7/20/2020,clear_creek_south,5,10,MONFIS,head,13,1,1
7/20/2020,clear_creek_south,5,10,RATPIN,flower,1,1,1
7/20/2020,holland_prairie_east,4,1,PYCTEN,head,16,na,78
7/20/2020,holland_prairie_east,4,2,PYCTEN,head,16,na,27
7/20/2020,holland_prairie_east,4,3,SILLAN,flower,1,1,1
7/20/2020,holland_prairie_east,4,3,TRIPRA,head,17,na,5
7/20/2020,holland_prairie_east,4,3,SILINT,flower,1,1,1
7/20/2020,holland_prairie_east,4,4,TRIPRA,head,17,na,19
7/20/2020,holland_prairie_east,4,4,RUDHIR,flower,1,1,1
7/20/2020,holland_prairie_east,4,4,ERISTR,flower,1,1,8
7/20/2020,holland_prairie_east,4,5,TRIPRA,head,17,na,6
7/20/2020,holland_prairie_east,4,5,PYCTEN,head,16,na,46
7/20/2020,holland_prairie_east,4,5,DALCAN,flower,1,1,4
7/20/2020,holland_prairie_east,4,6,None,None,0,0,0
7/20/2020,holland_prairie_east,4,7,PARINT,flower,1,1,16
7/20/2020,holland_prairie_east,4,7,ERISTR,flower,1,1,7
7/20/2020,holland_prairie_east,4,8,DESCAN,spike,7,1,3
7/20/2020,holland_prairie_east,4,9,DALCAN,flower,1,2,15
7/20/2020,holland_prairie_east,4,10,DESCAN,spike,7,2,27
7/20/2020,holland_prairie_west,4,1,None,na,0,0,0
7/20/2020,holland_prairie_west,4,2,LIAPYC,spike,22,2,10
7/20/2020,holland_prairie_west,4,2,PARINT,flower,1,2,32
7/20/2020,holland_prairie_west,4,3,LIAPYC,spike,22,1,1
7/20/2020,holland_prairie_west,4,4,TRIREP,head,8,na,1
7/20/2020,holland_prairie_west,4,4,DALPUR,flower,1,1,1
7/20/2020,holland_prairie_west,4,5,PARINT,flower,1,4,134
7/20/2020,holland_prairie_west,4,5,TRIPRA,head,11,na,1
7/20/2020,holland_prairie_west,4,6,MONFIS,head,15,2,8
7/20/2020,holland_prairie_west,4,6,PARINT,flower,1,1,6
7/20/2020,holland_prairie_west,4,7,TRIPRA,head,15,na,2
7/20/2020,holland_prairie_west,4,8,TRIPRA,head,15,na,1
7/20/2020,holland_prairie_west,4,9,ERIYUC,flower,1,1,4
7/20/2020,holland_prairie_west,4,9,DALCAN,flower,1,1,4
7/20/2020,holland_prairie_west,4,10,ECHPAL,flower,1,1,1
7/20/2020,hook_larson,3,1,MONFIS,head,12,3,38
7/20/2020,hook_larson,3,2,MONFIS,head,12,1,10
7/20/2020,hook_larson,3,3,MONFIS,head,12,1,3
7/20/2020,hook_larson,3,4,MONFIS,head,12,2,13
7/20/2020,hook_larson,3,5,None,na,0,0,0
7/20/2020,hook_larson,3,6,MONFIS,head,12,2,28
7/20/2020,hook_larson,3,7,MONFIS,head,12,2,7
7/20/2020,hook_larson,3,8,TRIREP,head,16,na,12
7/20/2020,hook_larson,3,8,MONFIS,head,12,2,7
7/20/2020,hook_larson,3,9,MONFIS,head,12,2,13
7/20/2020,hook_larson,3,10,MONFIS,head,12,1,2
7/20/2020,hook_larson,3,10,TRIPRA,head,7,na,4
7/21/2020,big_woods,3,1,VERVIR,spike,18,2,10
7/21/2020,big_woods,3,1,RUDHIR,flower,1,1,2
7/21/2020,big_woods,3,2,BAPALB,flower,1,1,7
7/21/2020,big_woods,3,3,BAPALB,flower,1,1,6
7/21/2020,big_woods,3,4,None,na,0,0,0
7/21/2020,big_woods,3,5,RUDSUB,flower,1,1,5
7/21/2020,big_woods,3,5,ASTCAN,spike,15,1,2
7/21/2020,big_woods,3,6,DALCAN,flower,1,1,2
7/21/2020,big_woods,3,7,None,na,0,0,0
7/21/2020,big_woods,3,8,None,na,0,0,0
7/21/2020,big_woods,3,9,None,na,0,0,0
7/21/2020,big_woods,3,10,MONFIS,head,9,1,2
7/21/2020,big_woods,3,10,RUDHIR,flower,1,2,3
7/21/2020,schafer_knob,5,1,DAUCAR,head,200,3,4
7/21/2020,schafer_knob,5,1,TRIPRA,head,13,na,8
7/21/2020,schafer_knob,5,1,PRUVUL,head,7,3,4
7/21/2020,schafer_knob,5,2,PRUVUL,head,7,1,2
7/21/2020,schafer_knob,5,2,DAUCAR,head,200,1,4
7/21/2020,schafer_knob,5,2,MONFIS,head,10,1,4
7/21/2020,schafer_knob,5,2,TRIPRA,head,13,1na,3
7/21/2020,schafer_knob,5,3,TRIPRA,head,13,na,9
7/21/2020,schafer_knob,5,3,HELHEL,flower,1,1,3
7/21/2020,schafer_knob,5,3,MONFIS,head,10,2,3
7/21/2020,schafer_knob,5,3,DAUCAR,head,200,1,9
7/21/2020,schafer_knob,5,4,None,na,0,0,0
7/21/2020,schafer_knob,5,5,None,na,0,0,0
7/21/2020,schafer_knob,5,6,DALPUR,flower,1,3,7
7/21/2020,schafer_knob,5,7,DALPUR,flower,1,1,33
7/21/2020,schafer_knob,5,8,None,na,0,0,0
7/21/2020,schafer_knob,5,9,None,na,0,0,0
7/21/2020,schafer_knob,5,10,DALPUR,flower,1,2,14
7/21/2020,prairie_potholes,4,1,DESCAN,spike,9,2,7
7/21/2020,prairie_potholes,4,2,RATPIN,flower,1,1,3
7/21/2020,prairie_potholes,4,2,TRIPRA,head,8,na,2
7/21/2020,prairie_potholes,4,3,DESCAN,spike,9,1,5
7/21/2020,prairie_potholes,4,4,DESCAN,spike,9,2,19
7/21/2020,prairie_potholes,4,5,TRIPRA,head,8,na,3
7/21/2020,prairie_potholes,4,5,RATPIN,flower,1,1,1
7/21/2020,prairie_potholes,4,6,ERIANN,flower,1,1,9
7/21/2020,prairie_potholes,4,7,TRIPRA,head,8,na,4
7/21/2020,prairie_potholes,4,8,TRIPRA,head,8,na,1
7/21/2020,prairie_potholes,4,9,RATPIN,flower,1,2,2
7/21/2020,prairie_potholes,4,10,TRIREP,head,7,na,2
7/22/2020,holland_prairie_west,5,1,TRIPRA,head,19,na,11
7/22/2020,holland_prairie_west,5,1,PYCTEN,flower,1,na,18
7/22/2020,holland_prairie_west,5,2,DAUCAR,head,128,1,1
7/22/2020,holland_prairie_west,5,2,MONFIS,head,8,1,3
7/22/2020,holland_prairie_west,5,2,ASTCAN,spike,32,1,3
7/22/2020,holland_prairie_west,5,3,MONFIS,head,8,1,2
7/22/2020,holland_prairie_west,5,3,TRIPRA,head,19,na,3
7/22/2020,holland_prairie_west,5,3,DAUCAR,head,128,1,1
7/22/2020,holland_prairie_west,5,4,MONFIS,head,8,1,2
7/22/2020,holland_prairie_west,5,4,TRIPRA,head,19,na,1
7/22/2020,holland_prairie_west,5,4,ASTCAN,spike,32,1,1
7/22/2020,holland_prairie_west,5,5,TRIPRA,head,19,na,11
7/22/2020,holland_prairie_west,5,6,None,na,1,1,0
7/22/2020,holland_prairie_west,5,7,LIAPYC,spike,13,1,2
7/22/2020,holland_prairie_west,5,8,PYCTEN,flower,1,na,22
7/22/2020,holland_prairie_west,5,8,ASTCAN,spike,32,1,1
7/22/2020,holland_prairie_west,5,9,PYCTEN,flower,1,na,44
7/22/2020,holland_prairie_west,5,9,DALPUR,flower,1,1,1
7/22/2020,holland_prairie_west,5,10,TRIPRA,head,19,na,5
7/22/2020,hook_larson,4,1,RATPIN,flower,1,2,3
7/22/2020,hook_larson,4,1,DAUCAR,head,125,2,2
7/22/2020,hook_larson,4,1,MONFIS,head,26,1,3
7/22/2020,hook_larson,4,2,RATPIN,flower,1,2,10
7/22/2020,hook_larson,4,2,TRIPRA,head,7,na,1
7/22/2020,hook_larson,4,3,MONFIS,head,26,2,2
7/22/2020,hook_larson,4,4,MONFIS,head,26,2,3
7/22/2020,hook_larson,4,5,ERIYUC,flower,1,1,1
7/22/2020,hook_larson,4,5,TRIPRA,head,7,1,1
7/22/2020,hook_larson,4,5,RATPIN,flower,1,2,8
7/22/2020,hook_larson,4,6,RATPIN,flower,1,1,4
7/22/2020,hook_larson,4,6,ERIYUC,flower,1,1,1
7/22/2020,hook_larson,4,7,MONFIS,head,26,2,5
7/22/2020,hook_larson,4,7,RATPIN,flower,1,1,13
7/22/2020,hook_larson,4,8,MONFIS,head,26,2,15
7/22/2020,hook_larson,4,9,RATPIN,flower,1,2,8
7/22/2020,hook_larson,4,9,HELHEL,flower,1,1,2
7/22/2020,hook_larson,4,9,MONFIS,head,26,1,8
7/22/2020,hook_larson,4,10,RATPIN,flower,1,1,1
7/22/2020,hook_larson,4,10,MONFIS,head,26,2,4
7/22/2020,hook_larson,4,10,TRIPRA,head,7,na,3
7/22/2020,trap_release_prairie,1,1,MONFIS,head,14,2,15
7/22/2020,trap_release_prairie,1,2,MONFIS,head,14,1,7
7/22/2020,trap_release_prairie,1,2,TRIPRA,head,8,na,2
7/22/2020,trap_release_prairie,1,2,TRIREP,head,7,na,1
7/22/2020,trap_release_prairie,1,3,RATPIN,flower,1,1,3
7/22/2020,trap_release_prairie,1,3,TRIHYB,head,13,na,14
7/22/2020,trap_release_prairie,1,3,TRIPRA,head,8,na,10
7/22/2020,trap_release_prairie,1,4,MONFIS,head,14,2,51
7/22/2020,trap_release_prairie,1,4,TRIPRA,head,8,na,1
7/22/2020,trap_release_prairie,1,5,MONFIS,head,14,1,7
7/22/2020,trap_release_prairie,1,5,RATPIN,flower,1,2,13
7/22/2020,trap_release_prairie,1,6,MONFIS,head,14,1,2
7/22/2020,trap_release_prairie,1,6,RATPIN,flower,1,1,2
7/22/2020,trap_release_prairie,1,6,TRIHYB,head,13,na,2
7/22/2020,trap_release_prairie,1,7,TRIREP,head,7,na,3
7/22/2020,trap_release_prairie,1,8,MONFIS,head,14,1,37
7/22/2020,trap_release_prairie,1,8,TRIREP,head,7,na,4
7/22/2020,trap_release_prairie,1,9,TRIREP,head,7,na,6
7/22/2020,trap_release_prairie,1,10,TRIPRA,head,8,na,17
7/22/2020,trap_release_prairie,1,10,TRIHYB,head,13,na,1
7/22/2020,trap_release_prairie,1,10,MONFIS,head,14,1,2
7/22/2020,clear_creek_south,6,1,MONFIS,head,11,2,25
7/22/2020,clear_creek_south,6,2,MONFIS,head,11,2,9
7/22/2020,clear_creek_south,6,2,HELHEL,flower,1,1,2
7/22/2020,clear_creek_south,6,3,MONFIS,head,11,1,1
7/22/2020,clear_creek_south,6,4,HELHEL,flower,1,1,2
7/22/2020,clear_creek_south,6,4,MONFIS,head,11,2,49
7/22/2020,clear_creek_south,6,5,MONFIS,head,11,2,9
7/22/2020,clear_creek_south,6,6,None,na,0,0,0
7/22/2020,clear_creek_south,6,7,MONFIS,head,11,2,30
7/22/2020,clear_creek_south,6,8,MONFIS,head,11,2,9
7/22/2020,clear_creek_south,6,9,MONFIS,head,11,2,11
7/22/2020,clear_creek_south,6,9,TRIPRA,head,9,na,1
7/22/2020,clear_creek_south,6,10,TRIPRA,head,9,na,1
7/23/2020,clear_creek_south,7,1,RATPIN,flower,1,1,2
7/23/2020,clear_creek_south,7,1,HELHEL,flower,1,1,1
7/23/2020,clear_creek_south,7,2,DAUCAR,head,300,6,11
7/23/2020,clear_creek_south,7,2,MONFIS,head,9,1,2
7/23/2020,clear_creek_south,7,2,TRIPRA,head,16,na,3
7/23/2020,clear_creek_south,7,2,HELHEL,flower,1,1,1
7/23/2020,clear_creek_south,7,3,MONFIS,head,9,2,50
7/23/2020,clear_creek_south,7,4,MONFIS,head,9,2,20
7/23/2020,clear_creek_south,7,5,MONFIS,head,9,3,26
7/23/2020,clear_creek_south,7,6,DAUCAR,head,30,1,1
7/23/2020,clear_creek_south,7,6,MONFIS,head,9,1,1
7/23/2020,clear_creek_south,7,7,MONFIS,head,9,2,34
7/23/2020,clear_creek_south,7,8,MONFIS,head,9,2,13
7/23/2020,clear_creek_south,7,9,MONFIS,head,9,2,32
7/23/2020,clear_creek_south,7,10,MONFIS,head,9,3,33
7/23/2020,clear_creek_south,7,10,DAUCAR,head,30,1,1
7/23/2020,clear_creek_knolls,3,1,LIAPYC,spike,19,1,1
7/23/2020,clear_creek_knolls,3,1,TRIHYB,head,13,na,1
7/23/2020,clear_creek_knolls,3,1,HELOCC,flower,1,1,1
7/23/2020,clear_creek_knolls,3,1,PYCTEN,flower,1,na,10
7/23/2020,clear_creek_knolls,3,2,PYCTEN,flower,1,na,107
7/23/2020,clear_creek_knolls,3,2,ERIYUC,flower,1,1,1
7/23/2020,clear_creek_knolls,3,2,TRIREP,head,8,na,1
7/23/2020,clear_creek_knolls,3,2,DALCAN,flower,1,1,3
7/23/2020,clear_creek_knolls,3,3,VERSTR,spike,8,1,1
7/23/2020,clear_creek_knolls,3,4,PYCTEN,flower,1,na,13
7/23/2020,clear_creek_knolls,3,5,ERIYUC,flower,1,1,1
7/23/2020,clear_creek_knolls,3,5,TRIHYB,head,13,na,1
7/23/2020,clear_creek_knolls,3,6,LIAPYC,spike,19,2,5
7/23/2020,clear_creek_knolls,3,6,PYCTEN,flower,1,na,48
7/23/2020,clear_creek_knolls,3,6,ERIYUC,flower,1,1,3
7/23/2020,clear_creek_knolls,3,7,RATPIN,flower,1,1,3
7/23/2020,clear_creek_knolls,3,7,LIAPYC,spike,19,1,1
7/23/2020,clear_creek_knolls,3,8,PYCTEN,flower,1,na,22
7/23/2020,clear_creek_knolls,3,9,RATPIN,flower,1,2,7
7/23/2020,clear_creek_knolls,3,9,ERIYUC,flower,1,1,1
7/23/2020,clear_creek_knolls,3,9,LIAPYC,spike,19,1,1
7/23/2020,clear_creek_knolls,3,9,PYCTEN,flower,1,na,12
7/23/2020,clear_creek_knolls,3,10,LIAPYC,spike,19,1,3
7/23/2020,clear_creek_knolls,3,10,PYCTEN,flower,1,na,208
7/23/2020,flag_lowden,3,1,ERIANN,flower,1,1,16
7/23/2020,flag_lowden,3,2,None,na,0,0,0
7/23/2020,flag_lowden,3,3,None,na,0,0,0
7/23/2020,flag_lowden,3,4,None,na,0,0,0
7/23/2020,flag_lowden,3,5,None,na,0,0,0
7/23/2020,flag_lowden,3,6,None,na,0,0,0
7/23/2020,flag_lowden,3,7,MONFIS,head,13,1,11
7/23/2020,flag_lowden,3,8,MELALB,spike,14,1,3
7/23/2020,flag_lowden,3,9,None,na,0,0,0
7/23/2020,flag_lowden,3,10,RATPIN,flower,1,1,2
7/24/2020,big_jump_center,1,1,MONFIS,head,16,1,35
7/24/2020,big_jump_center,1,2,MONFIS,head,16,2,6
7/24/2020,big_jump_center,1,3,None,na,0,0,0
7/24/2020,big_jump_center,1,4,MONFIS,head,16,2,3
7/24/2020,big_jump_center,1,5,DESCAN,spike,5,1,6
7/24/2020,big_jump_center,1,5,MONFIS,head,16,1,2
7/24/2020,big_jump_center,1,5,TEUCAN,spike,6,1,1
7/24/2020,big_jump_center,1,6,MONFIS,head,16,2,6
7/24/2020,big_jump_center,1,7,MONFIS,head,16,1,1
7/24/2020,big_jump_center,1,8,MONFIS,head,16,1,7
7/24/2020,big_jump_center,1,9,MONFIS,head,16,1,1
7/24/2020,big_jump_center,1,10,MONFIS,head,16,1,8
7/24/2020,big_jump_center,1,10,HYPPER,flower,1,1,3
7/24/2020,big_jump_east,2,1,MONFIS,head,21,2,44
7/24/2020,big_jump_east,2,2,SOLCAR,flower,1,1,4
7/24/2020,big_jump_east,2,3,MONFIS,head,21,2,48
7/24/2020,big_jump_east,2,4,None,na,0,0,0
7/24/2020,big_jump_east,2,5,MONFIS,head,21,2,28
7/24/2020,big_jump_east,2,5,LOTCOR,flower,1,na,8
7/24/2020,big_jump_east,2,6,MONFIS,head,21,1,33
7/24/2020,big_jump_east,2,7,MONFIS,head,21,1,26
7/24/2020,big_jump_east,2,8,MONFIS,head,21,1,55
7/24/2020,big_jump_east,2,8,DAUCAR,head,324,1,1
7/24/2020,big_jump_east,2,9,LOTCOR,flower,1,na,18
7/24/2020,big_jump_east,2,10,MONFIS,head,21,2,17
7/24/2020,clear_creek_south,8,1,MONFIS,head,14,2,22
7/24/2020,clear_creek_south,8,2,MONFIS,head,14,2,24
7/24/2020,clear_creek_south,8,2,DAUCAR,head,277,1,1
7/24/2020,clear_creek_south,8,3,MONFIS,head,14,1,6
7/24/2020,clear_creek_south,8,4,MONFIS,head,14,1,5
7/24/2020,clear_creek_south,8,4,VERSTR,spike,10,1,1
7/24/2020,clear_creek_south,8,5,MONFIS,head,14,2,27
7/24/2020,clear_creek_south,8,5,RATPIN,flower,1,1,1
7/24/2020,clear_creek_south,8,6,None,na,0,0,0
7/24/2020,clear_creek_south,8,7,MONFIS,head,14,1,5
7/24/2020,clear_creek_south,8,7,RATPIN,flower,1,1,1
7/24/2020,clear_creek_south,8,8,HELHEL,flower,1,3,16
7/24/2020,clear_creek_south,8,8,DAUCAR,head,277,1,3
7/24/2020,clear_creek_south,8,9,HELHEL,flower,1,1,1
7/24/2020,clear_creek_south,8,10,None,na,0,0,0
7/27/2020,sengers,3,1,PYCTEN,flower,1,na,101
7/27/2020,sengers,3,2,PYCTEN,flower,1,na,97
7/27/2020,sengers,3,2,VERSTR,spike,5,1,1
7/27/2020,sengers,3,3,PYCTEN,flower,1,na,25
7/27/2020,sengers,3,3,TRIPRA,head,10,na,2
7/27/2020,sengers,3,4,PYCTEN,flower,1,na,16
7/27/2020,sengers,3,4,RATPIN,flower,1,1,1
7/27/2020,sengers,3,4,TRIPRA,head,10,na,3
7/27/2020,sengers,3,5,None,na,0,0,0
7/27/2020,sengers,3,6,TRIPRA,head,10,na,4
7/27/2020,sengers,3,7,None,na,0,0,0
7/27/2020,sengers,3,8,VERSTR,spike,5,1,1
7/27/2020,sengers,3,8,ASTCAN,spike,17,1,1
7/27/2020,sengers,3,9,TRIPRA,head,10,na,1
7/27/2020,sengers,3,10,RATPIN,flower,1,1,4
7/27/2020,sengers,3,10,LIAPYC,spike,36,1,1
7/28/2020,big_jump_east,3,1,MONFIS,head,11,1,15
7/28/2020,big_jump_east,3,1,LOTCOR,flower,1,na,3
7/28/2020,big_jump_east,3,2,MONFIS,head,11,1,25
7/28/2020,big_jump_east,3,2,SOLCAR,flower,1,1,3
7/28/2020,big_jump_east,3,3,MONFIS,head,11,2,10
7/28/2020,big_jump_east,3,3,LOTCOR,flower,1,na,1
7/28/2020,big_jump_east,3,4,LOTCOR,flower,1,na,3
7/28/2020,big_jump_east,3,5,MONFIS,head,11,2,26
7/28/2020,big_jump_east,3,5,LOTCOR,flower,1,na,5
7/28/2020,big_jump_east,3,6,MONFIS,head,11,3,39
7/28/2020,big_jump_east,3,7,MONFIS,head,11,2,24
7/28/2020,big_jump_east,3,8,MONFIS,head,11,2,37
7/28/2020,big_jump_east,3,9,LOTCOR,head,1,na,14
7/28/2020,big_jump_east,3,10,MONFIS,head,11,1,9
7/28/2020,hook_larson,5,1,DAUCAR,head,198,1,3
7/28/2020,hook_larson,5,1,RATPIN,flower,1,2,4
7/28/2020,hook_larson,5,2,MONFIS,head,8,1,1
7/28/2020,hook_larson,5,2,TRIPRA,head,12,na,1
7/28/2020,hook_larson,5,3,RATPIN,flower,1,2,5
7/28/2020,hook_larson,5,3,MONFIS,head,8,2,4
7/28/2020,hook_larson,5,4,RATPIN,flower,1,2,5
7/28/2020,hook_larson,5,4,MONFIS,head,8,2,6
7/28/2020,hook_larson,5,4,TRIPRA,head,12,na,1
7/28/2020,hook_larson,5,5,RATPIN,flower,1,1,4
7/28/2020,hook_larson,5,5,MONFIS,head,8,2,2
7/28/2020,hook_larson,5,6,RATPIN,flower,1,1,3
7/28/2020,hook_larson,5,6,TRIPRA,head,12,na,2
7/28/2020,hook_larson,5,7,MONFIS,head,8,1,3
7/28/2020,hook_larson,5,8,RATPIN,flower,1,2,6
7/28/2020,hook_larson,5,8,MONFIS,head,8,1,2
7/28/2020,hook_larson,5,9,RATPIN,flower,1,2,6
7/28/2020,hook_larson,5,9,MONFIS,head,8,1,1
7/28/2020,hook_larson,5,9,ERIYUC,flower,1,1,3
7/28/2020,hook_larson,5,9,TRIPRA,head,12,na,2
7/28/2020,hook_larson,5,10,RATPIN,flower,1,1,3
7/28/2020,naylor_road,2,1,DESCAN,spike,4,2,23
7/28/2020,naylor_road,2,1,EUPCOR,flower,1,2,7
7/28/2020,naylor_road,2,2,None,na,0,0,0
7/28/2020,naylor_road,2,3,None,na,0,0,0
7/28/2020,naylor_road,2,4,DESCAN,spike,4,3,38
7/28/2020,naylor_road,2,4,RATPIN,flower,1,1,4
7/28/2020,naylor_road,2,5,RATPIN,flower,1,1,1
7/28/2020,naylor_road,2,6,DESCAN,spike,4,1,5
7/28/2020,naylor_road,2,6,RATPIN,flower,1,4,8
7/28/2020,naylor_road,2,7,DESCAN,spike,4,1,7
7/28/2020,naylor_road,2,7,RATPIN,flower,1,1,1
7/28/2020,naylor_road,2,8,EUPCOR,flower,1,4,21
7/28/2020,naylor_road,2,8,RATPIN,flower,1,1,2
7/28/2020,naylor_road,2,8,VERSTR,spike,9,1,1
7/28/2020,naylor_road,2,9,HELHEL,flower,1,1,2
7/28/2020,naylor_road,2,9,RATPIN,flower,1,2,7
7/28/2020,naylor_road,2,10,RATPIN,flower,1,3,13
7/29/2020,big_jump_east,4,1,MONFIS,head,18,1,46
7/29/2020,big_jump_east,4,2,MONFIS,head,18,1,1
7/29/2020,big_jump_east,4,3,ERISTR,flower,1,1,8
7/29/2020,big_jump_east,4,4,MONFIS,head,18,3,8
7/29/2020,big_jump_east,4,4,SOLCAR,flower,1,1,2
7/29/2020,big_jump_east,4,4,ERISTR,flower,1,2,17
7/29/2020,big_jump_east,4,4,LOTCOR,flower,1,na,3
7/29/2020,big_jump_east,4,5,MONFIS,head,18,1,8
7/29/2020,big_jump_east,4,5,LOTCOR,flower,1,na,5
7/29/2020,big_jump_east,4,6,LOTCOR,flower,1,na,8
7/29/2020,big_jump_east,4,7,MONFIS,head,18,2,43
7/29/2020,big_jump_east,4,7,LOTCOR,flower,1,na,19
7/29/2020,big_jump_east,4,8,MONFIS,head,18,2,26
7/29/2020,big_jump_east,4,9,MONFIS,head,18,1,3
7/29/2020,big_jump_east,4,9,LOTCOR,flower,1,na,14
7/29/2020,big_jump_east,4,9,SOLCAR,flower,1,1,1
7/29/2020,big_jump_east,4,10,MONFIS,head,18,1,6
7/29/2020,big_jump_east,4,10,LOTCOR,flower,1,na,2
7/29/2020,big_jump_center,2,1,MONFIS,head,24,2,21
7/29/2020,big_jump_center,2,2,RUDSUB,flower,1,1,2
7/29/2020,big_jump_center,2,2,MONFIS,head,24,1,3
7/29/2020,big_jump_center,2,3,MONFIS,head,24,1,1
7/29/2020,big_jump_center,2,3,RATPIN,flower,1,1,1
7/29/2020,big_jump_center,2,4,None,na,0,0,0
7/29/2020,big_jump_center,2,5,MONFIS,head,24,2,12
7/29/2020,big_jump_center,2,6,None,na,0,0,0
7/29/2020,big_jump_center,2,7,MONFIS,head,24,1,6
7/29/2020,big_jump_center,2,8,MONFIS,head,24,2,26
7/29/2020,big_jump_center,2,8,RATPIN,flower,1,1,4
7/29/2020,big_jump_center,2,9,TEUCAN,spike,5,1,2
7/29/2020,big_jump_center,2,9,MONFIS,head,24,1,1
7/29/2020,big_jump_center,2,10,MONFIS,head,24,1,19
7/29/2020,no_name_knob,3,1,MONFIS,head,12,1,2
7/29/2020,no_name_knob,3,2,VERSTR,spike,9,2,7
7/29/2020,no_name_knob,3,2,RATPIN,flower,1,3,13
7/29/2020,no_name_knob,3,3,None,na,0,0,0
7/29/2020,no_name_knob,3,4,RATPIN,flower,1,2,5
7/29/2020,no_name_knob,3,4,MONFIS,head,12,1,1
7/29/2020,no_name_knob,3,5,None,na,0,0,0
7/29/2020,no_name_knob,3,6,None,na,0,0,0
7/29/2020,no_name_knob,3,7,RATPIN,flower,1,2,6
7/29/2020,no_name_knob,3,8,None,na,0,0,0
7/29/2020,no_name_knob,3,9,None,na,0,0,0
7/29/2020,no_name_knob,3,10,RATPIN,flower,1,3,17
7/30/2020,big_jump_center,3,1,MONFIS,head,17,2,14
7/30/2020,big_jump_center,3,2,MONFIS,head,17,1,8
7/30/2020,big_jump_center,3,3,RUDSUB,flower,1,1,15
7/30/2020,big_jump_center,3,4,MONFIS,head,17,2,23
7/30/2020,big_jump_center,3,4,TEUCAN,spike,5,3,6
7/30/2020,big_jump_center,3,5,MONFIS,head,17,2,36
7/30/2020,big_jump_center,3,5,RATPIN,flower,1,1,1
7/30/2020,big_jump_center,3,6,MONFIS,head,17,2,26
7/30/2020,big_jump_center,3,6,RATPIN,flower,1,1,2
7/30/2020,big_jump_center,3,7,MONFIS,head,17,2,19
7/30/2020,big_jump_center,3,8,MONFIS,head,17,2,19
7/30/2020,big_jump_center,3,9,MONFIS,head,17,2,14
7/30/2020,big_jump_center,3,9,NEPCAT,head,4,1,3
7/30/2020,big_jump_center,3,10,RUDSUB,flower,1,1,2
7/30/2020,big_jump_east,5,1,MONFIS,head,17,1,17
7/30/2020,big_jump_east,5,2,LOTCOR,flower,1,na,6
7/30/2020,big_jump_east,5,3,None,na,0,0,0
7/30/2020,big_jump_east,5,4,MONFIS,head,17,1,18
7/30/2020,big_jump_east,5,4,LOTCOR,flower,1,na,8
7/30/2020,big_jump_east,5,5,MONFIS,head,17,2,30
7/30/2020,big_jump_east,5,6,MONFIS,head,17,2,52
7/30/2020,big_jump_east,5,7,MONFIS,head,17,2,34
7/30/2020,big_jump_east,5,7,ERISTR,flower,1,1,10
7/30/2020,big_jump_east,5,8,MONFIS,head,17,1,46
7/30/2020,big_jump_east,5,8,RATPIN,flower,1,1,6
7/30/2020,big_jump_east,5,9,RATPIN,flower,1,1,9
7/30/2020,big_jump_east,5,9,LOTCOR,flower,1,na,1
7/30/2020,big_jump_east,5,10,MONFIS,head,17,1,9
7/31/2020,big_jump_center,4,1,MONFIS,head,12,2,6
7/31/2020,big_jump_center,4,1,DESCAN,spike,4,2,5
7/31/2020,big_jump_center,4,2,DESCAN,spike,4,1,15
7/31/2020,big_jump_center,4,2,SOLJUN,head,27,1,1
7/31/2020,big_jump_center,4,2,EUPCOR,flower,1,3,20
7/31/2020,big_jump_center,4,3,MONFIS,head,12,1,7
7/31/2020,big_jump_center,4,3,SOLJUN,head,27,3,3
7/31/2020,big_jump_center,4,3,EUPCOR,flower,1,1,11
7/31/2020,big_jump_center,4,3,DESCAN,spike,4,2,28
7/31/2020,big_jump_center,4,4,MONFIS,head,12,1,14
7/31/2020,big_jump_center,4,5,RUDSUB,flower,1,1,3
7/31/2020,big_jump_center,4,5,MONFIS,head,12,2,25
7/31/2020,big_jump_center,4,6,DESCAN,spike,12,1,17
7/31/2020,big_jump_center,4,6,SOLJUN,head,27,1,1
7/31/2020,big_jump_center,4,7,None,na,0,0,0
7/31/2020,big_jump_center,4,8,SOLJUN,head,27,2,4
7/31/2020,big_jump_center,4,8,DESCAN,spike,4,1,1
7/31/2020,big_jump_center,4,9,MONFIS,head,12,2,21
7/31/2020,big_jump_center,4,9,RATPIN,flower,1,1,4
7/31/2020,big_jump_center,4,9,SOLJUN,head,27,1,1
7/31/2020,big_jump_center,4,10,DESCAN,spike,4,1,14
7/31/2020,big_jump_center,4,10,MONFIS,head,12,1,7
8/3/2020,holland_prairie_east,5,1,MONFIS,head,16,2,14
8/3/2020,holland_prairie_east,5,1,PYCTEN,flower,1,na,64
8/3/2020,holland_prairie_east,5,2,MONFIS,head,16,1,7
8/3/2020,holland_prairie_east,5,2,PYCTEN,flower,1,na,198
8/3/2020,holland_prairie_east,5,2,RUDSUB,flower,1,1,6
8/3/2020,holland_prairie_east,5,3,MONFIS,head,16,2,15
8/3/2020,holland_prairie_east,5,3,RUDSUB,flower,1,1,5
8/3/2020,holland_prairie_east,5,4,MONFIS,head,16,1,22
8/3/2020,holland_prairie_east,5,5,None,na,0,0,0
8/3/2020,holland_prairie_east,5,6,MONFIS,head,16,2,33
8/3/2020,holland_prairie_east,5,7,MONFIS,head,16,2,36
8/3/2020,holland_prairie_east,5,8,SILPER,flower,1,3,11
8/3/2020,holland_prairie_east,5,9,MONFIS,head,16,1,20
8/3/2020,holland_prairie_east,5,9,RUDSUB,flower,1,2,24
8/3/2020,holland_prairie_east,5,10,None,na,0,0,0
8/3/2020,trap_release_prairie,2,1,MONFIS,head,15,2,27
8/3/2020,trap_release_prairie,2,2,MONFIS,head,15,1,19
8/3/2020,trap_release_prairie,2,3,TRIPRA,head,15,2,10
8/3/2020,trap_release_prairie,2,3,DAUCAR,head,12,1,5
8/3/2020,trap_release_prairie,2,3,MONFIS,head,78,1,5
8/3/2020,trap_release_prairie,2,4,MONFIS,head,15,2,35
8/3/2020,trap_release_prairie,2,5,MONFIS,head,15,3,47
8/3/2020,trap_release_prairie,2,6,MONFIS,head,15,2,10
8/3/2020,trap_release_prairie,2,7,MONFIS,head,15,1,14
8/3/2020,trap_release_prairie,2,7,DAUCAR,head,78,2,8
8/3/2020,trap_release_prairie,2,8,MONFIS,head,15,2,21
8/3/2020,trap_release_prairie,2,9,MONFIS,head,15,1,15
8/3/2020,trap_release_prairie,2,10,MONFIS,head,15,2,38
8/3/2020,big_jump_east,6,1,MONFIS,head,16,1,7
8/3/2020,big_jump_east,6,2,None,na,0,0,0
8/3/2020,big_jump_east,6,3,MONFIS,head,16,1,8
8/3/2020,big_jump_east,6,4,RATPIN,flower,1,1,6
8/3/2020,big_jump_east,6,5,LOTCOR,flower,1,na,5
8/3/2020,big_jump_east,6,6,MONFIS,head,16,2,15
8/3/2020,big_jump_east,6,6,LOTCOR,flower,1,na,7
8/3/2020,big_jump_east,6,7,SOLCAR,flower,1,1,1
8/3/2020,big_jump_east,6,7,LOTCOR,flower,1,na,11
8/3/2020,big_jump_east,6,8,MONFIS,head,16,2,46
8/3/2020,big_jump_east,6,8,LOTCOR,flower,1,na,3
8/3/2020,big_jump_east,6,9,MONFIS,head,16,2,25
8/3/2020,big_jump_east,6,9,LOTCOR,flower,1,na,2
8/3/2020,big_jump_east,6,10,MONFIS,head,16,1,18
8/3/2020,big_jump_east,6,10,LOTCOR,flower,1,na,30
8/4/2020,big_jump_east,7,1,LOTCOR,flower,1,na,6
8/4/2020,big_jump_east,7,2,MONFIS,head,13,2,23
8/4/2020,big_jump_east,7,3,MONFIS,head,13,1,20
8/4/2020,big_jump_east,7,3,ACHMIL,head,24,1,1
8/4/2020,big_jump_east,7,4,LOTCOR,flower,1,na,5
8/4/2020,big_jump_east,7,4,MONFIS,head,14,1,6
8/4/2020,big_jump_east,7,5,None,na,0,0,0
8/4/2020,big_jump_east,7,6,LOTCOR,flower,1,na,19
8/4/2020,big_jump_east,7,6,MONFIS,head,14,1,44
8/4/2020,big_jump_east,7,7,ERIANN,flower,1,2,10
8/4/2020,big_jump_east,7,7,MONFIS,head,14,2,13
8/4/2020,big_jump_east,7,7,LOTCOR,flower,1,na,5
8/4/2020,big_jump_east,7,8,MONFIS,head,14,1,28
8/4/2020,big_jump_east,7,9,AGRPAR,spike,8,1,5
8/4/2020,big_jump_east,7,10,RATPIN,flower,1,1,3
8/4/2020,big_jump_east,7,10,DAUCAR,head,154,2,4
8/4/2020,big_jump_east,7,10,MONFIS,head,13,1,1
8/4/2020,trap_release_prairie,3,1,MONFIS,head,13,2,30
8/4/2020,trap_release_prairie,3,2,MONFIS,head,13,1,17
8/4/2020,trap_release_prairie,3,3,MONFIS,head,13,2,23
8/4/2020,trap_release_prairie,3,3,DAUCAR,head,54,1,3
8/4/2020,trap_release_prairie,3,4,MONFIS,head,13,1,7
8/4/2020,trap_release_prairie,3,5,MONFIS,head,13,1,10
8/4/2020,trap_release_prairie,3,5,DAUCAR,head,54,1,5
8/4/2020,trap_release_prairie,3,6,MONFIS,head,13,1,5
8/4/2020,trap_release_prairie,3,6,TRIPRA,head,5,na,3
8/4/2020,trap_release_prairie,3,7,MONFIS,head,13,2,22
8/4/2020,trap_release_prairie,3,7,TRIPRA,head,5,na,1
8/4/2020,trap_release_prairie,3,8,MONFIS,head,13,2,21
8/4/2020,trap_release_prairie,3,9,MONFIS,head,13,2,29
8/4/2020,trap_release_prairie,3,10,MONFIS,head,13,1,25
8/4/2020,holland_prairie_east,6,1,RUDUSB,flower,1,2,4
8/4/2020,holland_prairie_east,6,1,LIAPYC,spike,31,2,2
8/4/2020,holland_prairie_east,6,1,CHAFAS,flower,1,6,35
8/4/2020,holland_prairie_east,6,2,LIAPYC,spike,31,2,5
8/4/2020,holland_prairie_east,6,2,ERIYUC,flower,1,1,2
8/4/2020,holland_prairie_east,6,2,CHAFAS,flower,1,3,3
8/4/2020,holland_prairie_east,6,2,PYCTEN,flower,1,na,8
8/4/2020,holland_prairie_east,6,3,ERIYUC,flower,1,2,9
8/4/2020,holland_prairie_east,6,3,CHAFAS,flower,1,2,4
8/4/2020,holland_prairie_east,6,4,LIAPYC,spike,31,1,6
8/4/2020,holland_prairie_east,6,4,TRIREP,head,14,na,7
8/4/2020,holland_prairie_east,6,5,LIAPYC,spike,31,1,2
8/4/2020,holland_prairie_east,6,5,PYCTEN,flower,1,na,72
8/4/2020,holland_prairie_east,6,5,TRIPRA,head,14,na,6
8/4/2020,holland_prairie_east,6,5,CHAFAS,flower,1,2,5
8/4/2020,holland_prairie_east,6,6,CHAFAS,flower,1,3,9
8/4/2020,holland_prairie_east,6,6,PYCTEN,flower,1,na,3
8/4/2020,holland_prairie_east,6,7,RUDSUB,flower,1,1,1
8/4/2020,holland_prairie_east,6,7,TRIPRA,head,14,na,9
8/4/2020,holland_prairie_east,6,7,CHAFAS,flower,1,7,19
8/4/2020,holland_prairie_east,6,7,LIAPYC,spike,31,1,5
8/4/2020,holland_prairie_east,6,8,CHAFAS,flower,1,3,16
8/4/2020,holland_prairie_east,6,8,PYCTEN,flower,1,na,78
8/4/2020,holland_prairie_east,6,8,TRIREP,head,14,na,4
8/4/2020,holland_prairie_east,6,9,TRIREP,head,14,na,3
8/4/2020,holland_prairie_east,6,10,LIAPYC,spike,31,3,4
8/4/2020,holland_prairie_east,6,10,ERIYUC,flower,1,1,6
8/5/2020,holland_prairie_east,7,1,MONFIS,head,10,2,21
8/5/2020,holland_prairie_east,7,1,EUTGYM,head,36,1,1
8/5/2020,holland_prairie_east,7,2,MONFIS,head,10,1,9
8/5/2020,holland_prairie_east,7,2,HELOCC,flower,1,1,1
8/5/2020,holland_prairie_east,7,3,None,na,0,0,0
8/5/2020,holland_prairie_east,7,4,MONFIS,head,10,1,4
8/5/2020,holland_prairie_east,7,5,MONFIS,head,10,1,13
8/5/2020,holland_prairie_east,7,5,ALLCER,head,10,1,2
8/5/2020,holland_prairie_east,7,5,TRIPRA,head,18,na,1
8/5/2020,holland_prairie_east,7,6,TRIPRA,head,18,na,2
8/5/2020,holland_prairie_east,7,7,None,na,0,0,0
8/5/2020,holland_prairie_east,7,8,MONFIS,head,10,1,1
8/5/2020,holland_prairie_east,7,9,None,na,0,0,0
8/5/2020,holland_prairie_east,7,10,None,na,0,0,0
8/5/2020,trap_release_prairie,4,1,MONFIS,head,12,1,13
8/5/2020,trap_release_prairie,4,2,MONFIS,head,12,2,32
8/5/2020,trap_release_prairie,4,3,None,ma,0,0,0
8/5/2020,trap_release_prairie,4,4,MONFIS,head,12,1,1
8/5/2020,trap_release_prairie,4,5,MONFIS,head,12,2,26
8/5/2020,trap_release_prairie,4,5,TRIPRA,head,12,na,1
8/5/2020,trap_release_prairie,4,6,MONFIS,head,12,1,6
8/5/2020,trap_release_prairie,4,6,TRIPRA,head,12,na,3
8/5/2020,trap_release_prairie,4,7,TRIREP,head,10,na,4
8/5/2020,trap_release_prairie,4,8,MONFIS,head,12,1,2
8/5/2020,trap_release_prairie,4,8,TRIREP,head,10,na,2
8/5/2020,trap_release_prairie,4,9,MONFIS,head,12,1,13
8/5/2020,trap_release_prairie,4,10,MONFIS,head,12,1,40
8/5/2020,trap_release_prairie,4,10,TRIREP,head,10,na,1
8/5/2020,big_jump_east,8,1,MONFIS,head,13,2,31
8/5/2020,big_jump_east,8,1,DAUCAR,head,338,2,6
8/5/2020,big_jump_east,8,1,LOTCOR,flower,1,na,6
8/5/2020,big_jump_east,8,2,MONFIS,head,13,1,19
8/5/2020,big_jump_east,8,2,LOTCOR,flower,1,na,2
8/5/2020,big_jump_east,8,3,LOTCOR,flower,1,na,21
8/5/2020,big_jump_east,8,4,MONFIS,head,13,2,30
8/5/2020,big_jump_east,8,4,LOTCOR,flower,1,na,8
8/5/2020,big_jump_east,8,5,MONFIS,head,13,1,2
8/5/2020,big_jump_east,8,6,None,na,0,0,0
8/5/2020,big_jump_east,8,7,MONFIS,head,13,1,12
8/5/2020,big_jump_east,8,7,LOTCOR,flower,1,na,15
8/5/2020,big_jump_east,8,8,MONFIS,head,13,2,4
8/5/2020,big_jump_east,8,8,LOTCOR,flower,1,na,8
8/5/2020,big_jump_east,8,9,MONFIS,head,13,2,20
8/5/2020,big_jump_east,8,9,LOTCOR,flower,1,na,2
8/5/2020,big_jump_east,8,10,LOTCOR,flower,1,na,17
8/5/2020,sanders_unit,2,1,TRIPRA,head,16,na,6
8/5/2020,sanders_unit,2,2,CHAFAS,flower,1,4,6
8/5/2020,sanders_unit,2,3,ERIYUC,flower,1,2,5
8/5/2020,sanders_unit,2,3,CHAFAS,flower,1,3,7
8/5/2020,sanders_unit,2,3,PYCTEN,flower,1,na,17
8/5/2020,sanders_unit,2,4,PYCTEN,flower,1,na,122
8/5/2020,sanders_unit,2,4,CHAFAS,flower,1,2,4
8/5/2020,sanders_unit,2,4,LESCAP,head,5,1,2
8/5/2020,sanders_unit,2,5,PYCTEN,flower,1,na,126
8/5/2020,sanders_unit,2,6,PYCTEN,flower,1,na,23
8/5/2020,sanders_unit,2,7,LIAPYC,spike,32,4,11
8/5/2020,sanders_unit,2,7,ERIYUC,flower,1,2,7
8/5/2020,sanders_unit,2,8,ERIYUC,flower,1,1,4
8/5/2020,sanders_unit,2,8,PYCTEN,flower,1,na,224
8/5/2020,sanders_unit,2,8,LIAPYC,spike,32,2,2
8/5/2020,sanders_unit,2,9,LIAPYC,spike,32,1,1
8/5/2020,sanders_unit,2,9,PYCTEN,flower,1,na,114
8/5/2020,sanders_unit,2,10,LIAPYC,spike,32,2,11
8/5/2020,sanders_unit,2,10,PYCTEN,flower,1,na,264
8/5/2020,rolling_thunder,3,1,LIAPYC,spike,25,2,4
8/5/2020,rolling_thunder,3,2,VERHAS,spike,7,1,25
8/5/2020,rolling_thunder,3,2,LIAPYC,spike,25,1,1
8/5/2020,rolling_thunder,3,3,None,na,0,0,0
8/5/2020,rolling_thunder,3,4,LIAPYC,spike,25,2,2
8/5/2020,rolling_thunder,3,5,LIAPYC,spike,25,1,2
8/5/2020,rolling_thunder,3,6,None,na,0,0,0
8/5/2020,rolling_thunder,3,7,ASCINC,head,17,1,13
8/5/2020,rolling_thunder,3,7,VERHAS,spike,7,2,64
8/5/2020,rolling_thunder,3,8,LIAPYC,spike,25,3,4
8/5/2020,rolling_thunder,3,9,VERHAS,spike,7,2,91
8/5/2020,rolling_thunder,3,10,None,na,0,0,0
8/6/2020,tellabs_center,2,1,HELOCC,flower,1,1,1
8/6/2020,tellabs_center,2,2,PYCTEN,flower,1,na,9
8/6/2020,tellabs_center,2,3,PYCTEN,flower,1,na,10
8/6/2020,tellabs_center,2,4,PYCTEN,flower,1,na,25
8/6/2020,tellabs_center,2,5,PYCTEN,flower,1,na,120
8/6/2020,tellabs_center,2,5,RUDSUB,flower,1,1,1
8/6/2020,tellabs_center,2,6,PYCTEN,flower,1,na,95
8/6/2020,tellabs_center,2,7,PYCTEN,flower,1,na,112
8/6/2020,tellabs_center,2,7,RUDSUB,flower,1,2,5
8/6/2020,tellabs_center,2,7,DESCAN,spike,2,1,5
8/6/2020,tellabs_center,2,8,PYCTEN,flower,1,na,7
8/6/2020,tellabs_center,2,8,CHAFAS,flower,1,1,1
8/6/2020,tellabs_center,2,8,RUDSUB,flower,1,1,5
8/6/2020,tellabs_center,2,9,PYCTEN,flower,1,na,6
8/6/2020,tellabs_center,2,10,PYCTEN,flower,1,na,57
8/6/2020,tellabs_center,2,10,RUDSUB,flower,1,1,2
8/6/2020,tellabs_west,2,1,PYCTEN,flower,1,na,9
8/6/2020,tellabs_west,2,2,PYCTEN,flower,1,na,301
8/6/2020,tellabs_west,2,2,DESCAN,spike,1,2,7
8/6/2020,tellabs_west,2,3,RUDSUB,flower,1,1,4
8/6/2020,tellabs_west,2,3,DESCAN,spike,1,2,5
8/6/2020,tellabs_west,2,4,EUTPUR,head,20,1,4
8/6/2020,tellabs_west,2,5,EUTPUR,head,20,1,2
8/6/2020,tellabs_west,2,6,None,na,0,0,0
8/6/2020,tellabs_west,2,7,DESCAN,spike,1,2,3
8/6/2020,tellabs_west,2,8,DESCAN,spike,1,2,5
8/6/2020,tellabs_west,2,8,PYCTEN,flower,1,na,36
8/6/2020,tellabs_west,2,9,PYCTEN,flower,1,na,9
8/6/2020,tellabs_west,2,10,PYCTEN,flower,1,na,17
8/6/2020,tellabs_west,2,10,DESCAN,head,1,1,8
8/6/2020,rolling_thunder,4,1,LIAPYC,spike,42,1,1
8/6/2020,rolling_thunder,4,1,PYCTEN,flower,1,na,92
8/6/2020,rolling_thunder,4,2,LIAPYC,spike,42,2,3
8/6/2020,rolling_thunder,4,2,LYCAME,spike,19,2,2
8/6/2020,rolling_thunder,4,3,None,na,0,0,0
8/6/2020,rolling_thunder,4,4,ASCINC,head,8,1,3
8/6/2020,rolling_thunder,4,5,LIAPYC,spike,42,4,9
8/6/2020,rolling_thunder,4,5,LYCAME,spike,19,1,1
8/6/2020,rolling_thunder,4,6,LIAPYC,spike,42,2,3
8/6/2020,rolling_thunder,4,7,LIAPYC,spike,42,4,8
8/6/2020,rolling_thunder,4,8,LIAPYC,spike,42,2,3
8/6/2020,rolling_thunder,4,9,LIAPYC,spike,42,1,1
8/6/2020,rolling_thunder,4,10,None,na,0,0,0
8/7/2020,sanders_unit,3,1,ERIYUC,flower,1,1,5
8/7/2020,sanders_unit,3,1,PYCTEN,flower,1,na,288
8/7/2020,sanders_unit,3,1,LIAPYC,spike,21,1,1
8/7/2020,sanders_unit,3,2,SILTER,flower,1,1,1
8/7/2020,sanders_unit,3,2,LIAPYC,spike,21,1,1
8/7/2020,sanders_unit,3,2,ERIYUC,flower,1,1,3
8/7/2020,sanders_unit,3,2,PYCTEN,flower,1,na,245
8/7/2020,sanders_unit,3,3,LIAPYC,spike,21,1,7
8/7/2020,sanders_unit,3,3,ERIYUC,flower,1,2,10
8/7/2020,sanders_unit,3,3,PYCTEN,flower,1,na,54
8/7/2020,sanders_unit,3,4,LIAPYC,spike,21,2,2
8/7/2020,sanders_unit,3,4,DAUCAR,head,216,1,1
8/7/2020,sanders_unit,3,4,CHAFAS,flower,1,4,3
8/7/2020,sanders_unit,3,4,ERIYUC,flower,1,2,5
8/7/2020,sanders_unit,3,4,PYCTEN,flower,1,na,189
8/7/2020,sanders_unit,3,5,ERIYUC,flower,1,1,4
8/7/2020,sanders_unit,3,6,ERIYUC,flower,1,1,2
8/7/2020,sanders_unit,3,6,PYCTEN,flower,1,na,105
8/7/2020,sanders_unit,3,6,LIAPYC,spike,21,1,1
8/7/2020,sanders_unit,3,7,PYCTEN,flower,1,na,21
8/7/2020,sanders_unit,3,8,PYCTEN,flower,1,na,78
8/7/2020,sanders_unit,3,9,CHAFAS,flower,1,3,4
8/7/2020,sanders_unit,3,9,PYCTEN,flower,1,na,72
8/7/2020,sanders_unit,3,10,ALLCER,head,10,1,1
8/7/2020,sanders_unit,3,10,CHAFAS,flower,1,5,5
8/7/2020,sanders_unit,3,10,PYCTEN,flower,1,na,10
8/7/2020,east_heinkel,4,1,None,na,0,0,0
8/7/2020,east_heinkel,4,2,HELOCC,flower,1,1,1
8/7/2020,east_heinkel,4,3,DAUCAR,head,255,1,1
8/7/2020,east_heinkel,4,4,HELOCC,flower,1,1,2
8/7/2020,east_heinkel,4,5,None,na,0,0,0
8/7/2020,east_heinkel,4,6,HELOCC,flower,1,1,1
8/7/2020,east_heinkel,4,6,TRIPRA,head,9,na,3
8/7/2020,east_heinkel,4,6,CHAFAS,flower,1,2,2
8/7/2020,east_heinkel,4,7,None,na,0,0,0
8/7/2020,east_heinkel,4,8,LIAPYC,spike,22,1,1
8/7/2020,east_heinkel,4,8,DAUCAR,head,255,1,1
8/7/2020,east_heinkel,4,9,None,na,0,0,0
8/7/2020,east_heinkel,4,10,POLSAN,flower,1,1,3
8/7/2020,tellabs_center,3,1,None,na,0,0,0
8/7/2020,tellabs_center,3,2,PYCTEN,flower,1,na,207
8/7/2020,tellabs_center,3,3,PYCTEN,flower,1,na,21
8/7/2020,tellabs_center,3,4,PYCTEN,flower,1,na,133
8/7/2020,tellabs_center,3,5,PYCTEN,flower,1,na,46
8/7/2020,tellabs_center,3,6,None,na,0,0,0
8/7/2020,tellabs_center,3,7,PYCTEN,flower,1,na,64
8/7/2020,tellabs_center,3,7,RUDSUB,flower,1,1,2
8/7/2020,tellabs_center,3,7,MONFIS,head,9,1,1
8/7/2020,tellabs_center,3,7,DESCAN,spike,2,1,2
8/7/2020,tellabs_center,3,8,PYCTEN,flower,1,na,60
8/7/2020,tellabs_center,3,9,None,na,0,0,0
8/7/2020,tellabs_center,3,10,None,na,0,0,0
8/7/2020,tellabs_west,3,1,None,na,0,0,0
8/7/2020,tellabs_west,3,2,None,na,0,0,0
8/7/2020,tellabs_west,3,3,DESCAN,spike,2,2,7
8/7/2020,tellabs_west,3,4,EUTPUR,head,18,1,6
8/7/2020,tellabs_west,3,5,EUTPUR,head,18,2,4
8/7/2020,tellabs_west,3,6,DESCAN,spike,2,2,15
8/7/2020,tellabs_west,3,7,DESCAN,spike,2,1,10
8/7/2020,tellabs_west,3,7,PYCTEN,flower,1,na,30
8/7/2020,tellabs_west,3,8,None,na,0,0,0
8/7/2020,tellabs_west,3,9,PYCTEN,flower,1,na,8
8/7/2020,tellabs_west,3,9,DESCAN,spike,2,1,2
8/7/2020,tellabs_west,3,10,None,na,0,0,0
8/10/2020,williams,3,1,None,na,0,0,0
8/10/2020,williams,3,2,None,na,0,0,0
8/10/2020,williams,3,3,EUTGRA,head,10,1,1
8/10/2020,williams,3,4,VERSTR,spike,9,1,6
8/10/2020,williams,3,5,PYCTEN,flower,1,na,30
8/10/2020,williams,3,6,None,na,0,0,0
8/10/2020,williams,3,7,None,na,0,0,0
8/10/2020,williams,3,8,PYCTEN,flower,1,na,72
8/10/2020,williams,3,9,PENSED,head,14,1,1
8/10/2020,williams,3,10,MIMRIN,flower,1,1,1
8/10/2020,williams,3,10,PENSED,head,14,4,5
8/10/2020,holland_prairie_west,6,1,ERIYUC,flower,1,2,1
8/10/2020,holland_prairie_west,6,1,PYCTEN,flower,1,na,19
8/10/2020,holland_prairie_west,6,2,SILINT,flower,1,1,4
8/10/2020,holland_prairie_west,6,3,ERIYUC,flower,1,1,1
8/10/2020,holland_prairie_west,6,4,PYCTEN,flower,1,na,24
8/10/2020,holland_prairie_west,6,5,SILINT,flower,1,1,2
8/10/2020,holland_prairie_west,6,6,ERIYUC,flower,1,1,2
8/10/2020,holland_prairie_west,6,6,RUDSUB,flower,1,1,2
8/10/2020,holland_prairie_west,6,6,PYCTEN,flower,1,na,7
8/10/2020,holland_prairie_west,6,7,ERIYUC,flower,1,2,7
8/10/2020,holland_prairie_west,6,8,PYCTEN,flower,1,na,40
8/10/2020,holland_prairie_west,6,8,SILINT,flower,1,1,3
8/10/2020,holland_prairie_west,6,9,None,na,0,0,0
8/10/2020,holland_prairie_west,6,10,SILINT,flower,1,1,3
8/10/2020,gobbler_ridge,3,1,None,na,0,0,0
8/10/2020,gobbler_ridge,3,2,HELOCC,flower,1,2,1
8/10/2020,gobbler_ridge,3,3,SOLPTA,flower,1,1,5
8/10/2020,gobbler_ridge,3,3,CHAFAS,flower,1,5,5
8/10/2020,gobbler_ridge,3,4,MONFIS,head,6,1,1
8/10/2020,gobbler_ridge,3,5,CHAFAS,flower,1,1,1
8/10/2020,gobbler_ridge,3,6,None,na,0,0,0
8/10/2020,gobbler_ridge,3,7,ALLCER,head,10,1,1
8/10/2020,gobbler_ridge,3,8,ALLCER,head,10,2,2
8/10/2020,gobbler_ridge,3,8,LESCAP,head,8,1,3
8/10/2020,gobbler_ridge,3,8,CHAFAS,flower,1,1,1
8/10/2020,gobbler_ridge,3,9,None,na,0,0,0
8/10/2020,gobbler_ridge,3,10,None,na,0,0,0
8/10/2020,clear_creek_knolls,4,1,TRIPRA,head,9,na,3
8/10/2020,clear_creek_knolls,4,1,PYCTEN,flower,1,na,24
8/10/2020,clear_creek_knolls,4,2,PYCTEN,flower,1,na,960
8/10/2020,clear_creek_knolls,4,3,PYCTEN,flower,1,na,100
8/10/2020,clear_creek_knolls,4,4,PYCTEN,flower,1,na,233
8/10/2020,clear_creek_knolls,4,5,LIAPYC,spike,21,1,1
8/10/2020,clear_creek_knolls,4,5,PYCTEN,flower,1,na,119
8/10/2020,clear_creek_knolls,4,5,ERIYUC,flower,1,1,2
8/10/2020,clear_creek_knolls,4,6,PYCTEN,flower,1,na,43
8/10/2020,clear_creek_knolls,4,7,SILINT,flower,1,1,2
8/10/2020,clear_creek_knolls,4,7,PYCTEN,flower,1,na,42
8/10/2020,clear_creek_knolls,4,7,TRIPRA,head,9,na,3
8/10/2020,clear_creek_knolls,4,8,LIAPYC,spike,21,1,1
8/10/2020,clear_creek_knolls,4,9,LIAPYC,spike,21,1,1
8/10/2020,clear_creek_knolls,4,10,PYCTEN,flower,1,na,9
8/11/2020,holland_prairie_west,7,1,RUDSUB,flower,1,1,3
8/11/2020,holland_prairie_west,7,2,None,na,0,0,0
8/11/2020,holland_prairie_west,7,3,SILINT,flower,1,2,6
8/11/2020,holland_prairie_west,7,4,None,na,0,0,0
8/11/2020,holland_prairie_west,7,5,SOLJUN,head,32,2,6
8/11/2020,holland_prairie_west,7,6,None,na,0,0,0
8/11/2020,holland_prairie_west,7,7,SOLJUN,head,32,2,2
8/11/2020,holland_prairie_west,7,8,None,na,0,0,0
8/11/2020,holland_prairie_west,7,9,RUDSUB,flower,1,2,12
8/11/2020,holland_prairie_west,7,10,SILINT,flower,1,2,17
8/11/2020,holland_prairie_west,7,10,RUDSUB,flower,1,1,3
8/11/2020,doug_dot_unit,5,1,MONFIS,head,11,2,11
8/11/2020,doug_dot_unit,5,1,SILPER,flower,1,1,1
8/11/2020,doug_dot_unit,5,2,RUDSUB,flower,1,2,6
8/11/2020,doug_dot_unit,5,2,PYCTEN,flower,1,na,42
8/11/2020,doug_dot_unit,5,2,ALLCER,head,12,1,1
8/11/2020,doug_dot_unit,5,3,RUDSUB,flower,1,1,4
8/11/2020,doug_dot_unit,5,3,HELHEL,flower,1,1,1
8/11/2020,doug_dot_unit,5,4,AGAHEP,spike,9,1,3
8/11/2020,doug_dot_unit,5,4,MONFIS,head,11,1,33
8/11/2020,doug_dot_unit,5,5,RUDSUB,flower,1,2,2
8/11/2020,doug_dot_unit,5,5,PYCTEN,flower,1,na,18
8/11/2020,doug_dot_unit,5,6,RUDSUB,flower,1,2,16
8/11/2020,doug_dot_unit,5,7,MONFIS,head,11,1,2
8/11/2020,doug_dot_unit,5,7,SILINT,flower,1,1,3
8/11/2020,doug_dot_unit,5,8,MONFIS,head,11,1,2
8/11/2020,doug_dot_unit,5,9,ERISTR,flower,1,1,2
8/11/2020,doug_dot_unit,5,10,ALLCER,head,12,2,4
8/11/2020,big_woods,4,1,CHAFAS,flower,1,5,13
8/11/2020,big_woods,4,2,HELHEL,flower,1,1,1
8/11/2020,big_woods,4,3,None,na,0,0,0
8/11/2020,big_woods,4,4,None,na,0,0,0
8/11/2020,big_woods,4,5,VERHAS,spike,5,3,63
8/11/2020,big_woods,4,5,PYCTEN,flower,1,na,27
8/11/2020,big_woods,4,6,RUDSUB,flower,1,2,4
8/11/2020,big_woods,4,7,VERFAS,head,8,1,1
8/11/2020,big_woods,4,8,VERHAS,spike,5,1,12
8/11/2020,big_woods,4,8,LIAPYC,spike,11,1,1
8/11/2020,big_woods,4,9,LUDALT,flower,1,1,3
8/11/2020,big_woods,4,10,RUDSUB,flower,1,1,1
8/11/2020,SE_knob,2,1,HELHEL,flower,1,1,9
8/11/2020,SE_knob,2,1,DAUCAR,head,90,1,3
8/11/2020,SE_knob,2,2,DAUCAR,head,90,3,9
8/11/2020,SE_knob,2,3,DAUCAR,head,90,1,1
8/11/2020,SE_knob,2,4,DAUCAR,head,90,1,1
8/11/2020,SE_knob,2,5,None,na,0,0,0
8/11/2020,SE_knob,2,6,SOLJUN,head,133,3,25
8/11/2020,SE_knob,2,7,None,na,0,0,0
8/11/2020,SE_knob,2,8,None,na,0,0,0
8/11/2020,SE_knob,2,9,None,na,0,0,0
8/11/2020,SE_knob,2,10,DAUCAR,head,90,1,2
8/11/2020,SE_knob,2,10,TRIPRA,head,7,na,3
8/12/2020,doug_dot_unit,6,1,MONFIS,head,13,1,7
8/12/2020,doug_dot_unit,6,1,HELHEL,flower,1,1,2
8/12/2020,doug_dot_unit,6,2,SILPER,flower,1,1,3
8/12/2020,doug_dot_unit,6,3,None,na,0,0,0
8/12/2020,doug_dot_unit,6,4,None,na,0,0,0
8/12/2020,doug_dot_unit,6,5,MONFIS,head,13,1,12
8/12/2020,doug_dot_unit,6,6,MONFIS,head,13,1,20
8/12/2020,doug_dot_unit,6,7,MONFIS,head,13,1,4
8/12/2020,doug_dot_unit,6,8,MONFIS,head,13,2,11
8/12/2020,doug_dot_unit,6,9,RUDSUB,flower,1,1,4
8/12/2020,doug_dot_unit,6,10,RUDSUB,flower,1,1,1
8/12/2020,SE_knob,3,1,None,na,0,0,0
8/12/2020,SE_knob,3,2,ERISTR,flower,1,1,13
8/12/2020,SE_knob,3,3,None,na,0,0,0
8/12/2020,SE_knob,3,4,DAUCAR,head,119,1,2
8/12/2020,SE_knob,3,5,None,na,0,0,0
8/12/2020,SE_knob,3,6,None,na,0,0,0
8/12/2020,SE_knob,3,7,VERSTR,spike,6,1,8
8/12/2020,SE_knob,3,8,None,na,0,0,0
8/12/2020,SE_knob,3,9,DAUCAR,head,119,2,6
8/12/2020,SE_knob,3,9,SOLJUN,head,90,2,6
8/12/2020,SE_knob,3,10,DAUCAR,head,119,3,16
8/12/2020,naylor_road,4,1,RUDSUB,flower,1,2,3
8/12/2020,naylor_road,4,2,None,na,0,0,0
8/12/2020,naylor_road,4,3,None,na,0,0,0
8/12/2020,naylor_road,4,4,RUDSUB,flower,1,1,1
8/12/2020,naylor_road,4,5,None,na,0,0,0
8/12/2020,naylor_road,4,6,None,na,0,0,0
8/12/2020,naylor_road,4,7,None,na,0,0,0
8/12/2020,naylor_road,4,8,DESCAN,spike,3,1,9
8/12/2020,naylor_road,4,9,DESCAN,spike,3,1,10
8/12/2020,naylor_road,4,10,EUPCOR,flower,1,1,9
8/12/2020,naylor_road,4,10,DESCAN,spike,3,2,12
8/13/2020,seven_knobs,3,1,TRIPRA,head,5,na,1
8/13/2020,seven_knobs,3,2,HELOCC,flower,1,1,1
8/13/2020,seven_knobs,3,3,None,na,0,0,0
8/13/2020,seven_knobs,3,4,None,na,0,0,0
8/13/2020,seven_knobs,3,5,VERSTR,spike,4,1,1
8/13/2020,seven_knobs,3,6,None,na,0,0,0
8/13/2020,seven_knobs,3,7,None,na,0,0,0
8/13/2020,seven_knobs,3,8,TRIPRA,head,5,na,1
8/13/2020,seven_knobs,3,9,None,na,0,0,0
8/13/2020,seven_knobs,3,10,None,na,0,0,0
8/13/2020,naylor_road,5,1,TRIPRA,head,12,na,6
8/13/2020,naylor_road,5,2,SILINT,flower,1,3,1
8/13/2020,naylor_road,5,3,None,na,0,0,0
8/13/2020,naylor_road,5,4,DESILL,spike,1,1,2
8/13/2020,naylor_road,5,5,CORTRI,flower,1,1,1
8/13/2020,naylor_road,5,6,DESCAN,spike,5,1,14
8/13/2020,naylor_road,5,6,SOLJUN,head,11,1,1
8/13/2020,naylor_road,5,7,None,na,0,0,0
8/13/2020,naylor_road,5,8,DESCAN,spike,5,1,4
8/13/2020,naylor_road,5,8,HELHEL,flower,1,1,2
8/13/2020,naylor_road,5,9,ERISTR,flower,1,1,28
8/13/2020,naylor_road,5,9,DESCAN,spike,5,1,20
8/13/2020,naylor_road,5,10,DESCAN,spike,5,1,19
8/13/2020,SE_knob,4,1,SILINT,flower,1,1,3
8/13/2020,SE_knob,4,1,CIRDIS,flower,1,1,1
8/13/2020,SE_knob,4,2,DAUCAR,head,135,2,6
8/13/2020,SE_knob,4,3,DAUCAR,head,135,5,14
8/13/2020,SE_knob,4,4,None,na,0,0,0
8/13/2020,SE_knob,4,5,HELHEL,flower,1,1,1
8/13/2020,SE_knob,4,5,DAUCAR,head,135,2,7
8/13/2020,SE_knob,4,6,SOLJUN,head,150,2,15
8/13/2020,SE_knob,4,7,None,na,0,0,0
8/13/2020,SE_knob,4,8,None,na,0,0,0
8/13/2020,SE_knob,4,9,DAUCAR,head,135,4,10
8/13/2020,SE_knob,4,10,DAUCAR,head,13,1,1
8/13/2020,SE_knob,4,10,VERSTR,spike,5,1,2
8/13/2020,SE_knob,4,10,TRIPRA,head,6,na,1
8/14/2020,thelma_carpenter,3,1,PYCTEN,flower,1,na,42
8/14/2020,thelma_carpenter,3,1,TRIPRA,head,10,na,4
8/14/2020,thelma_carpenter,3,2,SOLJUN,head,20,1,6
8/14/2020,thelma_carpenter,3,3,MONFIS,head,9,2,17
8/14/2020,thelma_carpenter,3,4,None,na,0,0,0
8/14/2020,thelma_carpenter,3,5,SOLJUN,head,20,2,2
8/14/2020,thelma_carpenter,3,6,None,na,0,0,0
8/14/2020,thelma_carpenter,3,7,SOLJUN,head,20,1,1
8/14/2020,thelma_carpenter,3,8,MONFIS,nhead,9,2,4
8/14/2020,thelma_carpenter,3,9,None,na,0,0,0
8/14/2020,thelma_carpenter,3,10,None,na,0,0,0
8/15/2020,clear_creek_knolls,5,1,None,na,0,0,0
8/15/2020,clear_creek_knolls,5,2,LIAPYC,spike,9,1,2
8/15/2020,clear_creek_knolls,5,2,PYCTEN,flower,1,na,95
8/15/2020,clear_creek_knolls,5,3,RUDSUB,flower,1,3,2
8/15/2020,clear_creek_knolls,5,3,PYCTEN,flower,1,na,17
8/15/2020,clear_creek_knolls,5,4,ERIYUC,flower,1,1,3
8/15/2020,clear_creek_knolls,5,4,RUDSUB,flower,1,3,1
8/15/2020,clear_creek_knolls,5,4,PYCTEN,flower,1,na,90
8/15/2020,clear_creek_knolls,5,5,HELOCC,flower,1,2,2
8/15/2020,clear_creek_knolls,5,6,HELOCC,flower,1,2,2
8/15/2020,clear_creek_knolls,5,6,LIAPYC,spike,9,1,2
8/15/2020,clear_creek_knolls,5,7,LIAPYC,spike,9,3,10
8/15/2020,clear_creek_knolls,5,8,TRIPRA,head,25,na,1
8/15/2020,clear_creek_knolls,5,9,PYCTEN,flower,1,na,4
8/15/2020,clear_creek_knolls,5,9,HELPAU,flower,1,na,1
8/15/2020,clear_creek_knolls,5,10,PYCTEN,flower,1,na,13
8/17/2020,sanders_unit,4,1,CORTRI,flower,1,3,7
8/17/2020,sanders_unit,4,1,PYCTEN,flower,1,na,18
8/17/2020,sanders_unit,4,1,GENALB,flower,1,1,4
8/17/2020,sanders_unit,4,2,ERIYUC,flower,1,1,4
8/17/2020,sanders_unit,4,2,GENALB,flower,1,1,1
8/17/2020,sanders_unit,4,2,CIRARV,flower,1,1,1
8/17/2020,sanders_unit,4,3,GENALB,flower,1,2,16
8/17/2020,sanders_unit,4,3,PYCTEN,flower,1,na,11
8/17/2020,sanders_unit,4,4,GENALB,flower,1,2,14
8/17/2020,sanders_unit,4,4,PYCTEN,flower,1,na,25
8/17/2020,sanders_unit,4,4,CHAFAS,flower,1,2,4
8/17/2020,sanders_unit,4,5,GENALB,flower,1,1,5
8/17/2020,sanders_unit,4,5,CHAFAS,flower,1,2,4
8/17/2020,sanders_unit,4,6,PYCTEN,flower,1,na,15
8/17/2020,sanders_unit,4,6,CHAFAS,flower,1,2,5
8/17/2020,sanders_unit,4,6,GENALB,flower,1,1,1
8/17/2020,sanders_unit,4,7,CHAFAS,flower,1,11,26
8/17/2020,sanders_unit,4,7,PYCTEN,flower,1,na,50
8/17/2020,sanders_unit,4,8,PYCTEN,flower,1,na,27
8/17/2020,sanders_unit,4,8,CHAFAS,flower,1,2,5
8/17/2020,sanders_unit,4,9,ALLCER,head,12,1,1
8/17/2020,sanders_unit,4,9,PYCTEN,flower,1,na,154
8/17/2020,sanders_unit,4,9,ERIANN,flower,1,1,1
8/17/2020,sanders_unit,4,10,CHAFAS,flower,1,4,8
8/17/2020,sanders_unit,4,10,GENALB,flower,1,1,1
8/17/2020,visitor_area,3,1,EUPCOR,flower,1,5,74
8/17/2020,visitor_area,3,2,EUPCOR,flower,1,8,297
8/17/2020,visitor_area,3,2,SOLJUN,head,25,1,1
8/17/2020,visitor_area,3,3,EUPCOR,flower,1,1,3
8/17/2020,visitor_area,3,4,EUPCOR,flower,1,2,33
8/17/2020,visitor_area,3,4,SOLJUN,head,25,2,3
8/17/2020,visitor_area,3,5,EUPCOR,flower,1,5,85
8/17/2020,visitor_area,3,5,TRIPRA,head,6,na,1
8/17/2020,visitor_area,3,6,None,na,0,0,0
8/17/2020,visitor_area,3,7,None,na,0,0,0
8/17/2020,visitor_area,3,8,TRIPRA,head,6,na,1
8/17/2020,visitor_area,3,9,None,na,0,0,0
8/17/2020,visitor_area,3,10,None,na,0,0,0
8/17/2020,hook_larson,6,1,TRIPRA,head,11,na,4
8/17/2020,hook_larson,6,1,DAUCAR,head,36,1,3
8/17/2020,hook_larson,6,2,TRIHYB,head,8,na,7
8/17/2020,hook_larson,6,3,MONFIS,head,13,2,14
8/17/2020,hook_larson,6,3,TRIPRA,head,11,na,2
8/17/2020,hook_larson,6,4,None,na,0,0,0
8/17/2020,hook_larson,6,5,MONFIS,head,13,1,6
8/17/2020,hook_larson,6,6,TRIPRA,head,11,na,1
8/17/2020,hook_larson,6,7,EUPCOR,flower,1,2,66
8/17/2020,hook_larson,6,7,TRIPRA,head,11,na,2
8/17/2020,hook_larson,6,8,TRIPRA,head,11,na,5
8/17/2020,hook_larson,6,9,TRIPRA,head,11,na,1
8/17/2020,hook_larson,6,10,ERISTR,flower,1,1,22
8/17/2020,holland_prairie_west,8,1,None,na,0,0,0
8/17/2020,holland_prairie_west,8,2,None,na,0,0,0
8/17/2020,holland_prairie_west,8,3,None,na,0,0,0
8/17/2020,holland_prairie_west,8,4,None,na,0,0,0
8/17/2020,holland_prairie_west,8,5,None,na,0,0,0
8/17/2020,holland_prairie_west,8,6,None,na,0,0,0
8/17/2020,holland_prairie_west,8,7,None,na,0,0,0
8/17/2020,holland_prairie_west,8,8,SILINT,flower,1,1,1
8/17/2020,holland_prairie_west,8,9,HELPAU,flower,1,1,1
8/17/2020,holland_prairie_west,8,10,None,na,0,0,0
8/18/2020,sanders_unit,5,1,CORTRI,flower,1,1,2
8/18/2020,sanders_unit,5,1,PYCTEN,flower,1,na,131
8/18/2020,sanders_unit,5,2,PYCTEN,flower,1,na,22
8/18/2020,sanders_unit,5,2,ERIYUC,flower,1,1,1
8/18/2020,sanders_unit,5,2,ALLCER,head,14,1,4
8/18/2020,sanders_unit,5,3,CORTRI,flower,1,na,35
8/18/2020,sanders_unit,5,3,PYCTEN,flower,1,1,3
8/18/2020,sanders_unit,5,3,GENALB,flower,1,1,7
8/18/2020,sanders_unit,5,4,GENALB,flower,1,2,7
8/18/2020,sanders_unit,5,4,CHAFAS,flower,1,2,2
8/18/2020,sanders_unit,5,4,LIAPYC,spike,1,1,1
8/18/2020,sanders_unit,5,5,CORTRI,flower,1,2,5
8/18/2020,sanders_unit,5,5,PYCTEN,flower,1,na,150
8/18/2020,sanders_unit,5,5,GENALB,flower,1,2,12
8/18/2020,sanders_unit,5,6,CHAFAS,flower,1,3,6
8/18/2020,sanders_unit,5,6,GENALB,flower,1,1,9
8/18/2020,sanders_unit,5,7,CHAFAS,flower,1,9,23
8/18/2020,sanders_unit,5,7,GENALB,flower,1,2,31
8/18/2020,sanders_unit,5,8,ERIYUC,flower,1,1,3
8/18/2020,sanders_unit,5,8,GENALB,flower,1,1,8
8/18/2020,sanders_unit,5,8,CHAFAS,flower,1,7,7
8/18/2020,sanders_unit,5,9,PYCTEN,flower,1,na,28
8/18/2020,sanders_unit,5,9,CHAFAS,flower,1,3,3
8/18/2020,sanders_unit,5,10,CHAFAS,flower,1,3,8
8/20/2020,hook_larson,7,1,MONFIS,head,9,1,12
8/20/2020,hook_larson,7,2,None,na,0,0,0
8/20/2020,hook_larson,7,3,None,na,0,0,0
8/20/2020,hook_larson,7,4,MONFIS,head,9,1,4
8/20/2020,hook_larson,7,4,SOLCAN,head,16,1,1
8/20/2020,hook_larson,7,5,MONFIS,head,9,1,3
8/20/2020,hook_larson,7,6,TRIPRA,head,6,na,2
8/20/2020,hook_larson,7,7,None,na,0,0,0
8/20/2020,hook_larson,7,8,None,na,0,0,0
8/20/2020,hook_larson,7,9,ERIANN,flower,1,1,9
8/20/2020,hook_larson,7,9,TRIPRA,head,6,na,5
8/20/2020,hook_larson,7,10,TRIPRA,head,6,na,3
8/20/2020,sanders_unit,6,1,CHAFAS,flower,1,1,2
8/20/2020,sanders_unit,6,1,GENALB,flower,1,2,11
8/20/2020,sanders_unit,6,1,TRIPRA,head,13,na,1
8/20/2020,sanders_unit,6,1,PYCTEN,flower,1,na,14
8/20/2020,sanders_unit,6,2,CHAFAS,flower,1,4,6
8/20/2020,sanders_unit,6,2,GENALB,flower,1,1,2
8/20/2020,sanders_unit,6,2,PYCTEN,flower,1,na,23
8/20/2020,sanders_unit,6,3,CHAFAS,flower,1,1,1
8/20/2020,sanders_unit,6,3,GENALB,flower,1,1,2
8/20/2020,sanders_unit,6,4,CHAFAS,flower,1,2,2
8/20/2020,sanders_unit,6,5,GENALB,flower,1,2,11
8/20/2020,sanders_unit,6,6,GENALB,flower,1,1,10
8/20/2020,sanders_unit,6,7,CHAFAS,flower,1,4,5
8/20/2020,sanders_unit,6,8,CHAFAS,flower,1,3,3
8/20/2020,sanders_unit,6,8,GENALB,flower,1,1,8
8/20/2020,sanders_unit,6,9,CHAFAS,flower,1,1,1
8/20/2020,sanders_unit,6,9,ERIYUC,flower,1,1,3
8/20/2020,sanders_unit,6,10,CHAFAS,flower,1,1,1
8/20/2020,sanders_unit,6,10,GENALB,flower,1,1,2
8/20/2020,clear_creek_knolls,6,1,None,na,0,0,0
8/20/2020,clear_creek_knolls,6,2,None,na,0,0,0
8/20/2020,clear_creek_knolls,6,3,GENALB,flower,1,1,4
8/20/2020,clear_creek_knolls,6,4,None,na,0,0,0
8/20/2020,clear_creek_knolls,6,5,HELOCC,flower,1,1,1
8/20/2020,clear_creek_knolls,6,5,DAUCAR,head,114,1,1
8/20/2020,clear_creek_knolls,6,6,None,na,0,0,0
8/20/2020,clear_creek_knolls,6,7,None,na,0,0,0
8/20/2020,clear_creek_knolls,6,8,None,na,0,0,0
8/20/2020,clear_creek_knolls,6,9,DAUCAR,head,114,1,1
8/20/2020,clear_creek_knolls,6,10,GENALB,flower,1,1,15
8/20/2020,gobbler_ridge,4,1,None,na,0,0,0
8/20/2020,gobbler_ridge,4,2,CORTRI,flower,1,1,3
8/20/2020,gobbler_ridge,4,2,PARINT,flower,1,1,16
8/20/2020,gobbler_ridge,4,3,None,na,0,0,0
8/20/2020,gobbler_ridge,4,4,None,na,0,0,0
8/20/2020,gobbler_ridge,4,5,CORTRI,flower,1,3,9
8/20/2020,gobbler_ridge,4,6,None,na,0,0,0
8/20/2020,gobbler_ridge,4,7,CORTRI,flower,1,2,17
8/20/2020,gobbler_ridge,4,8,CORTRI,flower,1,1,1
8/20/2020,gobbler_ridge,4,8,VERSTR,spike,5,1,2
8/20/2020,gobbler_ridge,4,9,VERSTR,spike,5,1,1
8/20/2020,gobbler_ridge,4,10,None,na,0,0,0
8/20/2020,oak_island,3,1,None,na,0,0,0
8/20/2020,oak_island,3,2,None,na,0,0,0
8/20/2020,oak_island,3,3,None,na,0,0,0
8/20/2020,oak_island,3,4,None,na,0,0,0
8/20/2020,oak_island,3,5,None,na,0,0,0
8/20/2020,oak_island,3,6,None,na,0,0,0
8/20/2020,oak_island,3,7,SOLJUN,head,28,1,2
8/20/2020,oak_island,3,8,None,na,0,0,0
8/20/2020,oak_island,3,9,None,na,0,0,0
8/20/2020,oak_island,3,10,None,na,0,0,0
8/21/2020,no_name_knob,4,1,None,na,0,0,0
8/21/2020,no_name_knob,4,2,None,na,0,0,0
8/21/2020,no_name_knob,4,3,None,na,0,0,0
8/21/2020,no_name_knob,4,4,HELOCC,flower,1,1,2
8/21/2020,no_name_knob,4,5,None,na,0,0,0
8/21/2020,no_name_knob,4,6,None,na,0,0,0
8/21/2020,no_name_knob,4,7,None,na,0,0,0
8/21/2020,no_name_knob,4,8,SILINT,flower,1,1,1
8/21/2020,no_name_knob,4,9,None,na,0,0,0
8/21/2020,no_name_knob,4,10,DAUCAR,head,80,1,1
8/21/2020,no_name_knob,4,10,TRIREP,head,8,na,2
8/21/2020,clear_creek_knolls,7,1,HELOCC,flower,1,1,1
8/21/2020,clear_creek_knolls,7,2,None,na,0,0,0
8/21/2020,clear_creek_knolls,7,3,None,na,0,0,0
8/21/2020,clear_creek_knolls,7,4,None,na,0,0,0
8/21/2020,clear_creek_knolls,7,5,GENALB,flower,1,2,13
8/21/2020,clear_creek_knolls,7,6,HELOCC,flower,1,1,1
8/21/2020,clear_creek_knolls,7,7,HELOCC,flower,1,1,2
8/21/2020,clear_creek_knolls,7,8,None,na,0,0,0
8/21/2020,clear_creek_knolls,7,9,None,na,0,0,0
8/21/2020,clear_creek_knolls,7,10,None,na,0,0,0
8/21/2020,gobbler_ridge,5,1,ALLCER,head,9,1,1
8/21/2020,gobbler_ridge,5,2,None,na,0,0,0
8/21/2020,gobbler_ridge,5,3,None,na,0,0,0
8/21/2020,gobbler_ridge,5,4,None,na,0,0,0
8/21/2020,gobbler_ridge,5,5,None,na,0,0,0
8/21/2020,gobbler_ridge,5,6,None,na,0,0,0
8/21/2020,gobbler_ridge,5,7,ALLCER,head,9,1,3
8/21/2020,gobbler_ridge,5,8,None,na,0,0,0
8/21/2020,gobbler_ridge,5,9,None,na,0,0,0
8/21/2020,gobbler_ridge,5,10,None,na,0,0,0
8/21/2020,flag_lowden,4,1,None,na,0,0,0
8/21/2020,flag_lowden,4,2,None,na,0,0,0
8/21/2020,flag_lowden,4,3,HELOCC,flower,1,1,1
8/21/2020,flag_lowden,4,4,None,na,0,0,0
8/21/2020,flag_lowden,4,5,HELOCC,flower,1,1,1
8/21/2020,flag_lowden,4,6,HELOCC,flower,1,2,5
8/21/2020,flag_lowden,4,7,None,na,0,0,0
8/21/2020,flag_lowden,4,8,None,na,0,0,0
8/21/2020,flag_lowden,4,9,HETVIL,flower,1,1,4
8/21/2020,flag_lowden,4,9,HELOCC,flower,1,2,4
8/21/2020,flag_lowden,4,10,None,na,0,0,0
8/24/2020,rolling_thunder,5,1,CIRDIS,flower,1,2,6
8/24/2020,rolling_thunder,5,1,SOLCAN,head,22,na,1
8/24/2020,rolling_thunder,5,2,CIRDIS,flower,1,2,13
8/24/2020,rolling_thunder,5,3,CIRDIS,flower,1,1,9
8/24/2020,rolling_thunder,5,4,None,na,0,0,0
8/24/2020,rolling_thunder,5,5,CIRDIS,flower,1,2,12
8/24/2020,rolling_thunder,5,6,CIRDIS,flower,1,1,2
8/24/2020,rolling_thunder,5,7,CIRDIS,flower,1,1,1
8/24/2020,rolling_thunder,5,8,None,na,0,0,0
8/24/2020,rolling_thunder,5,9,None,na,0,0,0
8/24/2020,rolling_thunder,5,10,CIRDIS,flower,1,1,5
8/24/2020,rolling_thunder,5,10,DAUCAR,head,104,2,6
8/24/2020,holland_prairie_west,9,1,TRIPRA,head,12,na,4
8/24/2020,holland_prairie_west,9,2,None,na,0,0,0
8/24/2020,holland_prairie_west,9,3,TRIPRA,head,12,na,6
8/24/2020,holland_prairie_west,9,4,TRIHYB,head,16,na,2
8/24/2020,holland_prairie_west,9,5,TRIPRA,head,12,na,1
8/24/2020,holland_prairie_west,9,6,GENALB,flower,1,1,21
8/24/2020,holland_prairie_west,9,7,None,na,0,0,0
8/24/2020,holland_prairie_west,9,8,TRIPRA,head,12,na,0
8/24/2020,holland_prairie_west,9,9,SOLJUN,head,10,1,1
8/24/2020,holland_prairie_west,9,10,TRIPRA,head,12,na,2
8/24/2020,sengers,4,1,None,na,0,0,0
8/24/2020,sengers,4,2,None,na,0,0,0
8/24/2020,sengers,4,3,HELOCC,flower,1,1,1
8/24/2020,sengers,4,4,HELOCC,flower,1,2,2
8/24/2020,sengers,4,5,HELOCC,flower,1,3,4
8/24/2020,sengers,4,6,HELOCC,flower,1,1,3
8/24/2020,sengers,4,7,None,na,0,0,0
8/24/2020,sengers,4,8,CHAFAS,flower,1,1,1
8/24/2020,sengers,4,9,CHAFAS,flower,1,5,7
8/24/2020,sengers,4,10,CHAFAS,flower,1,4,6
8/24/2020,williams,4,1,None,na,0,0,0
8/24/2020,williams,4,2,None,na,0,0,0
8/24/2020,williams,4,3,None,na,0,0,0
8/24/2020,williams,4,4,None,na,0,0,0
8/24/2020,williams,4,5,None,na,0,0,0
8/24/2020,williams,4,6,HELOCC,flower,1,4,6
8/24/2020,williams,4,7,None,na,0,0,0
8/24/2020,williams,4,8,None,na,0,0,0
8/24/2020,williams,4,9,None,na,0,0,0
8/24/2020,williams,4,10,None,na,0,0,0
8/24/2020,coneflower_trash_knob,3,1,CIRDIS,flower,1,3,5
8/24/2020,coneflower_trash_knob,3,2,CIRDIS,flower,1,2,3
8/24/2020,coneflower_trash_knob,3,3,CIRDIS,flower,1,1,1
8/24/2020,coneflower_trash_knob,3,3,DAUCAR,head,63,1,2
8/24/2020,coneflower_trash_knob,3,4,CIRDIS,flower,1,1,6
8/24/2020,coneflower_trash_knob,3,4,DAUCAR,head,63,1,2
8/24/2020,coneflower_trash_knob,3,5,DAUCAR,head,63,1,1
8/24/2020,coneflower_trash_knob,3,5,TRIPRA,head,9,na,2
8/24/2020,coneflower_trash_knob,3,5,SOLJUN,head,9,1,1
8/24/2020,coneflower_trash_knob,3,6,DAUCAR,head,63,2,6
8/24/2020,coneflower_trash_knob,3,7,DAUCAR,head,63,2,5
8/24/2020,coneflower_trash_knob,3,7,CIRDIS,flower,1,2,2
8/24/2020,coneflower_trash_knob,3,8,DAUCAR,head,63,2,10
8/24/2020,coneflower_trash_knob,3,8,CIRDIS,flower,1,2,13
8/24/2020,coneflower_trash_knob,3,9,VERSTR,spike,3,3,8
8/24/2020,coneflower_trash_knob,3,9,DAUCAR,head,63,1,2
8/24/2020,coneflower_trash_knob,3,10,HELGRO,flower,1,1,1
8/24/2020,coneflower_trash_knob,3,10,CORPAL,flower,1,2,8
8/24/2020,coneflower_trash_knob,3,10,DAUCAR,head,63,1,1
8/25/2020,coneflower_trash_knob,4,1,None,na,0,0,0
8/25/2020,coneflower_trash_knob,4,2,CIRDIS,flower,1,3,4
8/25/2020,coneflower_trash_knob,4,3,CIRDIS,flower,1,1,1
8/25/2020,coneflower_trash_knob,4,4,TRIPRA,head,5,na,2
8/25/2020,coneflower_trash_knob,4,5,None,na,0,0,0
8/25/2020,coneflower_trash_knob,4,6,DAUCAR,head,90,1,3
8/25/2020,coneflower_trash_knob,4,7,DAUCAR,head,90,1,2
8/25/2020,coneflower_trash_knob,4,8,CIRDIS,flower,1,1,1
8/25/2020,coneflower_trash_knob,4,9,DAUCAR,head,90,2,3
8/25/2020,coneflower_trash_knob,4,10,EUTGYM,head,24,na,3
8/25/2020,sengers,5,1,None,na,0,0,0
8/25/2020,sengers,5,2,None,na,0,0,0
8/25/2020,sengers,5,3,None,na,0,0,0
8/25/2020,sengers,5,4,None,na,0,0,0
8/25/2020,sengers,5,5,HELOCC,flower,1,1,1
8/25/2020,sengers,5,6,HELOCC,flower,1,1,3
8/25/2020,sengers,5,7,HELOCC,flower,1,2,2
8/25/2020,sengers,5,7,CHAFAS,flower,1,7,10
8/25/2020,sengers,5,7,SYMLAV,flower,1,1,2
8/25/2020,sengers,5,8,CORTRI,flower,1,1,2
8/25/2020,sengers,5,8,GENALB,flower,1,2,4
8/25/2020,sengers,5,8,CHAFAS,flower,1,6,8
8/25/2020,sengers,5,9,CHAFAS,flower,1,10,18
8/25/2020,sengers,5,9,HELOCC,flower,1,1,2
8/25/2020,sengers,5,10,None,na,0,0,0
8/25/2020,williams,5,1,HELOCC,flower,1,1,3
8/25/2020,williams,5,2,EUTGRA,head,22,na,16
8/25/2020,williams,5,3,None,na,0,0,0
8/25/2020,williams,5,4,EUTGRA,head,22,na,2
8/25/2020,williams,5,5,SILINT,flower,1,1,1
8/25/2020,williams,5,6,EUTGRA,head,22,na,24
8/25/2020,williams,5,7,None,na,0,0,0
8/25/2020,williams,5,8,None,na,0,0,0
8/25/2020,williams,5,9,PENSED,head,11,1,3
8/25/2020,williams,5,10,PENSED,head,11,1,7
8/25/2020,dougs_knob,3,1,None,na,0,0,0
8/25/2020,dougs_knob,3,2,LIAASP,spike,5,2,2
8/25/2020,dougs_knob,3,3,HELOCC,flower,1,1,1
8/25/2020,dougs_knob,3,4,None,na,0,0,0
8/25/2020,dougs_knob,3,5,None,na,0,0,0
8/25/2020,dougs_knob,3,6,None,na,0,0,0
8/25/2020,dougs_knob,3,7,CIRDIS,flower,1,1,1
8/25/2020,dougs_knob,3,8,None,na,0,0,0
8/25/2020,dougs_knob,3,9,None,na,0,0,0
8/25/2020,dougs_knob,3,10,LIAASP,spike,1,1,1
8/26/2020,rolling_thunder,6,1,TRIPRA,head,6,na,2
8/26/2020,rolling_thunder,6,1,SOLCAN,head,18,na,2
8/26/2020,rolling_thunder,6,2,CIRDIS,flower,1,2,9
8/26/2020,rolling_thunder,6,3,CIRDIS,flower,1,2,7
8/26/2020,rolling_thunder,6,4,SOLCAN,head,18,na,4
8/26/2020,rolling_thunder,6,4,CIRDIS,flower,1,3,4
8/26/2020,rolling_thunder,6,5,CIRDIS,flower,1,1,2
8/26/2020,rolling_thunder,6,6,TRIPRA,head,6,na,1
8/26/2020,rolling_thunder,6,7,None,na,0,0,0
8/26/2020,rolling_thunder,6,8,DAUCAR,head,155,3,7
8/26/2020,rolling_thunder,6,8,SOLCAN,head,18,na,8
8/26/2020,rolling_thunder,6,9,CIRDIS,flower,1,1,1
8/26/2020,rolling_thunder,6,9,TRIPRA,haed,6,na,3
8/26/2020,rolling_thunder,6,10,CIRDIS,flower,1,1,7
8/26/2020,dougs_knob,4,1,None,na,0,0,0
8/26/2020,dougs_knob,4,2,SOLCAN,head,31,na,1
8/26/2020,dougs_knob,4,3,None,na,0,0,0
8/26/2020,dougs_knob,4,4,HELOCC,flower,1,1,1
8/26/2020,dougs_knob,4,5,None,na,0,0,0
8/26/2020,dougs_knob,4,6,LIAASP,spike,12,1,1
8/26/2020,dougs_knob,4,7,None,na,0,0,0
8/26/2020,dougs_knob,4,8,None,na,0,0,0
8/26/2020,dougs_knob,4,9,LIAASP,spike,12,1,1
8/26/2020,dougs_knob,4,10,None,na,0,0,0
8/26/2020,dots_knob,3,1,LIAASP,spike,7,3,3
8/26/2020,dots_knob,3,2,None,na,0,0,0
8/26/2020,dots_knob,3,3,None,na,0,0,0
8/26/2020,dots_knob,3,4,None,na,0,0,0
8/26/2020,dots_knob,3,5,LIAASP,spike,7,1,1
8/26/2020,dots_knob,3,6,None,na,0,0,0
8/26/2020,dots_knob,3,7,None,na,0,0,0
8/26/2020,dots_knob,3,8,None,na,0,0,0
8/26/2020,dots_knob,3,9,LIAASP,spike,7,1,1
8/26/2020,dots_knob,3,10,SOLCAN,head,11,na,2
8/26/2020,schafer_knob,6,1,None,na,0,0,0
8/26/2020,schafer_knob,6,2,None,na,0,0,0
8/26/2020,schafer_knob,6,3,None,na,0,0,0
8/26/2020,schafer_knob,6,4,None,na,0,0,0
8/26/2020,schafer_knob,6,5,VERSTR,spike,5,1,4
8/26/2020,schafer_knob,6,6,ERISTR,flower,1,1,20
8/26/2020,schafer_knob,6,6,SOLCAN,head,8,na,2
8/26/2020,schafer_knob,6,7,CIRDIS,flower,1,2,3
8/26/2020,schafer_knob,6,7,SOLCAN,head,8,na,7
8/26/2020,schafer_knob,6,8,CIRDIS,flower,1,1,2
8/26/2020,schafer_knob,6,9,CIRDIS,flower,1,1,1
8/26/2020,schafer_knob,6,10,CIRDIS,flower,1,3,25
8/27/2020,dots_knob,4,1,None,na,0,0,0
8/27/2020,dots_knob,4,2,EUPCOR,flower,1,1,1
8/27/2020,dots_knob,4,3,EUTGYM,head,5,na,12
8/27/2020,dots_knob,4,4,None,na,0,0,0
8/27/2020,dots_knob,4,5,None,na,0,0,0
8/27/2020,dots_knob,4,6,None,na,0,0,0
8/27/2020,dots_knob,4,7,None,na,0,0,0
8/27/2020,dots_knob,4,8,LIAASP,spike,6,1,1
8/27/2020,dots_knob,4,9,None,na,0,0,0
8/27/2020,dots_knob,4,10,CIRDIS,flower,1,1,2
8/27/2020,schafer_knob,7,1,CIRDIS,flower,1,1,3
8/27/2020,schafer_knob,7,2,None,na,0,0,0
8/27/2020,schafer_knob,7,3,CIRDIS,flower,1,1,1
8/27/2020,schafer_knob,7,4,CIRDIS,flower,1,2,5
8/27/2020,schafer_knob,7,4,EUTGRA,head,15,na,3
8/27/2020,schafer_knob,7,5,None,na,0,0,0
8/27/2020,schafer_knob,7,6,LIAASP,spike,13,2,2
8/27/2020,schafer_knob,7,7,CIRDIS,flower,1,1,1
8/27/2020,schafer_knob,7,8,CIRDIS,flower,1,1,1
8/27/2020,schafer_knob,7,9,CIRDIS,flower,1,2,15
8/27/2020,schafer_knob,7,9,SOLCAN,head,88,na,10
8/27/2020,schafer_knob,7,10,None,na,0,0,0
8/27/2020,east_heinkel,5,1,LOBSPH,flower,1,5,15
8/27/2020,east_heinkel,5,1,AGATEN,flower,1,na,1
8/27/2020,east_heinkel,5,1,PEDCAN,flower,1,1,2
8/27/2020,east_heinkel,5,2,EUTMAC,head,24,1,1
8/27/2020,east_heinkel,5,2,SOLMIS,head,22,na,3
8/27/2020,east_heinkel,5,2,PEDCAN,flower,1,1,9
8/27/2020,east_heinkel,5,3,HELAUT,flower,1,2,2
8/27/2020,east_heinkel,5,4,EUTMAC,head,24,3,3
8/27/2020,east_heinkel,5,4,PERAMP,spike,8,2,2
8/27/2020,east_heinkel,5,5,HELAUT,flower,1,1,2
8/27/2020,east_heinkel,5,5,SOLCAN,head,9,na,1
8/27/2020,east_heinkel,5,5,PERAMP,spike,8,2,6
8/27/2020,east_heinkel,5,5,VERHAS,spike,3,1,7
8/27/2020,east_heinkel,5,6,EUTMAC,head,24,1,1
8/27/2020,east_heinkel,5,7,None,na,0,0,0
8/27/2020,east_heinkel,5,8,PYCTEN,flower,1,na,11
8/27/2020,east_heinkel,5,9,None,na,0,0,0
8/27/2020,east_heinkel,5,10,PYCTEN,flower,1,na,31
8/27/2020,main_unit_knobs,3,1,None,na,0,0,0
8/27/2020,main_unit_knobs,3,2,SOLJUN,head,57,na,2
8/27/2020,main_unit_knobs,3,2,LIAASP,spike,2,1,1
8/27/2020,main_unit_knobs,3,3,None,na,0,0,0
8/27/2020,main_unit_knobs,3,4,LIAASP,spike,5,2,3
8/27/2020,main_unit_knobs,3,5,SOLJUN,head,57,na,1
8/27/2020,main_unit_knobs,3,5,LIAASP,spike,5,2,2
8/27/2020,main_unit_knobs,3,6,None,na,0,0,0
8/27/2020,main_unit_knobs,3,7,None,na,0,0,0
8/27/2020,main_unit_knobs,3,8,CIRDIS,flower,1,1,7
8/27/2020,main_unit_knobs,3,9,None,na,0,0,0
8/27/2020,main_unit_knobs,3,10,LIAASP,spike,5,1,1
8/31/2020,east_heinkel,6,1,SOLMIS,head,13,na,40
8/31/2020,east_heinkel,6,2,SOLMIS,head,13,na,22
8/31/2020,east_heinkel,6,2,SOLCAN,head,44,na,10
8/31/2020,east_heinkel,6,2,AGEALT,head,13,1,2
8/31/2020,east_heinkel,6,3,SOLCAN,head,1,na,2
8/31/2020,east_heinkel,6,3,CIRDIS,flower,1,2,11
8/31/2020,east_heinkel,6,4,SOLCAN,head,44,na,2
8/31/2020,east_heinkel,6,5,none,na,0,0,0
8/31/2020,east_heinkel,6,6,HELAUT,flower,1,2,26
8/31/2020,east_heinkel,6,6,LOBSPH,flower,1,1,4
8/31/2020,east_heinkel,6,6,EUPPER,head,9,1,1
8/31/2020,east_heinkel,6,6,SYMLAT,flower,1,1,6
8/31/2020,east_heinkel,6,7,EUTMAC,head,11,2,8
8/31/2020,east_heinkel,6,7,SOLCAN,head,44,na,2
8/31/2020,east_heinkel,6,8,EUPPER,head,9,1,1
8/31/2020,east_heinkel,6,8,HELAUT,flower,1,1,4
8/31/2020,east_heinkel,6,9,none,na,0,0,0
8/31/2020,east_heinkel,6,10,none,na,0,0,0
8/31/2020,main_unit_knobs,4,1,none,na,0,0,0
8/31/2020,main_unit_knobs,4,2,none,na,0,0,0
8/31/2020,main_unit_knobs,4,3,none,na,0,0,0
8/31/2020,main_unit_knobs,4,4,none,na,0,0,0
8/31/2020,main_unit_knobs,4,5,none,na,0,0,0
8/31/2020,main_unit_knobs,4,6,LIAASP,spike,5,1,1
8/31/2020,main_unit_knobs,4,7,none,na,0,0,0
8/31/2020,main_unit_knobs,4,8,LIAASP,spike,5,2,8
8/31/2020,main_unit_knobs,4,9,LIAASP,spike,5,1,1
8/31/2020,main_unit_knobs,4,10,none,na,0,0,0
8/31/2020,tellabs_center,4,1,none,na,0,0,0
8/31/2020,tellabs_center,4,2,none,na,0,0,0
8/31/2020,tellabs_center,4,3,none,na,0,0,0
8/31/2020,tellabs_center,4,4,none,na,0,0,0
8/31/2020,tellabs_center,4,5,none,na,0,0,0
8/31/2020,tellabs_center,4,6,none,na,0,0,0
8/31/2020,tellabs_center,4,7,none,na,0,0,0
8/31/2020,tellabs_center,4,8,none,na,0,0,0
8/31/2020,tellabs_center,4,9,none,na,0,0,0
8/31/2020,tellabs_center,4,10,none,na,0,0,0
9/1/2020,holland_prairie_east,8,1,none,na,0,0,0
9/1/2020,holland_prairie_east,8,2,none,na,0,0,0
9/1/2020,holland_prairie_east,8,3,CIRDIS,flower,1,1,5
9/1/2020,holland_prairie_east,8,4,CORTRI,flower,1,4,10
9/1/2020,holland_prairie_east,8,5,HELGRO,flower,1,na,6
9/1/2020,holland_prairie_east,8,5,SOLMIS,head,11,na,4
9/1/2020,holland_prairie_east,8,6,none,na,0,0,0
9/1/2020,holland_prairie_east,8,7,Bidens spp.,flower,1,na,97
9/1/2020,holland_prairie_east,8,8,Bidens spp.,flower,1,na,142
9/1/2020,holland_prairie_east,8,9,Bidens spp.,flower,1,na,123
9/1/2020,holland_prairie_east,8,10,Bidens spp.,flower,1,na,3
9/1/2020,leopold_knob,2,1,LIAASP,spike,29,1,2
9/1/2020,leopold_knob,2,2,LIAASP,spike,29,3,6
9/1/2020,leopold_knob,2,3,SOLNEM,head,29,na,12
9/1/2020,leopold_knob,2,4,none,na,0,0,0
9/1/2020,leopold_knob,2,5,none,na,0,0,0
9/1/2020,leopold_knob,2,6,none,na,0,0,0
9/1/2020,leopold_knob,2,7,none,na,0,0,0
9/1/2020,leopold_knob,2,8,none,na,0,0,0
9/1/2020,leopold_knob,2,9,EUTGYM,head,9,na,3
9/1/2020,leopold_knob,2,10,none,na,0,0,0
9/1/2020,east_heinkel,7,1,AGATEN,flower,1,na,12
9/1/2020,east_heinkel,7,1,LOBSPH,flower,1,1,12
9/1/2020,east_heinkel,7,1,PEDCAN,flower,1,2,14
9/1/2020,east_heinkel,7,1,HELAUT,flower,1,2,4
9/1/2020,east_heinkel,7,2,HELAUT,flower,1,2,10
9/1/2020,east_heinkel,7,2,EUTMAC,head,13,2,2
9/1/2020,east_heinkel,7,2,EUPPER,head,26,1,1
9/1/2020,east_heinkel,7,2,VERHAS,spike,3,1,3
9/1/2020,east_heinkel,7,3,EUTGRA,head,20,na,3
9/1/2020,east_heinkel,7,4,EUTMAC,head,13,1,1
9/1/2020,east_heinkel,7,5,PEDCAN,flower,1,2,7
9/1/2020,east_heinkel,7,5,SOLRID,head,14,na,7
9/1/2020,east_heinkel,7,6,none,na,0,0,0
9/1/2020,east_heinkel,7,7,none,na,0,0,0
9/1/2020,east_heinkel,7,8,none,na,0,0,0
9/1/2020,east_heinkel,7,9,HELAUT,flower,1,3,8
9/1/2020,east_heinkel,7,10,SOLMIS,head,80,na,15
9/2/2020,leopold_knob,3,1,none,na,0,0,0
9/2/2020,leopold_knob,3,2,none,na,0,0,0
9/2/2020,leopold_knob,3,3,none,na,0,0,0
9/2/2020,leopold_knob,3,4,none,na,0,0,0
9/2/2020,leopold_knob,3,5,none,na,0,0,0
9/2/2020,leopold_knob,3,6,none,na,0,0,0
9/2/2020,leopold_knob,3,7,LIAASP,spike,10,1,1
9/2/2020,leopold_knob,3,8,EUTGYM,head,3,na,4
9/2/2020,leopold_knob,3,9,LIAASP,spike,10,2,2
9/2/2020,leopold_knob,3,10,none,na,0,0,0
9/2/2020,isabells_knob,4,1,none,na,0,0,0
9/2/2020,isabells_knob,4,2,none,na,0,0,0
9/2/2020,isabells_knob,4,3,none,na,0,0,0
9/2/2020,isabells_knob,4,4,none,na,0,0,0
9/2/2020,isabells_knob,4,5,SOLRIG,head,10,1,2
9/2/2020,isabells_knob,4,6,CIRDIS,flower,1,1,8
9/2/2020,isabells_knob,4,7,SOLRIG,head,10,1,9
9/2/2020,isabells_knob,4,8,SOLRIG,head,10,1,16
9/2/2020,isabells_knob,4,8,CIRDIS,flower,1,1,2
9/2/2020,isabells_knob,4,9,none,na,0,0,0
9/2/2020,isabells_knob,4,10,none,na,0,0,0
9/2/2020,eight_oaks,4,1,SOLRIG,head,20,1,3
9/2/2020,eight_oaks,4,2,SOLRIG,head,20,1,1
9/2/2020,eight_oaks,4,3,none,na,0,0,0
9/2/2020,eight_oaks,4,4,SOLNEM,head,16,na,1
9/2/2020,eight_oaks,4,5,none,na,0,0,0
9/2/2020,eight_oaks,4,6,none,na,0,0,0
9/2/2020,eight_oaks,4,7,none,na,0,0,0
9/2/2020,eight_oaks,4,8,SOLRIG,head,20,2,2
9/2/2020,eight_oaks,4,9,SOLNEM,head,16,na,2
9/2/2020,eight_oaks,4,10,SOLRIG,head,20,1,2
9/2/2020,eight_oaks,4,10,SOLNEM,head,16,na,6
9/2/2020,holland_prairie_east,9,1,Bidens spp.,flower,1,na,30
9/2/2020,holland_prairie_east,9,2,Bidens spp.,flower,1,na,4
9/2/2020,holland_prairie_east,9,3,PEDCAN,flower,1,2,9
9/2/2020,holland_prairie_east,9,3,Bidens spp.,flower,1,na,54
9/2/2020,holland_prairie_east,9,4,Bidens spp.,flower,1,na,59
9/2/2020,holland_prairie_east,9,4,EUTGRA,head,14,na,2
9/2/2020,holland_prairie_east,9,5,none,na,0,0,0
9/2/2020,holland_prairie_east,9,6,HELAUT,flower,1,1,4
9/2/2020,holland_prairie_east,9,6,Bidens spp.,flower,1,na,42
9/2/2020,holland_prairie_east,9,6,PEDCAN,flower,1,1,2
9/2/2020,holland_prairie_east,9,7,Bidens spp.,flower,1,na,220
9/2/2020,holland_prairie_east,9,8,SOLRIG,head,13,1,1
9/2/2020,holland_prairie_east,9,9,none,na,0,0,0
9/2/2020,holland_prairie_east,9,10,none,na,0,0,0
9/3/2020,gobbler_ridge,6,1,none,na,0,0,0
9/3/2020,gobbler_ridge,6,2,none,na,0,0,0
9/3/2020,gobbler_ridge,6,3,LIAASP,spike,10,6,15
9/3/2020,gobbler_ridge,6,4,SOLNEM,head,37,na,2
9/3/2020,gobbler_ridge,6,5,none,na,0,0,0
9/3/2020,gobbler_ridge,6,6,LIAASP,spike,10,2,3
9/3/2020,gobbler_ridge,6,7,SOLNEM,head,37,na,1
9/3/2020,gobbler_ridge,6,8,none,na,0,0,0
9/3/2020,gobbler_ridge,6,9,none,na,0,0,0
9/3/2020,gobbler_ridge,6,10,none,na,0,0,0
9/3/2020,sengers,6,1,SOLRIG,head,6,2,4
9/3/2020,sengers,6,2,SOLRIG,head,6,2,3
9/3/2020,sengers,6,3,SOLRIG,head,6,3,11
9/3/2020,sengers,6,4,SOLRIG,head,6,3,7
9/3/2020,sengers,6,5,SYMLAV,flower,1,2,2
9/3/2020,sengers,6,5,SOLRIG,head,6,2,10
9/3/2020,sengers,6,6,SOLRIG,head,6,2,7
9/3/2020,sengers,6,7,SOLNEM,head,19,na,2
9/3/2020,sengers,6,8,none,na,0,0,0
9/3/2020,sengers,6,9,none,na,0,0,0
9/3/2020,sengers,6,10,none,na,0,0,0
9/4/2020,rolling_thunder,7,1,SOLRIG,head,19,1,3
9/4/2020,rolling_thunder,7,2,CIRDIS,flower,1,1,1
9/4/2020,rolling_thunder,7,2,SOLCAN,head,33,na,2
9/4/2020,rolling_thunder,7,2,SYMPIL,flower,1,1,7
9/4/2020,rolling_thunder,7,3,CIRDIS,flower,1,1,5
9/4/2020,rolling_thunder,7,3,SYMLAT,flower,1,1,1
9/4/2020,rolling_thunder,7,4,SOLCAN,head,33,na,2
9/4/2020,rolling_thunder,7,4,CIRDIS,flower,1,1,1
9/4/2020,rolling_thunder,7,5,CIRDIS,flower,1,1,6
9/4/2020,rolling_thunder,7,5,TRIPRA,head,6,na,2
9/4/2020,rolling_thunder,7,6,CIRDIS,flower,1,1,4
9/4/2020,rolling_thunder,7,6,TRIPRA,head,6,na,1
9/4/2020,rolling_thunder,7,7,TRIPRA,head,6,na,1
9/4/2020,rolling_thunder,7,8,CIRDIS,flower,1,1,5
9/4/2020,rolling_thunder,7,8,TRIPRA,head,6,na,2
9/4/2020,rolling_thunder,7,9,HELOCC,flower,1,na,1
9/4/2020,rolling_thunder,7,10,SYMPIL,flower,1,1,1
9/4/2020,sengers,7,1,SOLRIG,head,12,3,5
9/4/2020,sengers,7,1,SYMLAV,flower,1,1,4
9/4/2020,sengers,7,2,SYMLAV,flower,1,2,3
9/4/2020,sengers,7,3,SOLRIG,head,12,1,1
9/4/2020,sengers,7,4,SOLRIG,head,12,2,2
9/4/2020,sengers,7,4,SYMLAV,flower,1,2,4
9/4/2020,sengers,7,5,SOLRIG,head,12,2,7
9/4/2020,sengers,7,5,SOLNEM,head,39,na,1
9/4/2020,sengers,7,5,SYMLAV,flower,1,2,3
9/4/2020,sengers,7,6,SYMPIL,flower,1,1,3
9/4/2020,sengers,7,6,SYMLAV,flower,1,1,5
9/4/2020,sengers,7,7,none,na,0,0,0
9/4/2020,sengers,7,8,SYMPIL,flower,1,1,3
9/4/2020,sengers,7,9,none,na,0,0,0
9/4/2020,sengers,7,10,EUTGRA,head,13,na,4
9/4/2020,sengers,7,10,CHAFAS,flower,1,1,2
9/13/2020,flag_lowden,5,1,SYMLAV,flower,1,2,12
9/13/2020,flag_lowden,5,2,SYMLAV,flower,1,1,3
9/13/2020,flag_lowden,5,2,SOLCAN,head,78,na,4
9/13/2020,flag_lowden,5,2,SOLRIG,head,15,1,1
9/13/2020,flag_lowden,5,2,SYMLAT,flower,1,1,6
9/13/2020,flag_lowden,5,3,SOLNEM,head,81,na,9
9/13/2020,flag_lowden,5,3,SOLCAN,head,78,na,1
9/13/2020,flag_lowden,5,3,SOLRIG,head,15,1,2
9/13/2020,flag_lowden,5,3,SYMLAT,flower,1,1,6
9/13/2020,flag_lowden,5,3,SYMLAV,flower,1,1,3
9/13/2020,flag_lowden,5,4,SYMLAV,flower,1,2,4
9/13/2020,flag_lowden,5,4,SYMLAT,flower,1,1,1
9/13/2020,flag_lowden,5,4,SOLCAN,head,78,na,3
9/13/2020,flag_lowden,5,4,SYMLAN,flower,1,1,2
9/13/2020,flag_lowden,5,5,SOLCAN,head,78,na,1
9/13/2020,flag_lowden,5,5,SOLNEM,head,81,na,2
9/13/2020,flag_lowden,5,5,LIAASP,spike,7,1,1
9/13/2020,flag_lowden,5,6,SOLCAN,head,78,na,2
9/13/2020,flag_lowden,5,6,LIAASP,spike,7,1,1
9/13/2020,flag_lowden,5,6,SYMLAV,flower,1,1,1
9/13/2020,flag_lowden,5,7,HETVIL,flower,1,1,5
9/13/2020,flag_lowden,5,7,SOLRIG,head,15,1,2
9/13/2020,flag_lowden,5,7,SYMLAN,flower,1,1,4
9/13/2020,flag_lowden,5,7,SYMLAV,flower,1,1,4
9/13/2020,flag_lowden,5,8,SOLRIG,head,15,1,1
9/13/2020,flag_lowden,5,9,SOLRIG,head,15,1,1
9/13/2020,flag_lowden,5,9,SYMLAV,flower,1,1,14
9/13/2020,flag_lowden,5,10,SOLRIG,head,15,1,2
9/14/2020,gobbler_ridge,7,1,SOLNEM,head,56,na,2
9/14/2020,gobbler_ridge,7,1,SYMLAV,flower,1,1,6
9/14/2020,gobbler_ridge,7,2,SOLSPE,head,35,na,7
9/14/2020,gobbler_ridge,7,2,SYMPIL,flower,1,1,4
9/14/2020,gobbler_ridge,7,3,SOLRIG,head,11,1,1
9/14/2020,gobbler_ridge,7,3,SYMLAV,flower,1,1,1
9/14/2020,gobbler_ridge,7,4,SYMLAV,flower,1,4,14
9/14/2020,gobbler_ridge,7,4,SYMPIL,flower,1,2,3
9/14/2020,gobbler_ridge,7,4,SOLSPE,head,35,na,1
9/14/2020,gobbler_ridge,7,5,SYMPIL,flower,1,1,6
9/14/2020,gobbler_ridge,7,6,SOLCAN,head,17,na,6
9/14/2020,gobbler_ridge,7,6,SYMPIL,flower,1,1,1
9/14/2020,gobbler_ridge,7,7,none,na,0,0,0
9/14/2020,gobbler_ridge,7,8,SYMLAV,flower,1,1,6
9/14/2020,gobbler_ridge,7,8,EUTGRA,head,4,na,2
9/14/2020,gobbler_ridge,7,9,SYMPIL,flower,1,1,2
9/14/2020,gobbler_ridge,7,9,SOLCAN,head,17,na,13
9/14/2020,gobbler_ridge,7,10,SYMLAV,flower,1,3,11
9/14/2020,gobbler_ridge,7,10,SOLCAN,head,17,na,23
9/14/2020,thelma_carpenter,4,1,EUTGYM,head,7,na,9
9/14/2020,thelma_carpenter,4,1,SOLSPE,head,32,na,5
9/14/2020,thelma_carpenter,4,2,SOLCAN,head,16,na,14
9/14/2020,thelma_carpenter,4,3,SOLCAN,head,16,na,3
9/14/2020,thelma_carpenter,4,4,EUTGYM,head,7,na,31
9/14/2020,thelma_carpenter,4,5,none,na,0,0,0
9/14/2020,thelma_carpenter,4,6,SOLNEM,head,12,na,2
9/14/2020,thelma_carpenter,4,6,SOLSPE,head,32,na,5
9/14/2020,thelma_carpenter,4,7,EUTGYM,head,7,na,3
9/14/2020,thelma_carpenter,4,8,SOLNEM,head,12,na,4
9/14/2020,thelma_carpenter,4,9,none,na,0,0,0
9/14/2020,thelma_carpenter,4,10,SOLCAN,head,16,na,1
9/14/2020,eight_oaks,5,1,SOLSPE,head,18,na,2
9/14/2020,eight_oaks,5,1,SOLRIG,head,15,3,3
9/14/2020,eight_oaks,5,2,Symphotrichum spp. ,flower,1,1,3
9/14/2020,eight_oaks,5,3,SOLRIG,flower,1,2,3
9/14/2020,eight_oaks,5,4,SYMLAT,flower,1,na,14
9/14/2020,eight_oaks,5,4,SOLRIG,head,15,1,2
9/14/2020,eight_oaks,5,5,SYMLAT,flower,1,na,7
9/14/2020,eight_oaks,5,6,SYMLAT,flower,1,na,59
9/14/2020,eight_oaks,5,6,SOLCAN,head,13,na,2
9/14/2020,eight_oaks,5,7,SOLRIG,head,15,2,3
9/14/2020,eight_oaks,5,7,SOLNEM,head,14,na,4
9/14/2020,eight_oaks,5,8,SYMPIL,flower,1,1,8
9/14/2020,eight_oaks,5,8,SOLRIG,head,15,1,1
9/14/2020,eight_oaks,5,8,SOLNEM,head,14,na,2
9/14/2020,eight_oaks,5,9,SOLNEM,head,14,na,4
9/14/2020,eight_oaks,5,10,SOLRIG,head,15,1,2
9/14/2020,eight_oaks,5,10,SOLNEM,head,14,na,3
9/14/2020,west_hienkel,3,1,SOLNEM,head,99,na,1
9/14/2020,west_hienkel,3,2,SOLNEM,head,99,na,9
9/14/2020,west_hienkel,3,3,SONEM,head,99,na,2
9/14/2020,west_hienkel,3,4,SYMPIL,flower,1,1,8
9/14/2020,west_hienkel,3,5,SOLRIG,head,8,1,1
9/14/2020,west_hienkel,3,5,EUTGYM,head,4,na,2
9/14/2020,west_hienkel,3,6,SOLRIG,head,8,1,7
9/14/2020,west_hienkel,3,6,SOLCAN,head,17,na,1
9/14/2020,west_hienkel,3,7,SOLCAN,head,17,na,4
9/14/2020,west_hienkel,3,7,SOLNEM,head,88,na,1
9/14/2020,west_hienkel,3,8,SOLSPE,head,60,na,2
9/14/2020,west_hienkel,3,8,SOLNEM,head,88,na,3
9/14/2020,west_hienkel,3,9,SOLNEM,head,88,na,6
9/14/2020,west_hienkel,3,9,SOLSPE,head,60,na,1
9/14/2020,west_hienkel,3,10,SOLNEM,head,88,na,11
9/15/2020,oak_island,4,1,HELGRO,flower,1,1,25
9/15/2020,oak_island,4,1,SOLCAN,head,84,na,1
9/15/2020,oak_island,4,2,SYMLAT,flower,1,na,19
9/15/2020,oak_island,4,2,HELGRO,flower,1,1,12
9/15/2020,oak_island,4,2,TRIPRA,head,24,na,2
9/15/2020,oak_island,4,3,HELGRO,flower,1,1,1
9/15/2020,oak_island,4,4,HELGRO,flower,1,2,10
9/15/2020,oak_island,4,5,SOLRIG,head,32,1,2
9/15/2020,oak_island,4,6,HELGRO,flower,1,2,11
9/15/2020,oak_island,4,6,SOLRIG,head,32,1,1
9/15/2020,oak_island,4,6,SOLCAN,head,84,na,1
9/15/2020,oak_island,4,7,HELGRO,head,1,1,1
9/15/2020,oak_island,4,7,SYMLAT,flower,1,na,11
9/15/2020,oak_island,4,8,SOLRIG,head,32,3,4
9/15/2020,oak_island,4,9,SOLRIG,head,32,1,2
9/15/2020,oak_island,4,10,none,na,0,0,0
9/15/2020,east_heinkel,8,1,EUTGRA,head,17,na,5
9/15/2020,east_heinkel,8,1,SYMPIL,flower,1,1,1
9/15/2020,east_heinkel,8,1,SYMLAV,flower,1,1,1
9/15/2020,east_heinkel,8,2,EUTGRA,head,19,na,4
9/15/2020,east_heinkel,8,2,SOLCAN,flower,1,1,3
9/15/2020,east_heinkel,8,3,SOLCAN,head,17,na,9
9/15/2020,east_heinkel,8,3,SOLCAN,head,19,na,5
9/15/2020,east_heinkel,8,4,SOLCAN,head,19,na,2
9/15/2020,east_heinkel,8,5,SOLCAN,head,19,na,5
9/15/2020,east_heinkel,8,6,SOLCAN,head,19,na,4
9/15/2020,east_heinkel,8,6,SOLRIG,head,26,1,4
9/15/2020,east_heinkel,8,7,SOLRIG,head,26,1,2
9/15/2020,east_heinkel,8,8,EUTGRA,head,17,na,5
9/15/2020,east_heinkel,8,8,SOLCAN,head,19,na,10
9/15/2020,east_heinkel,8,8,SYMLAT,head,1,na,22
9/15/2020,east_heinkel,8,9,TRIPRA,head,11,na,1
9/15/2020,east_heinkel,8,9,SOLCAN,head,19,na,8
9/15/2020,east_heinkel,8,9,SYMLAV,flower,1,1,1
9/15/2020,east_heinkel,8,10,SOLCAN,head,19,na,6
9/15/2020,east_heinkel,8,10,SYMPIL,flower,1,1,3
9/15/2020,leopold_knob,4,1,CIRDIS,flower,1,1,1
9/15/2020,leopold_knob,4,2,EUTGYM,head,9,na,18
9/15/2020,leopold_knob,4,2,SOLCAN,head,16,na,5
9/15/2020,leopold_knob,4,3,SOLSPE,head,29,na,1
9/15/2020,leopold_knob,4,4,SOLSPE,head,29,na,4
9/15/2020,leopold_knob,4,5,none,na,0,0,0
9/15/2020,leopold_knob,4,6,none,na,0,0,0
9/15/2020,leopold_knob,4,7,none,na,0,0,0
9/15/2020,leopold_knob,4,8,EUTGYM,head,9,na,25
9/15/2020,leopold_knob,4,9,EUTGYM,head,9,na,16
9/15/2020,leopold_knob,4,10,EUTGYM,head,9,na,10
9/15/2020,gobbler_ridge,8,1,SYMLAV,flower,1,2,5
9/15/2020,gobbler_ridge,8,2,SYMLAV,flower,1,4,18
9/15/2020,gobbler_ridge,8,2,SYMPIL,flower,1,1,3
9/15/2020,gobbler_ridge,8,3,SYMLAV,flower,1,1,1
9/15/2020,gobbler_ridge,8,3,HELGRO,flower,1,1,1
9/15/2020,gobbler_ridge,8,4,none,na,0,0,0
9/15/2020,gobbler_ridge,8,5,SOLRIG,head,20,3,7
9/15/2020,gobbler_ridge,8,5,SOLCAN,head,28,na,8
9/15/2020,gobbler_ridge,8,6,SYMLAV,flower,1,4,5
9/15/2020,gobbler_ridge,8,7,SYMLAV,flower,1,3,12
9/15/2020,gobbler_ridge,8,7,SYMPIL,flower,1,1,3
9/15/2020,gobbler_ridge,8,8,SYMLAV,flower,1,1,2
9/15/2020,gobbler_ridge,8,9,SYMLAV,flower,1,1,4
9/15/2020,gobbler_ridge,8,10,EUTGRA,head,5,na,12
9/15/2020,gobbler_ridge,8,10,SYMLAV,flower,1,2,15
9/15/2020,clear_creek_south,9,1,none,na,0,0,0
9/15/2020,clear_creek_south,9,2,SOLRIG,head,13,1,1
9/15/2020,clear_creek_south,9,3,SOLNEM,head,18,na,3
9/15/2020,clear_creek_south,9,4,SOLNEM,head,18,na,2
9/15/2020,clear_creek_south,9,5,SOLRIG,head,13,1,2
9/15/2020,clear_creek_south,9,5,SOLSPE,head,6,na,1
9/15/2020,clear_creek_south,9,6,SOLNEM,head,18,na,1
9/15/2020,clear_creek_south,9,6,SOLSPE,head,6,na,2
9/15/2020,clear_creek_south,9,7,none,na,0,0,0
9/15/2020,clear_creek_south,9,8,SOLRIG,head,13,1,1
9/15/2020,clear_creek_south,9,9,none,na,0,0,0
9/15/2020,clear_creek_south,9,10,none,na,0,0,0
9/16/2020,kittentail_knob,3,1,SOLNEM,head,66,na,3
9/16/2020,kittentail_knob,3,2,HELGRO,flower,1,1,1
9/16/2020,kittentail_knob,3,2,SOLRIG,head,12,1,2
9/16/2020,kittentail_knob,3,3,SOLRIG,head,12,1,1
9/16/2020,kittentail_knob,3,4,SOLRIG,head,12,1,1
9/16/2020,kittentail_knob,3,4,SOLNEM,head,66,na,2
9/16/2020,kittentail_knob,3,5,SOLNEM,head,66,na,9
9/16/2020,kittentail_knob,3,5,SOLRIG,head,12,1,1
9/16/2020,kittentail_knob,3,6,SOLNEM,head,66,na,2
9/16/2020,kittentail_knob,3,6,SOLRIG,head,12,1,1
9/16/2020,kittentail_knob,3,7,SOLRIG,head,12,2,4
9/16/2020,kittentail_knob,3,8,SOLRIG,head,12,1,4
9/16/2020,kittentail_knob,3,9,SOLRIG,head,12,2,3
9/16/2020,kittentail_knob,3,10,SOLRIG,head,12,2,6
9/16/2020,big_jump_center,5,1,SOLRIG,head,15,1,2
9/16/2020,big_jump_center,5,1,SOLCAN,head,30,na,3
9/16/2020,big_jump_center,5,2,SOLCAN,head,30,na,4
9/16/2020,big_jump_center,5,2,EUTGRA,head,13,na,4
9/16/2020,big_jump_center,5,3,none,na,0,0,0
9/16/2020,big_jump_center,5,4,SYMPIL,flower,1,1,1
9/16/2020,big_jump_center,5,4,SOLNEM,head,65,na,5
9/16/2020,big_jump_center,5,5,SOLSPE,head,14,na,1
9/16/2020,big_jump_center,5,6,none,na,0,0,0
9/16/2020,big_jump_center,5,7,none,na,0,0,0
9/16/2020,big_jump_center,5,8,none,na,0,0,0
9/16/2020,big_jump_center,5,9,SOLCAN,head,30,na,10
9/16/2020,big_jump_center,5,10,SYMLAT,flower,1,na,9
9/16/2020,big_jump_center,5,10,SOLCAN,head,30,na,7
9/17/2020,no_name_knob,5,1,SOLSPE,head,56,na,13
9/17/2020,no_name_knob,5,2,none,na,0,0,0
9/17/2020,no_name_knob,5,3,none,na,0,0,0
9/17/2020,no_name_knob,5,4,none,na,0,0,0
9/17/2020,no_name_knob,5,5,SOLRIG,head,37,1,5
9/17/2020,no_name_knob,5,5,SOLCAN,head,17,na,9
9/17/2020,no_name_knob,5,6,SOLRIG,head,37,2,9
9/17/2020,no_name_knob,5,7,SOLSPE,head,56,na,8
9/17/2020,no_name_knob,5,7,SYMPIL,flower,1,1,6
9/17/2020,no_name_knob,5,8,SOLCAN,head,17,na,19
9/17/2020,no_name_knob,5,9,SYMPIL,flower,1,2,21
9/17/2020,no_name_knob,5,9,SOLCAN,head,17,na,4
9/17/2020,no_name_knob,5,10,HELGRO,flower,1,2,63
9/17/2020,seven_knobs,4,1,SOLCAN,head,98,na,10
9/17/2020,seven_knobs,4,1,SYMLAT,flower,1,na,28
9/17/2020,seven_knobs,4,1,TRIPRA,head,6,na,1
9/17/2020,seven_knobs,4,2,none,na,0,0,0
9/17/2020,seven_knobs,4,3,none,na,0,0,0
9/17/2020,seven_knobs,4,4,EUTGYM,head,6,na,6
9/17/2020,seven_knobs,4,5,none,na,0,0,0
9/17/2020,seven_knobs,4,6,none,na,0,0,0
9/17/2020,seven_knobs,4,7,SYMLAV,flower,1,1,1
9/17/2020,seven_knobs,4,8,none,na,0,0,0
9/17/2020,seven_knobs,4,9,SOLSPE,head,17,na,3
9/17/2020,seven_knobs,4,9,SOLRIG,head,15,1,1
9/17/2020,seven_knobs,4,10,SYMLAV,flower,1,1,6
9/17/2020,seven_knobs,4,10,SOLCAN,head,98,na,3
9/17/2020,sanders_unit,7,1,SYMLAV,flower,1,2,12
9/17/2020,sanders_unit,7,1,SYMPIL,flower,1,1,9
9/17/2020,sanders_unit,7,1,SYMLAT,flower,1,na,53
9/17/2020,sanders_unit,7,2,SYMPIL,flower,1,1,3
9/17/2020,sanders_unit,7,2,SOLCAN,head,19,na,2
9/17/2020,sanders_unit,7,3,SYMPIL,flower,1,1,7
9/17/2020,sanders_unit,7,4,SOLCAN,head,19,na,1
9/17/2020,sanders_unit,7,5,SYMLAT,flower,1,na,144
9/17/2020,sanders_unit,7,5,HELGRO,flower,1,1,5
9/17/2020,sanders_unit,7,6,SOLCAN,head,19,na,5
9/17/2020,sanders_unit,7,6,SYMPIL,flower,1,1,28
9/17/2020,sanders_unit,7,6,SYMLAT,flower,1,na,21
9/17/2020,sanders_unit,7,7,SYMLAV,flower,1,1,22
9/17/2020,sanders_unit,7,7,SYMLAT,flower,1,na,25
9/17/2020,sanders_unit,7,7,SOLCAN,head,19,na,4
9/17/2020,sanders_unit,7,8,SYMLAV,flower,1,1,17
9/17/2020,sanders_unit,7,9,SOLNEM,head,168,na,2
9/17/2020,sanders_unit,7,9,SYMLAV,flower,1,1,11
9/17/2020,sanders_unit,7,10,SYMPIL,flower,1,1,3
9/18/2020,holland_prairie_east,10,1,none,na,0,0,0
9/18/2020,holland_prairie_east,10,2,HELAUT,flower,1,1,38
9/18/2020,holland_prairie_east,10,2,TRIHYB,head,8,na,1
9/18/2020,holland_prairie_east,10,3,HELGRO,flower,1,1,17
9/18/2020,holland_prairie_east,10,4,HELGRO,flower,1,1,7
9/18/2020,holland_prairie_east,10,5,SYMPIL,flower,1,1,4
9/18/2020,holland_prairie_east,10,5,HELAUT,flower,1,2,19
9/18/2020,holland_prairie_east,10,5,TRIHYB,head,8,na,2
9/18/2020,holland_prairie_east,10,6,HELGRO,flower,1,1,31
9/18/2020,holland_prairie_east,10,7,HELGRO,flower,1,1,27
9/18/2020,holland_prairie_east,10,8,TRIPRA,head,15,na,1
9/18/2020,holland_prairie_east,10,8,SYMLAT,flower,1,na,31
9/18/2020,holland_prairie_east,10,8,SYMLAV,flower,1,1,1
9/18/2020,holland_prairie_east,10,9,TRIPRA,head,15,na,5
9/18/2020,holland_prairie_east,10,9,SYMPIL,flower,1,2,18
9/18/2020,holland_prairie_east,10,10,SOLRIG,head,21,2,5
9/18/2020,holland_prairie_east,10,10,SOLCAN,head,60,na,4
9/18/2020,holland_prairie_east,10,10,SYMNOV,flower,1,1,16
9/18/2020,holland_prairie_east,10,10,SYMPIL,flower,1,2,20
9/18/2020,holland_prairie_east,10,10,SYMLAV,flower,1,1,4
9/18/2020,prairie_potholes,5,1,SOLSPE,head,21,na,9
9/18/2020,prairie_potholes,5,2,SOLNEM,head,65,na,10
9/18/2020,prairie_potholes,5,3,EUTGYM,head,12,na,8
9/18/2020,prairie_potholes,5,3,SOLNEM,head,65,na,2
9/18/2020,prairie_potholes,5,3,SOLSPE,head,21,na,2
9/18/2020,prairie_potholes,5,4,SYMPIL,flower,1,2,3
9/18/2020,prairie_potholes,5,4,SOLNEM,head,65,na,6
9/18/2020,prairie_potholes,5,5,none,na,0,0,0
9/18/2020,prairie_potholes,5,6,HELGRO,flower,1,1,31
9/18/2020,prairie_potholes,5,6,SYMPIL,flower,1,1,1
9/18/2020,prairie_potholes,5,7,none,na,0,0,0
9/18/2020,prairie_potholes,5,8,none,na,0,0,0
9/18/2020,prairie_potholes,5,9,none,na,0,0,0
9/18/2020,prairie_potholes,5,10,HELGRO,flower,1,2,13
9/22/2020,isabells_knob,5,1,EUTGYM,head,9,na,3
9/22/2020,isabells_knob,5,2,SYMERI,flower,1,2,6
9/22/2020,isabells_knob,5,2,EUTGYM,head,9,na,26
9/22/2020,isabells_knob,5,3,EUTGYM,head,9,na,21
9/22/2020,isabells_knob,5,4,HELGRO,flower,1,1,3
9/22/2020,isabells_knob,5,5,SOLRIG,head,51,1,1
9/22/2020,isabells_knob,5,6,EUTGYM,head,9,na,1
9/22/2020,isabells_knob,5,6,SOLRIG,head,51,2,2
9/22/2020,isabells_knob,5,7,EUTGYM,head,9,na,1
9/22/2020,isabells_knob,5,8,SOLNEM,head,9,na,4
9/22/2020,isabells_knob,5,9,SOLNEM,head,18,na,2
9/22/2020,isabells_knob,5,9,SOLSPE,head,29,na,2
9/22/2020,isabells_knob,5,10,EUTGYM,head,9,na,2
9/22/2020,coneflower_trash_knob,5,1,SOLRIG,head,12,1,1
9/22/2020,coneflower_trash_knob,5,2,none,na,0,0,0
9/22/2020,coneflower_trash_knob,5,3,SOLNEM,head,45,na,2
9/22/2020,coneflower_trash_knob,5,4,SOLNEM,head,45,na,8
9/22/2020,coneflower_trash_knob,5,5,none,na,0,0,0
9/22/2020,coneflower_trash_knob,5,6,EUTGYM,head,7,na,7
9/22/2020,coneflower_trash_knob,5,7,SOLNEM,head,45,na,4
9/22/2020,coneflower_trash_knob,5,7,EUTGYM,head,7,na,4
9/22/2020,coneflower_trash_knob,5,8,SOLNEM,head,45,na,1
9/22/2020,coneflower_trash_knob,5,8,EUTGYM,head,7,na,3
9/22/2020,coneflower_trash_knob,5,9,SOLNEM,head,7,na,5
9/22/2020,coneflower_trash_knob,5,10,EUTGYM,head,7,na,1
9/22/2020,thelma_carpenter,5,1,SOLRIG,head,23,1,3
9/22/2020,thelma_carpenter,5,1,SYMOOL,flower,1,3,14
9/22/2020,thelma_carpenter,5,1,EUTGYM,head,6,na,1
9/22/2020,thelma_carpenter,5,2,SOLCAN,head,21,na,21
9/22/2020,thelma_carpenter,5,2,SYMPIL,flower,1,1,12
9/22/2020,thelma_carpenter,5,2,EUTGYM,head,6,na,2
9/22/2020,thelma_carpenter,5,3,SYMPIL,flower,1,3,26
9/22/2020,thelma_carpenter,5,3,HELGRO,flower,1,2,8
9/22/2020,thelma_carpenter,5,3,SOLCAN,head,21,na,2
9/22/2020,thelma_carpenter,5,4,HELGRO,flower,1,1,19
9/22/2020,thelma_carpenter,5,4,SYMPIL,flower,1,2,28
9/22/2020,thelma_carpenter,5,5,SOLCAN,head,21,na,20
9/22/2020,thelma_carpenter,5,6,none,na,0,0,0
9/22/2020,thelma_carpenter,5,7,SYMPIL,flower,1,1,9
9/22/2020,thelma_carpenter,5,8,SYMOOL,flower,1,1,2
9/22/2020,thelma_carpenter,5,9,SYMOOL,flower,1,2,3
9/22/2020,thelma_carpenter,5,9,SOLNEM,head,26,na,1
9/22/2020,thelma_carpenter,5,10,none,na,0,0,0
9/23/2020,isabells_knob,6,1,EUTGYM,head,10,na,6
9/23/2020,isabells_knob,6,2,EUTGYM,head,10,na,17
9/23/2020,isabells_knob,6,3,EUTGYM,head,10,na,11
9/23/2020,isabells_knob,6,4,none,na,0,0,0
9/23/2020,isabells_knob,6,5,EUTGYM,head,10,na,5
9/23/2020,isabells_knob,6,5,SYMERI,flower,1,1,7
9/23/2020,isabells_knob,6,6,EUTGYM,head,10,na,2
9/23/2020,isabells_knob,6,6,SOLRIG,head,10,1,3
9/23/2020,isabells_knob,6,7,EUTGYM,head,10,na,4
9/23/2020,isabells_knob,6,8,none,na,0,0,0
9/23/2020,isabells_knob,6,9,EUTGYM,head,10,na,3
9/23/2020,isabells_knob,6,9,SOLRIG,head,10,1,1
9/23/2020,isabells_knob,6,10,EUTGYM,head,10,na,8
9/23/2020,leopold_knob,5,1,none,na,0,0,0
9/23/2020,leopold_knob,5,2,none,na,0,0,0
9/23/2020,leopold_knob,5,3,SOLNEM,head,19,na,3
9/23/2020,leopold_knob,5,4,SOLSPE,head,10,na,2
9/23/2020,leopold_knob,5,4,EUTGYM,head,8,na,3
9/23/2020,leopold_knob,5,5,EUTGYM,head,8,na,4
9/23/2020,leopold_knob,5,6,EUTGYM,head,8,na,7
9/23/2020,leopold_knob,5,7,EUTGYM,head,8,na,17
9/23/2020,leopold_knob,5,8,EUTGYM,head,8,na,2
9/23/2020,leopold_knob,5,9,none,na,0,0,0
9/23/2020,leopold_knob,5,10,EUTGYM,head,8,na,1
9/23/2020,holland_prairie_west,10,1,SYMLAV,flower,1,5,19
9/23/2020,holland_prairie_west,10,1,EUTGYM,head,5,na,2
9/23/2020,holland_prairie_west,10,1,SYMPIL,flower,1,1,3
9/23/2020,holland_prairie_west,10,2,SYMOOL,flower,1,4,26
9/23/2020,holland_prairie_west,10,2,SYMLAV,flower,1,1,1
9/23/2020,holland_prairie_west,10,3,SOLCAN,head,21,na,4
9/23/2020,holland_prairie_west,10,3,EUTGYM,head,5,na,1
9/23/2020,holland_prairie_west,10,3,SYMLAV,flower,1,3,21
9/23/2020,holland_prairie_west,10,3,SOLRIG,head,8,1,2
9/23/2020,holland_prairie_west,10,3,SYMOOL,flower,1,1,12
9/23/2020,holland_prairie_west,10,4,SYMLAV,flower,1,2,5
9/23/2020,holland_prairie_west,10,5,SYMLAV,flower,1,3,8
9/23/2020,holland_prairie_west,10,5,SYMOOL,flower,1,3,6
9/23/2020,holland_prairie_west,10,6,SYMSER,flower,1,1,1
9/23/2020,holland_prairie_west,10,6,SYMOOL,flower,1,2,5
9/23/2020,holland_prairie_west,10,6,SYMLAV,flower,1,2,4
9/23/2020,holland_prairie_west,10,7,SOLNEM,head,10,na,5
9/23/2020,holland_prairie_west,10,7,SYMOOL,flower,1,1,1
9/23/2020,holland_prairie_west,10,8,SYMPIL,flower,1,1,20
9/23/2020,holland_prairie_west,10,8,SYMLAV,flower,1,3,18
9/23/2020,holland_prairie_west,10,8,SYMOOL,flower,1,1,3
9/23/2020,holland_prairie_west,10,8,SYMSER,flower,1,2,7
9/23/2020,holland_prairie_west,10,8,EUTGYM,head,5,na,2
9/23/2020,holland_prairie_west,10,9,SOLNEM,head,10,na,1
9/23/2020,holland_prairie_west,10,9,SYMPIL,flower,1,1,4
9/23/2020,holland_prairie_west,10,10,SYMOBL,flower,1,4,9
9/23/2020,holland_prairie_west,10,10,SYMLAV,flower,1,2,2
9/23/2020,holland_prairie_west,10,10,SYMSER,flower,1,1,2
9/25/2020,clear_creek_knolls,8,1,SYMLAV,flower,1,2,4
9/25/2020,clear_creek_knolls,8,1,SOLRIG,head,7,2,3
9/25/2020,clear_creek_knolls,8,1,SOLNEM,head,18,na,4
9/25/2020,clear_creek_knolls,8,1,SYMPIL,flower,1,1,2
9/25/2020,clear_creek_knolls,8,2,SYMERI,flower,1,2,5
9/25/2020,clear_creek_knolls,8,2,SYMOOL,flower,1,1,2
9/25/2020,clear_creek_knolls,8,2,SYMLAV,flower,1,1,1
9/25/2020,clear_creek_knolls,8,2,SOLNEM,head,18,na,7
9/25/2020,clear_creek_knolls,8,3,SOLRIG,head,7,1,3
9/25/2020,clear_creek_knolls,8,3,SYMLAV,flower,1,3,7
9/25/2020,clear_creek_knolls,8,3,SOLNEM,head,18,na,3
9/25/2020,clear_creek_knolls,8,4,SOLNEM,head,18,na,7
9/25/2020,clear_creek_knolls,8,4,SYMLAV,flower,1,1,1
9/25/2020,clear_creek_knolls,8,5,SYMLAV,flower,1,3,5
9/25/2020,clear_creek_knolls,8,5,SOLRIG,head,7,1,4
9/25/2020,clear_creek_knolls,8,5,SOLNEM,head,18,na,13
9/25/2020,clear_creek_knolls,8,6,EUTGYM,head,11,na,3
9/25/2020,clear_creek_knolls,8,6,SYMPIL,flower,1,1,3
9/25/2020,clear_creek_knolls,8,7,SOLCAN,head,15,na,5
9/25/2020,clear_creek_knolls,8,8,SOLCAN,head,15,na,3
9/25/2020,clear_creek_knolls,8,8,SOLNEM,head,18,na,3
9/25/2020,clear_creek_knolls,8,8,SYMLAV,flower,1,1,1
9/25/2020,clear_creek_knolls,8,9,SOLSPE,head,11,na,6
9/25/2020,clear_creek_knolls,8,10,SYMOOL,flower,1,2,9
9/25/2020,clear_creek_knolls,8,10,SOLCAN,head,15,na,3
9/25/2020,clear_creek_knolls,8,10,SOLNEM,head,18,na,1
9/25/2020,kittentail_knob,4,1,SOLRIG,head,18,1,1
9/25/2020,kittentail_knob,4,2,SOLNEM,head,60,na,3
9/25/2020,kittentail_knob,4,3,SOLSPE,head,12,na,2
9/25/2020,kittentail_knob,4,4,none,na,0,0,0
9/25/2020,kittentail_knob,4,5,SOLNEM,head,60,na,1
9/25/2020,kittentail_knob,4,6,SOLNEM,head,60,na,1
9/25/2020,kittentail_knob,4,6,SOLRIG,head,18,1,1
9/25/2020,kittentail_knob,4,7,none,na,0,0,0
9/25/2020,kittentail_knob,4,8,SOLRIG,head,18,na,1
9/25/2020,kittentail_knob,4,9,SYMOOL,flower,1,2,16
9/25/2020,kittentail_knob,4,10,none,na,0,0,0
9/27/2020,sanders_unit,8,1,SOLCAN,head,13,na,6
9/27/2020,sanders_unit,8,2,HELAUT,flower,1,1,17
9/27/2020,sanders_unit,8,3,SYMLAV,flower,1,2,2
9/27/2020,sanders_unit,8,3,SOLNEM,head,32,na,1
9/27/2020,sanders_unit,8,4,SYMLAV,flower,1,2,8
9/27/2020,sanders_unit,8,4,SOLNEM,head,32,na,2
9/27/2020,sanders_unit,8,5,SYMLAV,flower,1,3,6
9/27/2020,sanders_unit,8,6,SYMPIL,flower,1,1,13
9/27/2020,sanders_unit,8,6,SYMLAV,flower,1,1,11
9/27/2020,sanders_unit,8,7,SYMLAV,flower,1,1,2
9/27/2020,sanders_unit,8,7,CHAFAS,flower,1,1,1
9/27/2020,sanders_unit,8,8,none,na,0,0,0
9/27/2020,sanders_unit,8,9,none,na,0,0,0
9/27/2020,sanders_unit,8,10,SOLSPE,head,16,na,1
9/27/2020,sanders_unit,8,10,SYMLAV,flower,1,2,8
9/27/2020,doug_dot_unit,7,1,none,na,0,0,0
9/27/2020,doug_dot_unit,7,2,SOLCAN,head,14,na,3
9/27/2020,doug_dot_unit,7,3,SOLCAN,head,14,na,6
9/27/2020,doug_dot_unit,7,4,none,na,0,0,0
9/27/2020,doug_dot_unit,7,5,none,na,0,0,0
9/27/2020,doug_dot_unit,7,6,SYMLAV,flower,1,1,2
9/27/2020,doug_dot_unit,7,7,SYMLAV,flower,1,1,1
9/27/2020,doug_dot_unit,7,8,SYMPIL,flower,1,2,30
9/27/2020,doug_dot_unit,7,8,SYMLAV,flower,1,1,1
9/27/2020,doug_dot_unit,7,9,SYMPIL,flower,1,1,1
9/27/2020,doug_dot_unit,7,10,none,na,0,0,0
9/27/2020,sengers,8,1,SYMLAV,flower,1,3,21
9/27/2020,sengers,8,1,SOLRIG,head,5,1,1
9/27/2020,sengers,8,2,SYMLAV,flower,1,2,27
9/27/2020,sengers,8,2,SYMOOL,flower,1,1,14
9/27/2020,sengers,8,3,SOLSPE,head,8,na,3
9/27/2020,sengers,8,3,SYMLAV,flower,1,3,20
9/27/2020,sengers,8,4,SYMLAV,flower,1,2,14
9/27/2020,sengers,8,5,SYMLAV,flower,36,3,33
9/27/2020,sengers,8,6,SOLNEM,head,1,na,1
9/27/2020,sengers,8,6,SYMLAV,flower,12,2,5
9/27/2020,sengers,8,6,SOLCAN,head,1,na,2
9/27/2020,sengers,8,6,SYMSER,flower,1,1,1
9/27/2020,sengers,8,7,SYMLAV,flower,4,2,17
9/27/2020,sengers,8,7,EUTGYM,head,12,na,1
9/27/2020,sengers,8,7,SOLCAN,head,12,na,1
9/27/2020,sengers,8,8,SOLCAN,head,1,na,2
9/27/2020,sengers,8,8,SYMLAV,flower,1,2,18
9/27/2020,sengers,8,8,CHAFAS,flower,1,2,2
9/27/2020,sengers,8,9,SYMLAV,flower,1,2,14
9/27/2020,sengers,8,9,CHAFAS,flower,1,5,5
9/27/2020,sengers,8,10,CHAFAS,flower,1,3,9
9/27/2020,sengers,8,10,SYMLAV,flower,1,2,8
9/28/2020,rolling_thunder,8,1,SOLCAN,head,11,na,3
9/28/2020,rolling_thunder,8,2,SOLCAN,head,11,na,1
9/28/2020,rolling_thunder,8,3,SYMLAT,flower,1,1,4
9/28/2020,rolling_thunder,8,4,SYMLAN,flower,1,1,3
9/28/2020,rolling_thunder,8,4,SOLCAN,head,11,na,2
9/28/2020,rolling_thunder,8,5,SYMLAN,flower,1,1,4
9/28/2020,rolling_thunder,8,5,SOLCAN,head,11,na,2
9/28/2020,rolling_thunder,8,6,SYMLAN,flower,1,1,4
9/28/2020,rolling_thunder,8,7,SYMLAN,flower,1,1,18
9/28/2020,rolling_thunder,8,8,none,na,0,0,0
9/28/2020,rolling_thunder,8,9,SYMPIL,flower,1,1,10
9/28/2020,rolling_thunder,8,10,SOLCAN,head,11,na,6
9/28/2020,rolling_thunder,8,10,SYMLAN,flower,1,1,6
9/29/2020,east_hienkel,9,1,none,na,0,0,0
9/29/2020,east_hienkel,9,2,SOLRIG,head,23,1,2
9/29/2020,east_hienkel,9,3,SOLCAN,head,13,na,4
9/29/2020,east_hienkel,9,4,EUTGYM,head,5,na,4
9/29/2020,east_hienkel,9,4,SOLRIG,head,23,1,1
9/29/2020,east_hienkel,9,4,SOLCAN,head,13,na,1
9/29/2020,east_hienkel,9,5,none,na,0,0,0
9/29/2020,east_hienkel,9,6,SOLRIG,head,23,2,4
9/29/2020,east_hienkel,9,6,SYMLAT,flower,1,2,7
9/29/2020,east_hienkel,9,7,SOLNEM,head,8,na,2
9/29/2020,east_hienkel,9,7,SYMSER,flower,1,1,2
9/29/2020,east_hienkel,9,7,SYMERI,flower,1,1,1
9/29/2020,east_hienkel,9,8,EUTGYM,head,5,na,6
9/29/2020,east_hienkel,9,8,SOLRIG,head,23,1,1
9/29/2020,east_hienkel,9,9,SOLRIG,head,23,na,4
9/29/2020,east_hienkel,9,10,SOLNEM,head,8,na,1
9/29/2020,no_name_knob,6,1,SOLCAN,head,13,na,3
9/29/2020,no_name_knob,6,2,SOLCAN,head,13,na,16
9/29/2020,no_name_knob,6,3,none,na,0,0,0
9/29/2020,no_name_knob,6,4,SOLCAN,head,13,na,12
9/29/2020,no_name_knob,6,4,SYMNOV,flower,1,1,4
9/29/2020,no_name_knob,6,4,SYMLAN,flower,1,1,12
9/29/2020,no_name_knob,6,5,HELGRO,flower,1,1,1
9/29/2020,no_name_knob,6,6,SOLRIG,head,13,1,1
9/29/2020,no_name_knob,6,7,EUTGYM,head,6,na,16
9/29/2020,no_name_knob,6,8,SYMLAN,flower,1,2,13
9/29/2020,no_name_knob,6,9,SOLCAN,head,13,na,8
9/29/2020,no_name_knob,6,10,HELGRO,flower,1,1,16